Customer_ID,Gender,Age,Education,Employment_Status,Marital_Status,Dependents,Annual_Income,Credit_Score,Existing_Loans,Loan_ID,Loan_Type,Loan_Amount,Loan_Term_Months,Interest_Rate,Monthly_Installment,Debt_to_Income_Ratio,Employment_Years,Previous_Defaults,Credit_History,Property_Ownership,Region,Loan_Status,Default_Status
CUST000001,Female,36,Graduate,Salaried,Divorced,3,55694.0,660.0,3,LN000001,Home,560601.0,48,12.37,14864.82,31.06,8.8,2,Good,Owned,West,Rejected,Non-Default
CUST000002,Female,26,High School,Salaried,Married,0,32571.0,772.0,1,LN000002,Education,77093.0,36,15.25,2681.9,20.44,3.8,1,Excellent,Owned,South,Approved,Non-Default
CUST000003,Male,43,,Salaried,Married,2,39536.0,681.0,0,LN000003,Personal,389329.0,60,15.2,9303.03,33.99,9.0,1,Good,Owned,South,Approved,Default
CUST000004,Male,40,Graduate,Salaried,Married,0,142435.0,705.0,0,LN000004,Home,119901.0,36,14.5,4127.11,5.23,9.4,0,Excellent,Owned,South,Approved,Non-Default
CUST000005,Female,54,Graduate,Salaried,Single,0,57942.0,694.0,0,LN000005,Auto,115543.0,48,13.39,3122.14,22.86,13.8,0,Good,Owned,North,Approved,Non-Default
CUST000006,Male,43,Postgraduate,Self-employed,Single,2,46448.0,628.0,0,LN000006,Auto,469980.0,60,14.66,11097.09,33.86,11.4,0,Fair,Owned,West,Approved,Non-Default
CUST000007,Male,32,Graduate,Salaried,Married,3,68092.0,829.0,1,LN000007,Business,408150.0,60,14.87,9682.03,30.31,6.0,0,Excellent,Mortgage,South,Approved,Non-Default
CUST000008,Female,24,High School,Self-employed,Married,2,82944.0,646.0,1,LN000008,Home,67435.0,36,14.6,2324.47,27.82,9.1,0,Fair,Owned,East,Approved,Non-Default
CUST000009,Male,46,High School,Self-employed,Married,1,39986.0,674.0,1,LN000009,Education,131505.0,36,14.6,4532.95,18.86,13.9,3,Good,Owned,West,Approved,Non-Default
CUST000010,Male,37,High School,Salaried,Married,2,46069.0,707.0,2,LN000010,Home,193920.0,60,15.24,4637.81,27.13,0.3,0,Excellent,Owned,East,Approved,Non-Default
CUST000011,Male,39,Graduate,Salaried,Married,2,46192.0,742.0,0,LN000011,Auto,294539.0,36,14.49,10136.88,13.62,10.9,0,Excellent,Rented,North,Rejected,Non-Default
CUST000012,Male,34,Graduate,Salaried,Single,0,20791.0,657.0,1,LN000012,Home,296213.0,36,14.96,10262.52,63.73,8.3,0,Good,Owned,West,Approved,Non-Default
CUST000013,Male,21,High School,Self-employed,Divorced,1,27246.0,701.0,1,LN000013,Auto,356231.0,72,15.1,7551.87,30.83,1.8,0,Excellent,Rented,East,Approved,Non-Default
CUST000014,Male,49,High School,Salaried,Married,2,57122.0,656.0,0,LN000014,Personal,211478.0,24,19.62,10724.13,29.91,9.7,0,Good,Rented,North,Approved,Non-Default
CUST000015,Female,45,Graduate,Salaried,Married,1,27746.0,697.0,1,LN000015,Personal,441606.0,60,16.3,10809.52,51.48,10.3,0,Good,Rented,North,Approved,Non-Default
CUST000016,Female,42,High School,Self-employed,Married,2,45224.0,725.0,0,LN000016,Personal,269190.0,36,14.72,9294.69,45.47,8.4,0,Excellent,Rented,North,Approved,Non-Default
CUST000017,Male,47,Postgraduate,Salaried,Divorced,1,47059.0,767.0,1,LN000017,Personal,173201.0,72,14.02,3570.79,20.56,17.9,0,Excellent,Mortgage,North,Approved,Default
CUST000018,Male,28,Graduate,Salaried,Married,3,35624.0,730.0,0,LN000018,Auto,74828.0,72,14.31,1554.33,5.0,1.5,0,Excellent,Mortgage,East,Approved,Default
CUST000019,Male,60,Graduate,Salaried,Single,2,26898.0,774.0,3,LN000019,Education,273998.0,24,15.38,13334.77,69.05,21.4,0,Excellent,Owned,North,Approved,Non-Default
CUST000020,Male,37,Postgraduate,Salaried,Married,0,58466.0,772.0,3,LN000020,Personal,36426.0,60,14.25,852.3,10.57,9.5,0,Excellent,Rented,West,Approved,Non-Default
CUST000021,Male,44,Postgraduate,Salaried,Married,1,38208.0,687.0,1,LN000021,Home,429592.0,36,14.67,14822.62,33.01,11.5,0,Good,Owned,North,Rejected,Default
CUST000022,Male,47,Graduate,Salaried,Married,2,54700.0,717.0,2,LN000022,Business,33087.0,12,12.89,2953.53,8.26,11.4,0,Excellent,Owned,East,Approved,Non-Default
CUST000023,Male,21,Postgraduate,Self-employed,Married,1,160298.0,715.0,2,LN000023,Personal,125789.0,36,16.03,4424.23,7.19,13.2,0,Excellent,Rented,East,Approved,Non-Default
CUST000024,Female,57,Graduate,Salaried,Single,1,55469.0,632.0,3,LN000024,Auto,151688.0,48,16.49,4337.04,11.79,8.0,1,Fair,Mortgage,North,Rejected,Non-Default
CUST000025,Female,41,High School,Unemployed,Divorced,0,28325.0,580.0,0,LN000025,Education,396982.0,24,18.36,19888.09,75.0,0.0,0,Fair,Mortgage,South,Approved,Default
CUST000026,Female,23,Postgraduate,Self-employed,Single,1,29946.0,718.0,1,LN000026,Personal,287059.0,60,17.93,7278.49,28.68,9.5,0,Excellent,Owned,South,Approved,Non-Default
CUST000027,Male,36,Graduate,Self-employed,Single,2,71696.0,626.0,1,LN000027,Education,165753.0,12,14.48,14919.95,26.73,1.1,0,Fair,Owned,West,Approved,Non-Default
CUST000028,Male,67,Graduate,Self-employed,Divorced,0,90369.0,611.0,0,LN000028,Auto,167675.0,24,16.18,8224.32,28.95,13.2,0,Fair,Rented,North,Approved,Non-Default
CUST000029,Male,38,Graduate,Salaried,Single,0,104250.0,705.0,1,LN000029,Home,310665.0,60,11.23,6790.3,11.85,7.1,1,Excellent,Rented,East,Approved,Default
CUST000030,Female,26,Graduate,Self-employed,Single,1,80071.0,744.0,1,LN000030,Personal,162340.0,60,14.48,3817.89,26.54,3.9,1,Excellent,Owned,South,Approved,Non-Default
CUST000031,Male,38,High School,Salaried,Married,1,33878.0,722.0,1,LN000031,Auto,90026.0,24,15.18,4372.76,22.27,11.1,0,Excellent,Rented,East,Approved,Non-Default
CUST000032,Male,44,Graduate,Self-employed,Single,1,101380.0,728.0,2,LN000032,Business,292793.0,36,15.16,10172.72,18.77,3.0,0,Excellent,Owned,West,Rejected,Non-Default
CUST000033,Male,34,High School,Self-employed,Married,1,30574.0,754.0,1,LN000033,Home,148256.0,36,12.06,4928.47,28.2,6.6,1,Excellent,Mortgage,West,Approved,Non-Default
CUST000034,Female,34,High School,Salaried,Single,2,70992.0,643.0,0,LN000034,Home,246056.0,36,16.13,8666.4,27.91,0.0,0,Fair,Owned,East,Approved,Non-Default
CUST000035,Female,52,Graduate,Salaried,Single,2,36982.0,671.0,1,LN000035,Personal,223974.0,36,15.99,7873.16,41.95,0.0,2,Good,Mortgage,South,Approved,Default
CUST000036,Male,48,Graduate,Unemployed,Married,2,104323.0,754.0,1,LN000036,Business,219281.0,60,13.14,5005.05,5.0,13.9,0,Excellent,Owned,East,Approved,Default
CUST000037,Female,40,High School,Self-employed,Married,2,87326.0,708.0,0,LN000037,Personal,212803.0,12,17.1,19418.75,42.69,8.8,0,Excellent,Owned,North,Approved,Default
CUST000038,Female,39,High School,Salaried,Single,2,40669.0,612.0,1,LN000038,Auto,316568.0,24,15.73,15459.35,54.21,11.9,0,Fair,Mortgage,North,Approved,Non-Default
CUST000039,Male,41,Postgraduate,Self-employed,Married,2,24591.0,630.0,2,LN000039,Personal,260970.0,12,16.1,23690.38,75.0,7.9,0,Fair,Owned,North,Approved,Default
CUST000040,Female,36,Graduate,Self-employed,Married,1,31398.0,746.0,1,LN000040,Personal,681959.0,24,14.79,32997.9,75.0,7.8,0,Excellent,Rented,South,Approved,Default
CUST000041,Female,40,High School,Salaried,Divorced,1,29163.0,700.0,1,LN000041,Business,68199.0,60,17.92,1728.84,15.99,16.4,0,Excellent,Rented,South,Approved,Non-Default
CUST000042,Female,41,High School,Self-employed,Married,2,23065.0,746.0,1,LN000042,Home,514645.0,36,12.32,17172.34,75.0,10.3,2,Excellent,Rented,North,Approved,Non-Default
CUST000043,Male,55,Postgraduate,Unemployed,Single,2,80513.0,831.0,2,LN000043,Auto,46206.0,12,11.0,4083.76,14.81,4.7,0,Excellent,Owned,West,Approved,Non-Default
CUST000044,Female,28,Postgraduate,Unemployed,Single,1,54142.0,670.0,0,LN000044,Home,209018.0,24,14.36,10071.14,22.18,7.9,0,Good,Rented,South,Approved,Non-Default
CUST000045,Female,49,Graduate,Self-employed,Single,3,59376.0,602.0,1,LN000045,Personal,320018.0,24,15.88,15650.73,37.99,0.0,1,Fair,Rented,North,Approved,Default
CUST000046,Male,57,High School,Salaried,Married,3,35670.0,718.0,1,LN000046,Business,96486.0,48,15.27,2698.5,19.75,19.1,0,Excellent,Rented,West,Approved,Non-Default
CUST000047,Female,31,Graduate,Salaried,Married,2,21234.0,651.0,2,LN000047,Auto,238679.0,24,13.88,11446.14,75.0,12.2,0,Good,Mortgage,South,Approved,Default
CUST000048,Male,42,Graduate,Self-employed,Married,1,69694.0,667.0,1,LN000048,Personal,203268.0,48,18.88,6064.87,18.61,8.0,0,Good,Mortgage,South,Approved,Default
CUST000049,Male,43,Postgraduate,Salaried,Married,2,38556.0,850.0,2,LN000049,Home,85838.0,60,13.55,1977.33,17.02,11.5,0,Excellent,Owned,North,Approved,Non-Default
CUST000050,Female,38,High School,Salaried,Married,0,53640.0,725.0,3,LN000050,Personal,179786.0,60,16.74,4443.05,21.78,11.7,1,Excellent,Owned,East,Approved,Non-Default
CUST000051,Female,35,Postgraduate,Salaried,Single,2,79850.0,658.0,3,LN000051,Personal,115526.0,36,16.99,4118.24,24.8,6.9,1,Good,Owned,South,Approved,Non-Default
CUST000052,Female,30,High School,Salaried,Married,1,46253.0,759.0,0,LN000052,Home,206059.0,36,12.97,6939.96,22.73,12.2,0,Excellent,Owned,East,Approved,Non-Default
CUST000053,Male,21,Postgraduate,Salaried,Single,0,73636.0,692.0,1,LN000053,Personal,95965.0,48,16.71,2754.7,23.99,19.7,1,Good,Owned,South,Approved,Non-Default
CUST000054,Female,46,Graduate,Salaried,Married,0,62251.0,750.0,0,LN000054,Auto,298044.0,60,14.3,6981.4,19.15,15.4,2,Excellent,Mortgage,South,Approved,Non-Default
CUST000055,Male,21,Graduate,Salaried,Single,2,36760.0,649.0,2,LN000055,Personal,269023.0,36,17.62,9674.62,34.65,0.0,0,Fair,Mortgage,West,Approved,Non-Default
CUST000056,Male,45,High School,Unemployed,Married,1,53264.0,727.0,0,LN000056,Personal,76025.0,36,15.91,2669.44,5.18,10.6,0,Excellent,Owned,South,Approved,Non-Default
CUST000057,Male,49,High School,Salaried,Married,2,29503.0,757.0,2,LN000057,Business,70027.0,48,14.07,1916.05,13.12,0.0,0,Excellent,Mortgage,South,Approved,Non-Default
CUST000058,Female,30,High School,Self-employed,Single,1,156878.0,710.0,2,LN000058,Home,117796.0,12,14.39,10598.19,5.0,7.9,0,Excellent,Mortgage,North,Approved,Non-Default
CUST000059,Female,46,High School,Self-employed,Single,2,43928.0,701.0,3,LN000059,Home,76775.0,36,14.76,2652.42,22.28,4.9,0,Excellent,Owned,West,Approved,Non-Default
CUST000060,Female,47,Graduate,Salaried,Divorced,1,111993.0,784.0,0,LN000060,Education,185735.0,60,13.43,4267.04,18.85,7.4,1,Excellent,Owned,West,Approved,Non-Default
CUST000061,Male,47,High School,Salaried,Divorced,2,39056.0,700.0,1,LN000061,Home,225290.0,60,15.83,5458.29,23.29,8.6,0,Excellent,Rented,North,Approved,Non-Default
CUST000062,Female,36,High School,Self-employed,Single,3,51197.0,668.0,2,LN000062,Personal,549963.0,12,15.99,49896.01,75.0,0.0,0,Good,Owned,South,Rejected,Default
CUST000063,Male,44,Graduate,Salaried,Married,0,80715.0,643.0,1,LN000063,Personal,120522.0,60,15.41,2893.21,7.87,7.1,0,Fair,Owned,West,Approved,Non-Default
CUST000064,Female,42,High School,Salaried,Married,0,57255.0,612.0,0,LN000064,Business,252682.0,72,17.5,5691.93,16.17,0.0,0,Fair,Mortgage,East,Approved,Non-Default
CUST000065,Female,32,High School,Salaried,Single,1,94431.0,684.0,0,LN000065,Home,151158.0,36,14.58,5208.91,5.0,0.0,0,Good,Mortgage,East,Approved,Default
CUST000066,Female,35,High School,Self-employed,Married,2,77264.0,734.0,1,LN000066,Home,108778.0,60,11.91,2414.76,8.56,12.0,0,Excellent,Mortgage,South,Approved,Non-Default
CUST000067,Male,46,Graduate,Salaried,Single,0,58035.0,719.0,3,LN000067,Home,192661.0,24,15.97,9430.52,30.52,9.9,0,Excellent,Owned,North,Approved,Non-Default
CUST000068,Female,35,Graduate,Salaried,Divorced,0,71406.0,609.0,0,LN000068,Personal,255127.0,36,14.73,8810.37,30.08,6.5,2,Fair,Mortgage,West,Approved,Default
CUST000069,Female,45,Graduate,Self-employed,Married,1,46554.0,616.0,3,LN000069,Auto,196888.0,36,16.45,6965.82,33.6,0.6,0,Fair,Owned,North,Approved,Non-Default
CUST000070,Male,41,High School,Self-employed,Married,2,33756.0,624.0,0,LN000070,Education,174324.0,48,16.1,4949.32,46.21,9.8,0,Fair,Owned,West,Approved,Default
CUST000071,Female,38,Graduate,Self-employed,Divorced,3,39253.0,670.0,0,LN000071,Home,90998.0,36,13.98,3109.21,5.0,8.2,0,Good,Mortgage,South,Approved,Non-Default
CUST000072,Male,41,High School,Salaried,Married,0,53389.0,708.0,1,LN000072,Personal,134809.0,12,15.27,12184.81,37.67,11.6,1,Excellent,Owned,North,Rejected,Default
CUST000073,Female,43,Graduate,Salaried,Single,1,39405.0,665.0,0,LN000073,Auto,75282.0,36,14.31,2584.31,14.41,6.4,0,Good,Owned,West,Approved,Non-Default
CUST000074,Male,41,Graduate,Salaried,Single,3,156487.0,770.0,0,LN000074,Auto,291476.0,36,14.27,10000.22,11.75,17.2,1,Excellent,Owned,West,Approved,Non-Default
CUST000075,Male,42,High School,Salaried,Single,1,71851.0,758.0,1,LN000075,Auto,259375.0,48,11.58,6776.97,17.17,10.3,0,Excellent,Mortgage,South,Approved,Non-Default
CUST000076,Male,47,Graduate,Self-employed,Married,2,46240.0,722.0,0,LN000076,Home,152583.0,60,14.21,3566.97,20.39,12.6,0,Excellent,Mortgage,South,Approved,Non-Default
CUST000077,Female,38,Postgraduate,Self-employed,Single,2,112770.0,665.0,1,LN000077,Auto,201262.0,72,14.74,4227.32,12.12,8.3,0,Good,Owned,West,Approved,Non-Default
CUST000078,Male,42,High School,Unemployed,Divorced,1,44890.0,684.0,1,LN000078,Home,517260.0,12,14.74,46623.58,75.0,6.7,2,Good,Owned,East,Approved,Default
CUST000079,Male,38,Graduate,Salaried,Married,2,69402.0,700.0,0,LN000079,Home,199414.0,12,15.24,18021.36,23.81,2.3,0,Excellent,Owned,South,Approved,Non-Default
CUST000080,Male,44,Postgraduate,Self-employed,Married,0,22093.0,660.0,1,LN000080,Auto,183460.0,24,16.31,9009.97,51.81,15.0,0,Good,Mortgage,West,Approved,Non-Default
CUST000081,Male,39,Graduate,Self-employed,Single,0,32513.0,662.0,3,LN000081,Home,656049.0,60,14.29,15363.93,71.6,9.7,0,Good,Rented,East,Approved,Default
CUST000082,Female,47,Postgraduate,Self-employed,Married,0,31275.0,721.0,2,LN000082,Home,404843.0,48,11.78,10617.39,38.76,5.6,2,Excellent,Owned,East,Approved,Non-Default
CUST000083,Male,51,Graduate,Salaried,Single,0,67842.0,713.0,2,LN000083,Business,198617.0,48,17.4,5772.29,5.0,2.1,2,Excellent,Rented,West,Approved,Non-Default
CUST000084,Female,26,Graduate,Salaried,Married,0,30129.0,726.0,0,LN000084,Home,205040.0,60,14.95,4872.51,14.05,9.8,0,Excellent,Owned,East,Approved,Non-Default
CUST000085,Male,54,High School,Salaried,Married,2,37716.0,705.0,0,LN000085,Personal,245671.0,24,15.8,12005.35,44.23,17.3,1,Excellent,Rented,South,Approved,Default
CUST000086,Female,52,High School,Unemployed,Married,1,28495.0,708.0,3,LN000086,Personal,76840.0,60,15.31,1840.55,17.79,18.9,1,Excellent,Owned,West,Rejected,Default
CUST000087,Female,32,Graduate,Self-employed,Married,1,45074.0,657.0,0,LN000087,Home,227772.0,24,17.1,11272.51,50.02,14.1,0,Good,Rented,East,Approved,Non-Default
CUST000088,Male,64,Graduate,Self-employed,Divorced,1,51794.0,687.0,2,LN000088,Personal,284085.0,60,16.37,6964.37,21.72,22.1,0,Good,Owned,North,Approved,Non-Default
CUST000089,Male,42,Graduate,Self-employed,Divorced,0,37086.0,803.0,3,LN000089,Personal,156351.0,60,16.91,3878.16,20.4,11.2,0,Excellent,Rented,North,Approved,Non-Default
CUST000090,Male,45,Graduate,Self-employed,Divorced,0,37127.0,681.0,0,LN000090,Auto,114216.0,12,15.67,10345.09,44.4,7.5,0,Good,Owned,West,Approved,Non-Default
CUST000091,Female,57,Graduate,Self-employed,Single,0,63619.0,636.0,1,LN000091,Auto,181470.0,36,15.42,6328.11,22.7,14.1,0,Fair,Rented,North,Approved,Non-Default
CUST000092,Female,34,High School,Salaried,Married,3,46780.0,598.0,0,LN000092,Home,227571.0,60,14.72,5380.51,8.36,12.9,1,Fair,Mortgage,South,Approved,Non-Default
CUST000093,Female,29,Postgraduate,Salaried,Married,0,77753.0,702.0,3,LN000093,Personal,339367.0,36,15.8,11897.65,26.66,4.1,0,Excellent,Rented,North,Approved,Non-Default
CUST000094,Male,37,Graduate,Salaried,Single,0,18000.0,726.0,2,LN000094,Personal,243030.0,48,14.15,6659.45,50.28,5.5,0,Excellent,Rented,East,Approved,Non-Default
CUST000095,Male,42,Graduate,Self-employed,Married,2,131870.0,680.0,0,LN000095,Personal,251831.0,60,15.97,6120.03,19.86,9.9,1,Good,Owned,North,Approved,Non-Default
CUST000096,Female,44,Graduate,Salaried,Divorced,0,32357.0,762.0,1,LN000096,Auto,97472.0,24,14.36,4696.51,16.19,5.0,2,Excellent,Owned,North,Approved,Default
CUST000097,Female,47,High School,Salaried,Married,0,44264.0,807.0,0,LN000097,Home,85657.0,48,11.96,2254.0,13.34,9.0,0,Excellent,Rented,West,Approved,Non-Default
CUST000098,Male,57,Postgraduate,Salaried,Single,3,25336.0,747.0,1,LN000098,Personal,99049.0,36,15.52,3458.84,25.79,10.3,0,Excellent,Owned,East,Approved,Non-Default
CUST000099,Female,32,High School,Salaried,Single,0,69090.0,671.0,2,LN000099,Auto,171373.0,36,15.77,6005.52,23.91,5.1,0,Good,Owned,North,Approved,Non-Default
CUST000100,Male,28,Graduate,Salaried,Married,1,54907.0,571.0,0,LN000100,Personal,66977.0,48,18.65,1990.27,17.28,0.0,1,Fair,Rented,South,Approved,Default
CUST000101,Male,43,Graduate,Salaried,Single,1,51607.0,715.0,0,LN000101,Business,152159.0,36,17.43,5457.5,28.48,4.5,3,Excellent,Rented,South,Approved,Non-Default
CUST000102,Female,40,Graduate,Self-employed,Divorced,0,112024.0,707.0,0,LN000102,Personal,101826.0,24,17.86,5076.69,19.65,5.8,1,Excellent,Owned,North,Approved,Non-Default
CUST000103,Male,39,Postgraduate,Self-employed,Married,2,48321.0,680.0,0,LN000103,Auto,162783.0,36,14.34,5590.46,22.93,13.6,0,Good,Rented,West,Approved,Non-Default
CUST000104,Female,26,Graduate,Self-employed,Married,0,106419.0,615.0,1,LN000104,Business,170346.0,48,14.04,4658.37,7.02,9.9,0,Fair,Rented,West,Approved,Non-Default
CUST000105,Female,47,Graduate,Salaried,Single,0,40035.0,756.0,0,LN000105,Personal,217009.0,48,15.84,6132.33,27.26,4.9,0,Excellent,Rented,South,Approved,Non-Default
CUST000106,Male,47,High School,Self-employed,Divorced,1,32580.0,615.0,2,LN000106,Auto,171092.0,12,16.54,15567.08,72.59,0.4,0,Fair,Rented,South,Rejected,Non-Default
CUST000107,Male,37,Graduate,Salaried,Single,1,21409.0,643.0,0,LN000107,Business,388939.0,24,17.59,19340.47,75.0,10.9,0,Fair,Mortgage,West,Approved,Non-Default
CUST000108,Female,67,High School,Unemployed,Married,2,81728.0,705.0,0,LN000108,Business,70769.0,60,13.71,1636.05,6.75,0.0,0,Excellent,Owned,East,Approved,Non-Default
CUST000109,Female,28,High School,Self-employed,Married,1,79025.0,625.0,0,LN000109,Personal,171575.0,36,16.1,6040.54,8.49,8.5,1,Fair,Rented,East,Approved,Default
CUST000110,Female,50,High School,Salaried,Divorced,1,43270.0,726.0,2,LN000110,Education,508982.0,48,14.41,14013.59,53.74,12.5,2,Excellent,Owned,West,Approved,Default
CUST000111,Female,34,Graduate,Salaried,Married,2,54074.0,712.0,0,LN000111,Education,121422.0,48,14.27,3334.5,29.51,10.3,2,Excellent,Rented,West,Approved,Non-Default
CUST000112,Male,31,High School,Unemployed,Married,0,43152.0,628.0,1,LN000112,Personal,96163.0,48,17.18,2783.75,16.33,8.7,0,Fair,Rented,South,Approved,Non-Default
CUST000113,Male,28,High School,Self-employed,Single,0,39792.0,685.0,0,LN000113,Home,236518.0,24,13.2,11266.73,30.68,2.9,0,Good,Owned,South,Rejected,Default
CUST000114,Male,50,Graduate,Salaried,Single,3,24957.0,686.0,2,LN000114,Home,333380.0,48,15.73,9402.05,52.95,7.3,0,Good,Rented,East,Approved,Non-Default
CUST000115,Male,34,Graduate,Salaried,Married,1,32492.0,757.0,1,LN000115,Auto,184328.0,60,12.94,4188.37,22.96,13.9,0,Excellent,Rented,East,Approved,Default
CUST000116,Female,35,Postgraduate,Self-employed,Divorced,1,25538.0,562.0,0,LN000116,Home,127244.0,36,15.14,4419.68,33.91,4.4,0,Fair,Rented,West,Approved,Default
CUST000117,Female,36,High School,Self-employed,Divorced,0,78336.0,733.0,2,LN000117,Auto,148565.0,72,12.64,2954.16,15.46,16.8,0,Excellent,Rented,West,Approved,Non-Default
CUST000118,Male,44,Graduate,Self-employed,Married,0,35918.0,818.0,3,LN000118,Personal,277385.0,12,14.11,24919.96,75.0,6.7,0,Excellent,Rented,East,Approved,Non-Default
CUST000119,Female,52,High School,Salaried,Single,1,45780.0,727.0,2,LN000119,Business,534540.0,36,14.67,18443.74,43.4,9.1,0,Excellent,Mortgage,South,Approved,Non-Default
CUST000120,Male,44,Graduate,Salaried,Single,3,40071.0,534.0,2,LN000120,Business,32018.0,72,17.53,721.78,11.94,5.8,1,Poor,Mortgage,North,Approved,Default
CUST000121,Female,53,Graduate,Salaried,Married,0,72288.0,637.0,0,LN000121,Auto,231245.0,36,16.12,8143.59,7.03,13.5,0,Fair,Mortgage,North,Approved,Non-Default
CUST000122,Male,54,Graduate,Salaried,Married,0,118671.0,,3,LN000122,Home,243473.0,72,14.87,5131.07,16.46,15.1,0,Excellent,Mortgage,North,Approved,Default
CUST000123,Male,36,Graduate,Salaried,Married,1,67313.0,729.0,1,LN000123,Home,196090.0,24,14.4,9451.94,32.3,0.0,0,Excellent,Rented,East,Approved,Non-Default
CUST000124,Male,44,High School,Self-employed,Single,3,89031.0,,0,LN000124,Personal,130608.0,36,15.48,4558.33,5.0,1.7,0,Excellent,Rented,West,Approved,Non-Default
CUST000125,Female,49,Graduate,Salaried,Single,1,77771.0,813.0,2,LN000125,Personal,481193.0,48,15.08,13411.48,29.28,3.4,1,Excellent,Rented,South,Approved,Non-Default
CUST000126,Female,48,Graduate,Self-employed,Single,2,42996.0,695.0,1,LN000126,Personal,96641.0,12,16.64,8797.62,42.93,11.7,0,Good,Owned,East,Approved,Non-Default
CUST000127,Male,42,High School,Self-employed,Single,1,92812.0,724.0,0,LN000127,Home,203051.0,12,14.14,18244.74,23.62,0.0,0,Excellent,Owned,North,Approved,Non-Default
CUST000128,Female,56,Graduate,Salaried,Married,0,43915.0,716.0,1,LN000128,Education,138115.0,24,13.57,6603.28,28.96,14.8,0,Excellent,Mortgage,West,Approved,Non-Default
CUST000129,Female,38,High School,Salaried,Married,2,38834.0,850.0,1,LN000129,Business,226464.0,12,12.62,20186.8,72.38,11.6,0,Excellent,Owned,East,Approved,Non-Default
CUST000130,Female,39,Graduate,Salaried,Married,2,54847.0,699.0,1,LN000130,Personal,245798.0,24,15.56,11983.42,41.57,1.9,0,Good,Owned,East,Approved,Default
CUST000131,Female,44,High School,Self-employed,Married,0,95956.0,703.0,1,LN000131,Personal,120081.0,48,15.9,3396.98,16.2,0.0,0,Excellent,Owned,East,Approved,Non-Default
CUST000132,Male,39,High School,Self-employed,Single,2,30028.0,733.0,1,LN000132,Auto,101144.0,24,13.16,4816.17,21.54,1.3,0,Excellent,Rented,East,Approved,Non-Default
CUST000133,Male,31,High School,Self-employed,Married,0,40342.0,736.0,1,LN000133,Auto,110276.0,48,14.18,3023.42,19.48,2.9,0,Excellent,Mortgage,North,Approved,Non-Default
CUST000134,Female,52,High School,Salaried,Single,2,65663.0,615.0,1,LN000134,Education,235799.0,60,15.13,5625.75,23.36,13.5,0,Fair,Owned,West,Approved,Non-Default
CUST000135,Male,41,High School,Salaried,Single,1,40871.0,831.0,0,LN000135,Auto,103418.0,36,11.8,3425.09,19.81,5.6,0,Excellent,Mortgage,East,Approved,Non-Default
CUST000136,Female,51,Graduate,Unemployed,Single,3,42010.0,721.0,0,LN000136,Home,478099.0,36,14.16,16377.47,54.84,13.3,0,Excellent,Mortgage,East,Approved,Non-Default
CUST000137,Female,53,Graduate,Salaried,Single,1,57515.0,609.0,1,LN000137,Personal,341276.0,48,16.77,9806.97,36.9,3.0,2,Fair,Rented,East,Approved,Non-Default
CUST000138,Male,29,High School,Salaried,Married,0,50544.0,718.0,3,LN000138,Personal,161135.0,36,15.38,5615.83,28.34,7.3,1,Excellent,Mortgage,West,Approved,Non-Default
CUST000139,Female,47,Graduate,Salaried,Single,1,27370.0,672.0,2,LN000139,Auto,214007.0,72,15.96,4637.49,20.02,0.0,1,Good,Rented,North,Rejected,Non-Default
CUST000140,Male,36,Graduate,Salaried,Single,0,49165.0,693.0,0,LN000140,Home,571126.0,60,13.36,13100.37,38.01,12.0,2,Good,Owned,South,Approved,Non-Default
CUST000141,Male,44,High School,Salaried,Married,2,99532.0,578.0,0,LN000141,Auto,700830.0,36,14.27,24044.72,35.18,12.7,0,Fair,Owned,West,Approved,Default
CUST000142,Male,47,High School,Salaried,Married,3,51557.0,691.0,0,LN000142,Auto,103261.0,36,13.19,3488.73,16.8,14.3,1,Good,Mortgage,North,Approved,Non-Default
CUST000143,Female,34,Graduate,Self-employed,Single,1,65918.0,762.0,0,LN000143,Home,85880.0,36,13.4,2910.21,13.85,7.9,0,Excellent,Rented,North,Approved,Non-Default
CUST000144,Female,32,Graduate,Self-employed,Single,0,46277.0,720.0,2,LN000144,Home,419181.0,60,13.87,9725.38,30.87,3.4,0,Excellent,Rented,East,Approved,Non-Default
CUST000145,Female,41,Postgraduate,Self-employed,Married,2,72770.0,725.0,0,LN000145,Personal,438904.0,12,13.49,39302.68,68.99,6.1,3,Excellent,Owned,South,Approved,Default
CUST000146,Male,38,Graduate,Unemployed,Married,1,27290.0,538.0,1,LN000146,Personal,387530.0,12,18.62,35643.19,75.0,2.1,0,Poor,Owned,East,Approved,Default
CUST000147,Male,36,Graduate,Self-employed,Single,1,51398.0,704.0,0,LN000147,Personal,220952.0,24,16.36,10856.54,37.41,10.0,1,Excellent,Rented,South,Approved,Non-Default
CUST000148,Male,45,Graduate,Salaried,Married,1,71702.0,728.0,2,LN000148,Education,149242.0,60,14.98,3548.89,11.18,6.5,0,Excellent,Owned,North,Approved,Non-Default
CUST000149,Female,40,Graduate,Salaried,Single,0,71232.0,616.0,1,LN000149,Business,300563.0,36,15.49,10491.38,37.2,5.7,0,Fair,Rented,West,Approved,Default
CUST000150,Male,46,Graduate,Self-employed,Married,1,30010.0,704.0,0,LN000150,Personal,336098.0,72,15.44,7187.35,46.96,8.6,0,Excellent,Mortgage,East,Approved,Non-Default
CUST000151,Male,48,High School,Self-employed,Divorced,2,47607.0,656.0,1,LN000151,Auto,239337.0,24,16.58,11785.12,40.76,9.5,0,Good,Rented,North,Approved,Non-Default
CUST000152,Female,34,High School,Self-employed,Single,0,35379.0,624.0,0,LN000152,Home,54243.0,36,16.2,1912.38,16.08,7.6,0,Fair,Owned,East,Approved,Non-Default
CUST000153,Female,36,Graduate,Salaried,Married,0,28159.0,622.0,1,LN000153,Personal,232167.0,60,14.9,5511.06,35.39,0.4,0,Fair,Owned,East,Approved,Non-Default
CUST000154,Female,44,Graduate,Salaried,Divorced,2,44507.0,632.0,0,LN000154,Home,22023.0,48,15.14,614.48,6.96,8.6,0,Fair,Owned,West,Approved,Non-Default
CUST000155,Male,44,Graduate,Salaried,Single,0,45781.0,850.0,1,LN000155,Home,260478.0,60,11.23,5693.35,7.79,4.1,0,Excellent,Owned,North,Approved,Non-Default
CUST000156,Female,43,Graduate,Salaried,Married,3,58044.0,682.0,0,LN000156,Home,303725.0,60,14.13,7087.64,20.53,1.9,0,Good,Owned,South,Approved,Non-Default
CUST000157,Female,56,Postgraduate,Salaried,Married,3,36783.0,726.0,0,LN000157,Education,185976.0,60,14.79,4403.88,26.16,4.0,0,Excellent,Rented,East,Approved,Non-Default
CUST000158,Male,56,Graduate,Unemployed,Single,2,116762.0,706.0,3,LN000158,Auto,71749.0,36,13.83,2446.29,12.06,4.5,2,Excellent,Owned,East,Approved,Default
CUST000159,Female,25,High School,Salaried,Married,0,40182.0,723.0,1,LN000159,Personal,207581.0,12,16.32,18865.45,65.18,11.4,1,Excellent,Owned,South,Approved,Non-Default
CUST000160,Male,42,Postgraduate,Self-employed,Married,2,138118.0,647.0,1,LN000160,Home,52737.0,48,16.03,1495.39,5.09,16.3,0,Fair,Owned,North,Approved,Non-Default
CUST000161,Male,39,Graduate,Self-employed,Single,0,41789.0,751.0,0,LN000161,Personal,328121.0,36,16.12,11555.21,55.44,6.6,0,Excellent,Mortgage,West,Approved,Non-Default
CUST000162,Male,31,Graduate,Salaried,Married,2,24857.0,656.0,0,LN000162,Business,75473.0,24,17.05,3733.37,37.88,11.5,0,Good,Owned,South,Approved,Non-Default
CUST000163,Female,25,Graduate,Salaried,Single,0,81871.0,625.0,3,LN000163,Business,783086.0,24,16.31,38458.42,58.74,19.2,0,Fair,Rented,West,Approved,Default
CUST000164,Female,21,High School,Unemployed,Married,1,52815.0,725.0,0,LN000164,Home,301145.0,12,14.74,27143.91,69.95,14.7,0,Excellent,Owned,North,Approved,Non-Default
CUST000165,Female,38,Graduate,Salaried,Divorced,1,34245.0,712.0,0,LN000165,Home,113913.0,60,15.93,2765.91,21.33,10.1,1,Excellent,Rented,East,Approved,Default
CUST000166,Male,36,High School,Self-employed,Single,1,142335.0,655.0,1,LN000166,Personal,137508.0,36,18.27,4989.89,19.34,9.3,0,Good,Rented,South,Approved,Non-Default
CUST000167,Male,43,Graduate,Self-employed,Divorced,0,49635.0,675.0,1,LN000167,Business,607722.0,48,16.3,17316.53,55.16,4.4,0,Good,Owned,East,Approved,Non-Default
CUST000168,Male,38,High School,Salaried,Married,0,41576.0,574.0,3,LN000168,Education,180248.0,12,14.24,16204.31,68.0,3.5,0,Fair,Mortgage,North,Approved,Default
CUST000169,Male,48,High School,Salaried,Married,1,32646.0,573.0,0,LN000169,Business,172823.0,24,15.59,8428.13,38.21,19.6,0,Fair,Mortgage,East,Approved,Default
CUST000170,Male,52,High School,Self-employed,Married,0,26074.0,762.0,0,LN000170,Home,116661.0,24,12.24,5504.72,40.22,11.6,0,Excellent,Owned,West,Approved,Non-Default
CUST000171,Male,34,Postgraduate,Salaried,Married,1,62078.0,757.0,2,LN000171,Home,190081.0,36,14.97,6586.43,15.25,1.5,1,Excellent,Rented,West,Approved,Non-Default
CUST000172,Female,35,Graduate,Salaried,Married,0,33973.0,796.0,0,LN000172,Home,277269.0,24,12.56,13124.64,61.5,0.3,0,Excellent,Mortgage,West,Approved,Default
CUST000173,Male,53,High School,Salaried,Married,1,23762.0,675.0,1,LN000173,Home,355688.0,36,14.2,12191.15,75.0,9.4,2,Good,Mortgage,South,Approved,Default
CUST000174,Female,32,Graduate,Salaried,Married,1,68495.0,641.0,1,LN000174,Personal,92751.0,72,16.99,2062.83,14.28,6.2,0,Fair,Mortgage,West,Approved,Non-Default
CUST000175,Female,57,Graduate,Self-employed,Divorced,1,100278.0,678.0,2,LN000175,Business,68895.0,12,15.1,6221.6,19.42,0.0,0,Good,Owned,South,Rejected,Non-Default
CUST000176,Female,61,Postgraduate,Salaried,Divorced,0,24199.0,723.0,0,LN000176,Home,216333.0,36,13.58,7349.7,37.7,8.4,1,Excellent,Rented,West,Approved,Non-Default
CUST000177,Female,37,High School,Salaried,Married,2,50085.0,718.0,1,LN000177,Personal,96303.0,60,14.42,2261.83,17.56,18.4,0,Excellent,Mortgage,West,Approved,Non-Default
CUST000178,Female,41,Graduate,Salaried,Married,3,66671.0,733.0,1,LN000178,Personal,334845.0,36,17.17,11966.49,38.41,1.4,0,Excellent,Owned,South,Approved,Default
CUST000179,Male,44,Graduate,Self-employed,Married,2,43250.0,690.0,0,LN000179,Home,153502.0,36,12.63,5144.78,34.33,0.0,0,Good,Rented,South,Approved,Non-Default
CUST000180,Male,28,Graduate,Salaried,Married,1,58677.0,733.0,0,LN000180,Personal,134443.0,12,17.71,12307.19,38.49,0.0,0,Excellent,Rented,South,Approved,Default
CUST000181,Female,61,Graduate,Self-employed,Married,1,55185.0,699.0,1,LN000181,Personal,110510.0,36,15.93,3881.39,16.97,11.0,0,Good,Rented,East,Approved,Non-Default
CUST000182,Female,21,Graduate,Self-employed,Divorced,1,113939.0,721.0,0,LN000182,Home,72001.0,12,14.38,6477.64,22.62,15.3,0,Excellent,Owned,East,Approved,Non-Default
CUST000183,Female,40,Graduate,Salaried,Married,3,44968.0,789.0,1,LN000183,Personal,164519.0,60,17.22,4108.21,16.95,9.9,0,Excellent,Owned,East,Rejected,Non-Default
CUST000184,Female,37,High School,Salaried,Single,0,71761.0,762.0,2,LN000184,Home,267989.0,48,13.38,7240.12,20.9,4.5,0,Excellent,Owned,North,Rejected,Non-Default
CUST000185,Female,60,Postgraduate,Salaried,Single,0,74334.0,544.0,0,LN000185,Personal,252858.0,72,18.15,5788.59,19.37,0.0,0,Poor,Rented,West,Approved,Non-Default
CUST000186,Female,41,High School,Salaried,Single,2,30711.0,709.0,0,LN000186,Education,58559.0,72,13.99,1206.34,16.26,5.7,0,Excellent,Rented,East,Approved,Non-Default
CUST000187,Male,26,High School,Salaried,Married,0,31940.0,659.0,0,LN000187,Auto,106240.0,36,15.98,3734.03,20.46,15.4,0,Good,Rented,East,Approved,Non-Default
CUST000188,Female,46,Postgraduate,Salaried,Married,2,71179.0,711.0,1,LN000188,Business,215952.0,24,15.81,10554.09,34.15,6.0,1,Excellent,Rented,West,Approved,Non-Default
CUST000189,Male,43,High School,Salaried,Divorced,1,76317.0,614.0,2,LN000189,Education,381201.0,48,15.74,10752.65,12.83,10.4,0,Fair,Mortgage,North,Approved,Non-Default
CUST000190,Male,53,Graduate,Salaried,Married,1,40489.0,748.0,2,LN000190,Personal,161287.0,36,14.18,5526.52,18.92,8.1,1,Excellent,Rented,West,Approved,Non-Default
CUST000191,Male,23,Graduate,Self-employed,Single,1,23596.0,727.0,0,LN000191,Home,394582.0,36,14.32,13547.29,75.0,11.0,0,Excellent,Mortgage,West,Approved,Default
CUST000192,Male,50,Graduate,Unemployed,Married,1,110196.0,695.0,1,LN000192,Home,66402.0,24,17.34,3293.92,5.0,17.8,1,Good,Mortgage,North,Approved,Non-Default
CUST000193,Male,51,Graduate,Unemployed,Single,0,48353.0,649.0,1,LN000193,Home,243920.0,48,14.2,6689.97,15.0,9.0,0,Fair,Mortgage,East,Approved,Non-Default
CUST000194,Male,34,Graduate,Salaried,Married,1,44366.0,772.0,1,LN000194,Home,312450.0,60,14.35,7326.98,43.94,0.0,0,Excellent,Owned,East,Approved,Non-Default
CUST000195,Male,31,Graduate,Salaried,Married,3,23027.0,793.0,1,LN000195,Home,99860.0,36,12.48,3339.72,31.12,15.7,1,Excellent,Mortgage,South,Approved,Default
CUST000196,Female,34,Graduate,Salaried,Married,0,52805.0,600.0,1,LN000196,Personal,113019.0,24,19.52,5725.73,29.19,10.2,0,Fair,Owned,North,Approved,Non-Default
CUST000197,Female,51,Graduate,Salaried,Married,2,53858.0,616.0,0,LN000197,Personal,393621.0,36,16.6,13955.43,41.41,9.6,0,Fair,Rented,East,Approved,Non-Default
CUST000198,Male,48,Postgraduate,Salaried,Single,2,43996.0,657.0,1,LN000198,Business,90537.0,36,16.13,3188.83,13.67,19.8,0,Good,Rented,West,Approved,Non-Default
CUST000199,Female,35,Graduate,Unemployed,Single,1,58363.0,673.0,0,LN000199,Education,591000.0,12,15.57,53501.75,75.0,12.8,0,Good,Rented,East,Approved,Default
CUST000200,Male,49,High School,Salaried,Married,0,66876.0,740.0,0,LN000200,Personal,220142.0,48,14.54,6075.51,22.33,16.5,0,Excellent,Mortgage,East,Approved,Non-Default
CUST000201,Female,53,High School,Self-employed,Divorced,2,43134.0,603.0,0,LN000201,Personal,435295.0,12,17.49,39802.27,75.0,13.1,0,Fair,Owned,North,Approved,Default
CUST000202,Female,37,Graduate,Self-employed,Married,0,96305.0,717.0,0,LN000202,Education,172369.0,36,16.7,6119.72,17.2,2.0,1,Excellent,Mortgage,North,Approved,Non-Default
CUST000203,Female,52,Postgraduate,Self-employed,Single,2,46207.0,574.0,0,LN000203,Auto,277641.0,36,16.25,9795.34,36.55,15.1,0,Fair,Owned,South,Approved,Non-Default
CUST000204,Female,36,High School,Salaried,Married,0,65333.0,680.0,2,LN000204,Home,210816.0,24,12.65,9987.95,23.35,10.8,0,Good,Rented,North,Approved,Non-Default
CUST000205,Female,37,Graduate,Salaried,Married,1,76932.0,704.0,2,LN000205,Education,426699.0,12,15.29,38571.55,65.77,18.5,0,Excellent,Mortgage,West,Approved,Non-Default
CUST000206,Female,39,Postgraduate,Self-employed,Married,3,40438.0,694.0,0,LN000206,Auto,226595.0,36,12.86,7619.61,20.78,3.4,0,Good,Owned,West,Approved,Non-Default
CUST000207,Female,43,High School,Self-employed,Divorced,0,51056.0,761.0,1,LN000207,Education,114176.0,48,11.32,2968.71,16.22,4.8,0,Excellent,Owned,East,Approved,Non-Default
CUST000208,Female,21,Postgraduate,Salaried,Married,1,30572.0,740.0,0,LN000208,Personal,292703.0,60,13.27,6700.42,28.39,6.4,0,Excellent,Rented,North,Rejected,Non-Default
CUST000209,Female,29,Postgraduate,Salaried,Divorced,2,65537.0,726.0,0,LN000209,Home,62532.0,24,16.27,3069.83,22.02,7.9,2,Excellent,Rented,South,Approved,Non-Default
CUST000210,Female,21,High School,Salaried,Married,3,56698.0,725.0,0,LN000210,Home,323744.0,48,14.04,8853.28,25.2,0.0,0,Excellent,Owned,East,Approved,Non-Default
CUST000211,Male,46,Graduate,Salaried,Married,0,59258.0,602.0,0,LN000211,Personal,68371.0,36,17.96,2470.4,13.01,8.1,0,Fair,Owned,North,Approved,Non-Default
CUST000212,Female,53,Graduate,Salaried,Single,1,69618.0,797.0,0,LN000212,Personal,268780.0,24,16.13,13177.01,43.05,10.5,1,Excellent,Owned,South,Approved,Non-Default
CUST000213,Male,55,Graduate,Salaried,Married,1,22339.0,790.0,0,LN000213,Personal,393411.0,60,15.3,9421.29,53.35,11.0,0,Excellent,Mortgage,North,Approved,Non-Default
CUST000214,Female,21,Graduate,Unemployed,Married,0,47123.0,674.0,2,LN000214,Home,104231.0,60,14.85,2471.45,13.37,0.0,0,Good,Owned,West,Approved,Default
CUST000215,Female,41,High School,Salaried,Divorced,0,81728.0,643.0,1,LN000215,Education,22458.0,12,15.54,2032.75,12.19,9.8,0,Fair,Rented,West,Approved,Default
CUST000216,Female,28,Graduate,Self-employed,Married,2,77177.0,727.0,0,LN000216,Personal,108411.0,12,16.49,9861.38,11.26,9.8,0,Excellent,Rented,East,Approved,Non-Default
CUST000217,Female,26,Graduate,Self-employed,Married,3,64699.0,656.0,0,LN000217,Personal,160967.0,36,17.35,5766.99,17.47,7.3,0,Good,Owned,East,Approved,Non-Default
CUST000218,Male,34,Graduate,Salaried,Single,0,38951.0,674.0,1,LN000218,Personal,274343.0,36,16.45,9706.15,36.44,0.7,0,Good,Mortgage,East,Approved,Non-Default
CUST000219,Female,27,Graduate,Salaried,Married,2,57655.0,623.0,0,LN000219,Personal,208674.0,48,18.17,6148.35,5.0,5.6,0,Fair,Owned,West,Approved,Non-Default
CUST000220,Male,60,High School,Self-employed,Divorced,2,87588.0,666.0,0,LN000220,Home,227873.0,24,15.11,11060.71,20.51,9.6,0,Good,Rented,West,Approved,Non-Default
CUST000221,Female,25,Postgraduate,Self-employed,Married,2,59662.0,697.0,0,LN000221,Education,153284.0,60,13.18,3501.82,21.14,8.5,0,Good,Owned,North,Approved,Non-Default
CUST000222,Female,30,High School,Unemployed,Single,2,18194.0,603.0,1,LN000222,Personal,122599.0,60,19.05,3183.66,29.49,3.0,0,Fair,Owned,West,Approved,Non-Default
CUST000223,Female,38,Graduate,Self-employed,Married,1,82520.0,800.0,3,LN000223,Auto,283031.0,48,11.43,7374.33,10.87,0.0,0,Excellent,Owned,North,Approved,Non-Default
CUST000224,Male,40,Graduate,Salaried,Single,3,22470.0,636.0,0,LN000224,Home,307664.0,60,14.42,7225.97,43.14,11.1,0,Fair,Rented,West,Approved,Non-Default
CUST000225,Male,40,Graduate,Self-employed,Single,1,66987.0,672.0,1,LN000225,Personal,149980.0,24,19.22,7576.33,11.67,4.4,0,Good,Rented,South,Approved,Non-Default
CUST000226,Male,28,High School,Salaried,Divorced,1,84169.0,693.0,0,LN000226,Personal,131633.0,48,13.78,3582.56,20.85,2.8,0,Good,Owned,South,Approved,Non-Default
CUST000227,Male,42,Graduate,Salaried,Married,1,30637.0,698.0,0,LN000227,Home,197484.0,48,14.56,5452.18,38.98,4.8,0,Good,Owned,South,Approved,Non-Default
CUST000228,Female,43,High School,Self-employed,Single,3,78166.0,767.0,2,LN000228,Personal,191838.0,60,17.02,4769.73,25.73,9.5,0,Excellent,Mortgage,South,Approved,Non-Default
CUST000229,Female,47,Postgraduate,Salaried,Married,1,67577.0,795.0,1,LN000229,Home,145949.0,36,13.6,4959.88,5.0,9.1,0,Excellent,Owned,North,Approved,Non-Default
CUST000230,Male,38,Graduate,Salaried,Single,0,41302.0,649.0,0,LN000230,Education,73838.0,12,14.14,6634.57,29.43,6.6,1,Fair,Mortgage,South,Approved,Non-Default
CUST000231,Female,49,Graduate,Self-employed,Single,0,48784.0,624.0,3,LN000231,Home,242588.0,24,15.34,11801.5,51.18,19.7,1,Fair,Rented,South,Approved,Default
CUST000232,Female,26,Postgraduate,Self-employed,Married,0,72141.0,681.0,0,LN000232,Home,203448.0,48,14.97,5659.02,14.49,7.6,1,Good,Rented,West,Approved,Non-Default
CUST000233,Male,53,Graduate,Salaried,Married,0,86764.0,850.0,1,LN000233,Auto,161518.0,36,14.18,5534.43,17.9,11.0,0,Excellent,Rented,West,Rejected,Non-Default
CUST000234,Male,48,High School,Unemployed,Married,2,46614.0,695.0,0,LN000234,Home,671046.0,36,12.32,22391.03,68.82,2.9,0,Good,Rented,West,Approved,Default
CUST000235,Female,43,Graduate,Salaried,Married,3,62298.0,734.0,0,LN000235,Personal,116114.0,24,14.17,5584.3,6.55,12.8,0,Excellent,Owned,South,Approved,Non-Default
CUST000236,Male,45,Graduate,Unemployed,Married,0,24700.0,673.0,1,LN000236,Business,278428.0,60,15.27,6663.31,37.88,9.0,1,Good,Owned,West,Approved,Non-Default
CUST000237,Male,50,High School,Salaried,Married,0,34705.0,769.0,1,LN000237,Home,470701.0,60,15.55,11334.29,54.26,4.4,0,Excellent,Owned,East,Approved,Non-Default
CUST000238,Female,48,High School,Salaried,Married,0,64929.0,636.0,2,LN000238,Personal,147979.0,72,17.18,3306.84,11.29,8.8,0,Fair,Rented,West,Approved,Default
CUST000239,Male,29,High School,Unemployed,Married,2,52481.0,636.0,1,LN000239,Personal,141929.0,24,18.78,7139.28,21.48,15.5,1,Fair,Owned,South,Rejected,Non-Default
CUST000240,Male,51,High School,Salaried,Married,2,52972.0,677.0,0,LN000240,Business,103296.0,60,15.99,2511.41,21.58,11.2,0,Good,Rented,East,Approved,Non-Default
CUST000241,Female,42,High School,Salaried,Married,1,57230.0,650.0,1,LN000241,Personal,309186.0,60,15.82,7489.26,21.47,8.4,0,Good,Rented,South,Rejected,Non-Default
CUST000242,Female,52,High School,Salaried,Married,0,59556.0,719.0,0,LN000242,Education,268705.0,36,16.31,9488.05,20.28,3.1,0,Excellent,Rented,South,Approved,Non-Default
CUST000243,Female,44,Postgraduate,Salaried,Married,0,57355.0,587.0,1,LN000243,Auto,225357.0,48,15.87,6371.69,11.4,5.3,2,Fair,Owned,East,Approved,Default
CUST000244,Female,30,Graduate,Salaried,Married,1,89648.0,705.0,2,LN000244,Auto,75839.0,36,14.54,2611.93,6.9,5.4,0,Excellent,Mortgage,South,Approved,Non-Default
CUST000245,Female,29,Graduate,Self-employed,Single,0,55554.0,551.0,1,LN000245,Auto,262208.0,48,15.83,7408.24,42.45,6.0,0,Fair,Owned,East,Approved,Default
CUST000246,Male,44,Graduate,Self-employed,Married,2,31899.0,556.0,1,LN000246,Education,35941.0,60,16.3,879.75,16.28,2.8,0,Fair,Owned,South,Approved,Non-Default
CUST000247,Male,51,High School,Salaried,Single,3,37413.0,703.0,2,LN000247,Home,442550.0,36,15.93,15543.46,62.38,16.4,0,Excellent,Rented,South,Approved,Non-Default
CUST000248,Female,25,Graduate,Salaried,Divorced,1,44962.0,672.0,2,LN000248,Personal,329057.0,12,16.71,29966.29,75.0,7.9,0,Good,Mortgage,North,Approved,Non-Default
CUST000249,Male,37,High School,Self-employed,Married,2,44578.0,677.0,1,LN000249,Business,128393.0,12,14.71,11570.97,46.22,0.0,0,Good,Rented,North,Approved,Non-Default
CUST000250,Female,51,Graduate,Self-employed,Married,0,133847.0,741.0,1,LN000250,Personal,208861.0,36,18.0,7550.83,25.19,3.8,0,Excellent,Owned,South,Rejected,Non-Default
CUST000251,Female,36,Graduate,Self-employed,Single,3,49855.0,702.0,1,LN000251,Personal,289340.0,36,14.76,9996.09,15.58,7.2,1,Excellent,Mortgage,East,Approved,Non-Default
CUST000252,Male,58,High School,Self-employed,Married,0,38439.0,638.0,2,LN000252,Personal,171165.0,72,17.27,3833.59,20.93,2.0,0,Fair,Owned,North,Approved,Non-Default
CUST000253,Male,47,Postgraduate,Salaried,Married,0,82937.0,788.0,3,LN000253,Business,264268.0,36,15.91,9279.14,34.46,3.6,1,Excellent,Mortgage,North,Approved,Non-Default
CUST000254,Male,52,High School,Salaried,Married,1,27858.0,616.0,0,LN000254,Auto,129530.0,60,13.3,2967.14,18.59,20.3,0,Fair,Rented,East,Approved,Non-Default
CUST000255,Female,33,High School,Self-employed,Married,1,47590.0,686.0,3,LN000255,Home,205549.0,36,14.2,7045.16,17.43,3.9,0,Good,Mortgage,East,Rejected,Default
CUST000256,Male,58,High School,Salaried,Single,3,23441.0,615.0,1,LN000256,Business,113338.0,36,18.15,4105.97,26.59,0.0,0,Fair,Rented,North,Approved,Default
CUST000257,Female,48,Graduate,Self-employed,Married,1,137440.0,660.0,0,LN000257,Personal,438215.0,36,16.42,15497.36,33.83,0.0,0,Good,Rented,South,Approved,Non-Default
CUST000258,Female,44,Postgraduate,Self-employed,Married,1,32746.0,688.0,0,LN000258,Business,83686.0,36,17.78,3016.22,11.48,8.9,0,Good,Owned,West,Approved,Default
CUST000259,Male,48,High School,Salaried,Single,2,50424.0,563.0,0,LN000259,Business,216390.0,60,18.4,5542.08,24.56,2.1,1,Fair,Mortgage,North,Approved,Default
CUST000260,Male,43,Postgraduate,Salaried,Divorced,2,70335.0,672.0,2,LN000260,Education,342020.0,36,15.19,11888.08,30.68,11.9,0,Good,Owned,South,Approved,Non-Default
CUST000261,Female,54,High School,Salaried,Married,2,72774.0,682.0,2,LN000261,Education,611482.0,12,13.58,54782.44,75.0,6.1,2,Good,Mortgage,South,Approved,Default
CUST000262,Female,40,Graduate,Self-employed,Single,0,141802.0,667.0,0,LN000262,Home,248099.0,36,12.91,8348.68,24.79,0.0,0,Good,Owned,West,Approved,Non-Default
CUST000263,Female,38,Graduate,Self-employed,Single,2,45141.0,605.0,0,LN000263,Home,128500.0,12,17.4,11744.22,29.43,10.0,1,Fair,Owned,North,Approved,Non-Default
CUST000264,Male,39,Graduate,Self-employed,Married,1,47878.0,694.0,1,LN000264,Education,354831.0,60,15.02,8445.13,26.72,7.4,0,Good,Rented,West,Approved,Non-Default
CUST000265,Female,43,Graduate,Salaried,Single,2,30377.0,804.0,1,LN000265,Home,59875.0,48,13.08,1608.67,13.52,14.2,1,Excellent,Mortgage,North,Approved,Non-Default
CUST000266,Female,41,High School,Salaried,Single,0,43323.0,819.0,1,LN000266,Home,122611.0,60,12.8,2777.24,15.31,0.0,0,Excellent,Rented,East,Rejected,Non-Default
CUST000267,Male,22,High School,Self-employed,Single,0,50048.0,732.0,2,LN000267,Business,60948.0,60,13.16,1391.75,5.0,4.0,1,Excellent,Mortgage,South,Approved,Non-Default
CUST000268,Male,52,Graduate,Self-employed,Married,1,105426.0,687.0,3,LN000268,Education,253047.0,36,14.92,8762.05,12.8,2.8,0,Good,Owned,East,Rejected,Non-Default
CUST000269,Male,31,Postgraduate,Salaried,Divorced,0,54015.0,675.0,0,LN000269,Auto,115161.0,36,13.55,3910.81,10.5,5.2,0,Good,Owned,North,Approved,Non-Default
CUST000270,Female,36,High School,Salaried,Married,1,53125.0,658.0,1,LN000270,Education,448357.0,48,15.11,12503.13,43.05,18.7,0,Good,Rented,South,Approved,Non-Default
CUST000271,Male,37,High School,Salaried,Single,0,81944.0,695.0,2,LN000271,Personal,458280.0,24,16.75,22603.39,38.06,2.2,0,Good,Mortgage,South,Approved,Non-Default
CUST000272,Female,48,Graduate,Unemployed,Single,3,100800.0,703.0,1,LN000272,Personal,257203.0,24,15.97,12589.77,24.34,12.0,0,Excellent,Rented,West,Approved,Non-Default
CUST000273,Female,21,Postgraduate,Salaried,Divorced,1,64731.0,648.0,0,LN000273,Home,101744.0,60,13.37,2334.31,22.13,0.0,0,Fair,Mortgage,South,Approved,Default
CUST000274,Female,27,High School,Salaried,Married,2,57923.0,693.0,0,LN000274,Education,97132.0,36,16.06,3417.75,10.26,0.0,1,Good,Rented,North,Approved,Non-Default
CUST000275,Male,65,Graduate,Salaried,Married,2,71666.0,762.0,0,LN000275,Auto,124616.0,36,14.35,4280.29,11.53,0.0,0,Excellent,Rented,North,Approved,Non-Default
CUST000276,Male,54,High School,Self-employed,Single,2,58098.0,695.0,0,LN000276,Home,177654.0,24,12.2,8379.39,26.58,10.6,0,Good,Owned,North,Approved,Non-Default
CUST000277,Female,58,Postgraduate,Self-employed,Single,0,37438.0,793.0,3,LN000277,Home,92129.0,72,11.31,1768.25,10.95,15.8,0,Excellent,Mortgage,North,Rejected,Non-Default
CUST000278,Female,38,Postgraduate,Self-employed,Married,2,60585.0,700.0,3,LN000278,Home,133512.0,36,14.31,4583.25,8.55,8.2,0,Excellent,Rented,East,Rejected,Non-Default
CUST000279,Male,53,Graduate,Salaried,Single,0,38775.0,710.0,1,LN000279,Personal,272209.0,48,17.12,7871.51,26.5,7.2,1,Excellent,Mortgage,West,Approved,Default
CUST000280,Male,38,Graduate,Self-employed,Single,1,40104.0,693.0,2,LN000280,Auto,86489.0,36,15.37,3013.86,25.29,3.7,1,Good,Owned,East,Approved,Non-Default
CUST000281,Male,36,Graduate,Salaried,Married,1,42002.0,550.0,0,LN000281,Home,108046.0,24,15.76,5277.89,20.44,15.4,0,Fair,Mortgage,East,Approved,Non-Default
CUST000282,Female,22,High School,Salaried,Married,0,37840.0,658.0,1,LN000282,Home,344389.0,36,14.74,11894.56,47.26,6.8,1,Good,Rented,South,Rejected,Non-Default
CUST000283,Male,40,Graduate,Self-employed,Single,2,35244.0,666.0,0,LN000283,Home,179878.0,48,13.77,4894.7,23.8,1.7,1,Good,Mortgage,South,Rejected,Non-Default
CUST000284,Female,38,Postgraduate,Unemployed,Single,1,82562.0,688.0,1,LN000284,Personal,95575.0,24,15.57,4660.04,19.44,0.8,2,Good,Owned,West,Approved,Non-Default
CUST000285,Male,21,High School,Salaried,Single,2,57515.0,783.0,3,LN000285,Personal,381432.0,12,17.23,34830.06,75.0,1.5,0,Excellent,Owned,East,Approved,Non-Default
CUST000286,Male,31,Graduate,Self-employed,Single,3,27954.0,688.0,1,LN000286,Personal,267385.0,60,17.04,6650.96,40.27,1.1,2,Good,Owned,East,Rejected,Default
CUST000287,Male,37,Graduate,Salaried,Divorced,2,69611.0,614.0,1,LN000287,Home,67301.0,24,15.68,3284.99,9.17,6.4,0,Fair,Owned,North,Approved,Non-Default
CUST000288,Female,29,Graduate,Salaried,Divorced,1,30229.0,693.0,1,LN000288,Personal,92962.0,24,17.31,4610.11,30.75,12.4,1,Good,Rented,South,Approved,Non-Default
CUST000289,Male,48,High School,Salaried,Divorced,1,88928.0,666.0,3,LN000289,Auto,162820.0,48,15.46,4569.46,9.79,12.0,0,Good,Owned,West,Approved,Non-Default
CUST000290,Female,37,High School,Salaried,Single,1,55200.0,675.0,1,LN000290,Business,196414.0,36,15.27,6834.75,15.05,6.1,1,Good,Owned,West,Approved,Non-Default
CUST000291,Female,43,High School,Unemployed,Single,1,119994.0,618.0,1,LN000291,Personal,183104.0,24,17.27,9076.85,24.21,9.9,0,Fair,Mortgage,South,Rejected,Non-Default
CUST000292,Male,52,High School,Salaried,Married,3,65561.0,659.0,1,LN000292,Education,82497.0,72,16.51,1812.76,6.94,10.5,0,Good,Mortgage,South,Approved,Default
CUST000293,Male,44,Graduate,Self-employed,Married,0,48087.0,850.0,0,LN000293,Business,172490.0,48,12.78,4608.66,19.13,0.0,0,Excellent,Rented,South,Approved,Non-Default
CUST000294,Male,27,Graduate,Unemployed,Divorced,0,33357.0,590.0,1,LN000294,Education,93092.0,12,16.29,8459.1,34.51,9.3,0,Fair,Rented,West,Approved,Non-Default
CUST000295,Female,47,Graduate,Self-employed,Married,3,46239.0,647.0,1,LN000295,Personal,720916.0,72,16.14,15693.62,47.68,9.0,0,Fair,Owned,East,Approved,Non-Default
CUST000296,Male,35,High School,Self-employed,Married,0,35705.0,689.0,2,LN000296,Auto,129457.0,24,14.04,6218.05,42.72,1.4,0,Good,Rented,West,Approved,Non-Default
CUST000297,Female,24,High School,Salaried,Single,1,41698.0,741.0,0,LN000297,Home,118275.0,60,15.33,2834.28,24.06,0.0,0,Excellent,Mortgage,East,Approved,Non-Default
CUST000298,Male,38,Graduate,Self-employed,Divorced,1,33516.0,671.0,1,LN000298,Home,53993.0,36,13.25,1825.75,13.36,16.9,0,Good,Owned,South,Approved,Non-Default
CUST000299,Male,45,High School,Salaried,Married,3,28094.0,749.0,2,LN000299,Auto,206489.0,36,13.27,6984.31,36.19,1.8,0,Excellent,Rented,North,Approved,Non-Default
CUST000300,Female,44,Graduate,Self-employed,Divorced,0,36284.0,631.0,2,LN000300,Personal,179270.0,36,17.07,6397.71,20.76,5.0,0,Fair,Mortgage,East,Approved,Non-Default
CUST000301,Female,24,High School,Self-employed,Single,1,30443.0,744.0,0,LN000301,Home,208143.0,36,13.85,7098.68,28.36,2.6,0,Excellent,Mortgage,West,Approved,Non-Default
CUST000302,Male,41,Graduate,Salaried,Divorced,0,109468.0,696.0,2,LN000302,Personal,220794.0,24,15.97,10807.6,23.72,5.4,1,Good,Mortgage,East,Approved,Non-Default
CUST000303,Female,50,Graduate,Salaried,Divorced,0,51669.0,752.0,1,LN000303,Education,234360.0,24,12.71,11110.0,41.31,5.4,0,Excellent,Owned,East,Approved,Non-Default
CUST000304,Male,34,Graduate,Salaried,Single,0,71162.0,659.0,1,LN000304,Auto,135244.0,60,13.69,3125.2,11.7,18.5,0,Good,Rented,East,Approved,Non-Default
CUST000305,Female,40,High School,Salaried,Single,1,64408.0,670.0,1,LN000305,Auto,184435.0,60,13.82,4274.29,25.06,3.3,0,Good,Rented,South,Approved,Non-Default
CUST000306,Female,41,Graduate,Self-employed,Married,0,95840.0,674.0,2,LN000306,Business,162741.0,72,14.34,3383.1,24.33,0.0,0,Good,Owned,East,Rejected,Non-Default
CUST000307,Female,42,Postgraduate,Self-employed,Single,1,41493.0,709.0,1,LN000307,Home,55377.0,12,13.46,4958.08,36.73,13.8,0,Excellent,Rented,East,Rejected,Non-Default
CUST000308,Male,52,Graduate,Salaried,Married,1,64258.0,666.0,3,LN000308,Home,44850.0,36,12.94,1509.88,6.23,5.9,0,Good,Owned,West,Approved,Non-Default
CUST000309,Male,42,High School,Unemployed,Married,3,110084.0,703.0,1,LN000309,Education,420505.0,72,17.12,9382.79,6.58,0.0,0,Excellent,Owned,East,Approved,Non-Default
CUST000310,Male,27,High School,Salaried,Married,0,60058.0,588.0,1,LN000310,Personal,188490.0,36,15.52,6582.17,18.27,8.8,0,Fair,Rented,North,Approved,Non-Default
CUST000311,Female,30,Graduate,Salaried,Married,1,61509.0,677.0,2,LN000311,Personal,337032.0,36,16.87,11994.32,36.81,11.8,0,Good,Mortgage,West,Approved,Non-Default
CUST000312,Female,43,Postgraduate,Salaried,Married,1,43381.0,717.0,1,LN000312,Business,48834.0,12,15.11,4410.21,16.43,0.0,0,Excellent,Owned,South,Approved,Non-Default
CUST000313,Male,21,Graduate,Salaried,Married,0,80096.0,546.0,1,LN000313,Personal,248698.0,36,17.38,8913.87,15.7,5.5,0,Poor,Rented,West,Approved,Default
CUST000314,Female,40,Graduate,Unemployed,Married,1,59164.0,709.0,2,LN000314,Education,147257.0,48,13.25,3968.83,19.07,3.4,0,Excellent,Owned,East,Rejected,Non-Default
CUST000315,Male,41,High School,Salaried,Married,1,62265.0,697.0,1,LN000315,Business,368114.0,36,16.69,13067.55,40.22,6.8,0,Good,Mortgage,East,Approved,Non-Default
CUST000316,Female,45,Graduate,Salaried,Married,0,48763.0,644.0,0,LN000316,Personal,27434.0,12,17.38,2507.06,20.07,7.0,0,Fair,Rented,South,Approved,Non-Default
CUST000317,Female,36,Graduate,Salaried,Married,0,59235.0,704.0,1,LN000317,Personal,70465.0,72,14.5,1470.92,23.24,0.4,2,Excellent,Owned,West,Approved,Default
CUST000318,Female,41,Graduate,Self-employed,Divorced,0,40406.0,712.0,0,LN000318,Home,178584.0,12,12.89,15941.42,52.13,17.6,0,Excellent,Mortgage,West,Approved,Non-Default
CUST000319,Female,33,High School,Salaried,Married,3,58394.0,765.0,0,LN000319,Education,224436.0,60,16.02,5460.23,24.7,12.3,2,Excellent,Rented,West,Approved,Non-Default
CUST000320,Male,33,Graduate,Salaried,Married,0,50460.0,637.0,0,LN000320,Personal,131926.0,60,15.05,3141.97,14.86,19.1,0,Fair,Rented,West,Approved,Non-Default
CUST000321,Female,50,Graduate,Unemployed,Married,3,64502.0,696.0,0,LN000321,Home,285535.0,48,13.88,7785.49,21.89,0.6,0,Good,Rented,West,Approved,Non-Default
CUST000322,Male,35,Graduate,Salaried,Married,2,24265.0,733.0,0,LN000322,Home,377384.0,72,13.85,7746.0,47.92,0.0,0,Excellent,Mortgage,East,Approved,Non-Default
CUST000323,Female,44,Graduate,Salaried,Single,0,23837.0,800.0,0,LN000323,Home,147691.0,36,13.45,5008.37,39.7,11.6,0,Excellent,Rented,South,Approved,Non-Default
CUST000324,Male,52,Graduate,Salaried,Single,1,71471.0,640.0,2,LN000324,Home,301720.0,48,16.15,8574.03,23.9,3.0,0,Fair,Mortgage,East,Approved,Non-Default
CUST000325,Female,57,Graduate,Salaried,Single,0,40870.0,714.0,0,LN000325,Home,251838.0,48,15.6,7085.67,25.69,2.6,1,Excellent,Rented,North,Approved,Non-Default
CUST000326,Female,55,Postgraduate,Self-employed,Married,2,18000.0,686.0,2,LN000326,Personal,452460.0,36,17.86,16325.75,75.0,1.5,0,Good,Owned,East,Approved,Default
CUST000327,Male,34,High School,Salaried,Single,1,30330.0,720.0,0,LN000327,Business,179610.0,48,16.14,5103.09,30.81,16.6,0,Excellent,Mortgage,West,Approved,Non-Default
CUST000328,Female,25,Postgraduate,Unemployed,Single,2,40587.0,722.0,1,LN000328,Education,241885.0,24,13.71,11580.49,38.28,5.6,3,Excellent,Owned,South,Approved,Non-Default
CUST000329,Male,37,High School,Salaried,Single,2,31155.0,725.0,0,LN000329,Home,224176.0,60,12.95,5094.96,27.73,0.0,0,Excellent,Mortgage,West,Approved,Non-Default
CUST000330,Female,36,Graduate,Salaried,Divorced,2,60175.0,654.0,3,LN000330,Home,123318.0,48,16.75,3542.42,37.26,13.7,0,Good,Rented,West,Approved,Non-Default
CUST000331,Female,40,High School,Salaried,Single,0,42265.0,615.0,2,LN000331,Personal,98062.0,60,18.67,2526.01,28.29,11.3,0,Fair,Owned,South,Rejected,Non-Default
CUST000332,Male,38,High School,Salaried,Single,0,38279.0,635.0,3,LN000332,Personal,187630.0,60,15.09,4472.57,20.33,0.2,0,Fair,Rented,East,Approved,Non-Default
CUST000333,Male,39,High School,Salaried,Married,0,54426.0,580.0,1,LN000333,Home,139567.0,36,16.62,4949.59,12.29,10.0,0,Fair,Rented,South,Approved,Non-Default
CUST000334,Female,22,Postgraduate,Salaried,Married,2,74113.0,607.0,3,LN000334,Business,140013.0,60,15.61,3375.9,11.26,5.3,0,Fair,Owned,North,Approved,Non-Default
CUST000335,Female,44,High School,Salaried,Married,0,53361.0,688.0,2,LN000335,Personal,528698.0,36,16.98,18844.26,52.67,0.0,0,Good,Owned,South,Rejected,Non-Default
CUST000336,Female,59,High School,Salaried,Married,0,53452.0,691.0,0,LN000336,Home,243502.0,60,14.3,5703.81,32.22,13.5,0,Good,Mortgage,East,Approved,Non-Default
CUST000337,Female,58,Graduate,Salaried,Married,2,40659.0,627.0,3,LN000337,Education,60327.0,36,13.89,2058.61,33.16,8.4,1,Fair,Rented,West,Approved,Non-Default
CUST000338,Male,46,Postgraduate,Self-employed,Married,1,64737.0,761.0,0,LN000338,Auto,230719.0,24,13.87,11063.32,36.8,6.6,1,Excellent,Mortgage,East,Approved,Non-Default
CUST000339,Male,47,Graduate,Salaried,Married,1,26901.0,758.0,2,LN000339,Business,143917.0,36,13.39,4876.21,20.22,13.6,0,Excellent,Owned,North,Approved,Default
CUST000340,Male,32,High School,Salaried,Married,1,68173.0,647.0,0,LN000340,Home,584040.0,48,17.46,16991.81,33.73,0.0,0,Fair,Mortgage,South,Rejected,Non-Default
CUST000341,Female,36,Postgraduate,Salaried,Married,2,108213.0,602.0,1,LN000341,Business,139518.0,36,16.27,4923.66,5.0,16.5,0,Fair,Owned,North,Approved,Non-Default
CUST000342,Male,63,Postgraduate,Self-employed,Married,1,29532.0,654.0,0,LN000342,Auto,156231.0,60,14.78,3698.71,37.62,8.4,0,Good,Owned,South,Rejected,Non-Default
CUST000343,Female,44,Graduate,Salaried,Married,0,24073.0,712.0,1,LN000343,Home,313070.0,24,15.04,15185.67,75.0,10.3,1,Excellent,Mortgage,East,Approved,Default
CUST000344,Female,53,High School,Self-employed,Married,0,124082.0,657.0,3,LN000344,Personal,112080.0,24,16.21,5499.04,22.45,14.4,0,Good,Rented,East,Approved,Non-Default
CUST000345,Male,41,Graduate,Self-employed,Single,0,102237.0,618.0,1,LN000345,Auto,261908.0,48,15.05,7295.74,8.44,0.0,0,Fair,Rented,South,Approved,Non-Default
CUST000346,Female,46,Graduate,Self-employed,Single,1,29339.0,688.0,1,LN000346,Personal,248391.0,24,16.82,12259.54,56.96,8.4,0,Good,Rented,North,Approved,Default
CUST000347,Male,48,Graduate,Self-employed,Married,1,82167.0,719.0,0,LN000347,Personal,144993.0,24,15.88,7091.0,19.76,9.1,0,Excellent,Owned,North,Rejected,Non-Default
CUST000348,Male,47,Graduate,Salaried,Single,0,43084.0,710.0,1,LN000348,Home,337854.0,12,15.71,30607.44,75.0,11.2,0,Excellent,Rented,West,Rejected,Default
CUST000349,Male,30,High School,Salaried,Married,1,25375.0,628.0,1,LN000349,Home,141288.0,72,16.76,3124.22,12.99,15.2,0,Fair,Owned,North,Approved,Non-Default
CUST000350,Female,38,High School,Salaried,Married,2,46559.0,660.0,1,LN000350,Home,75893.0,36,16.51,2687.32,13.67,9.1,0,Good,Owned,East,Approved,Non-Default
CUST000351,Male,62,Graduate,Self-employed,Single,0,18000.0,623.0,2,LN000351,Auto,254614.0,36,15.08,8836.26,58.58,0.0,0,Fair,Owned,South,Approved,Non-Default
CUST000352,Female,40,Graduate,Salaried,Married,0,25311.0,642.0,1,LN000352,Education,306828.0,48,13.82,8356.85,43.43,13.7,0,Fair,Rented,South,Approved,Non-Default
CUST000353,Male,53,Postgraduate,Self-employed,Single,1,38231.0,649.0,3,LN000353,Home,62246.0,36,15.46,2171.83,13.26,5.6,0,Fair,Mortgage,West,Approved,Non-Default
CUST000354,Male,39,Graduate,Salaried,Married,1,103288.0,610.0,1,LN000354,Personal,140831.0,24,18.91,7092.94,13.25,16.1,0,Fair,Rented,East,Approved,Non-Default
CUST000355,Female,28,High School,Unemployed,Married,2,79024.0,711.0,1,LN000355,Home,277118.0,12,15.26,25046.21,42.42,0.0,0,Excellent,Mortgage,East,Rejected,Non-Default
CUST000356,Female,32,High School,Salaried,Single,2,60055.0,740.0,1,LN000356,Auto,228530.0,48,14.12,6258.68,15.1,8.8,0,Excellent,Rented,West,Approved,Non-Default
CUST000357,Female,25,High School,Salaried,Divorced,1,56178.0,628.0,0,LN000357,Home,101938.0,48,15.28,2851.5,9.33,6.3,1,Fair,Owned,West,Approved,Non-Default
CUST000358,Male,22,High School,Self-employed,Married,1,46520.0,790.0,3,LN000358,Auto,90007.0,36,13.54,3056.16,19.09,0.9,0,Excellent,Rented,North,Approved,Non-Default
CUST000359,Male,37,Graduate,Salaried,Married,1,58744.0,652.0,0,LN000359,Business,187037.0,36,17.09,6676.76,25.56,1.3,0,Good,Mortgage,South,Rejected,Non-Default
CUST000360,Female,33,Graduate,Salaried,Married,1,75992.0,671.0,2,LN000360,Education,159822.0,24,14.41,7704.51,25.49,15.9,0,Good,Rented,North,Rejected,Non-Default
CUST000361,Male,26,Postgraduate,Salaried,Divorced,2,147281.0,729.0,2,LN000361,Personal,220145.0,24,16.51,10832.71,31.39,0.0,1,Excellent,Owned,South,Approved,Default
CUST000362,Male,32,Graduate,Salaried,Married,0,68893.0,744.0,0,LN000362,Home,195063.0,48,13.97,5327.45,14.45,11.7,0,Excellent,Rented,South,Approved,Non-Default
CUST000363,Male,34,Graduate,Self-employed,Single,0,41612.0,716.0,1,LN000363,Auto,160584.0,60,14.4,3769.89,21.43,8.0,0,Excellent,Rented,West,Rejected,Non-Default
CUST000364,Female,45,High School,Salaried,Single,1,78376.0,619.0,1,LN000364,Personal,259848.0,36,17.09,9275.93,24.1,4.9,1,Fair,Mortgage,North,Approved,Non-Default
CUST000365,Male,45,High School,Self-employed,Married,0,29176.0,705.0,0,LN000365,Education,165744.0,36,14.32,5690.53,27.82,4.9,0,Excellent,Owned,East,Approved,Non-Default
CUST000366,Male,41,Graduate,Salaried,Single,0,57933.0,693.0,0,LN000366,Personal,131050.0,48,14.44,3610.13,13.41,20.1,2,Good,Owned,West,Approved,Non-Default
CUST000367,Female,50,High School,Salaried,Married,1,43320.0,678.0,2,LN000367,Personal,216394.0,24,16.62,10659.54,39.86,12.8,1,Good,Owned,East,Approved,Non-Default
CUST000368,Male,41,Graduate,Unemployed,Divorced,1,38281.0,596.0,2,LN000368,Business,217684.0,12,16.17,19768.17,75.0,9.5,0,Fair,Rented,South,Approved,Default
CUST000369,Male,43,Graduate,Salaried,Single,1,54463.0,642.0,0,LN000369,Personal,211742.0,12,16.98,19309.87,53.08,6.4,2,Fair,Rented,North,Approved,Default
CUST000370,Male,30,Graduate,Salaried,Single,1,72099.0,765.0,0,LN000370,Auto,34451.0,36,11.68,1139.01,19.25,5.9,1,Excellent,Rented,North,Rejected,Non-Default
CUST000371,Female,33,Graduate,Self-employed,Married,2,75910.0,726.0,0,LN000371,Education,159624.0,12,13.6,14302.15,27.64,6.6,1,Excellent,Rented,South,Approved,Default
CUST000372,Female,39,Postgraduate,Salaried,Married,0,119996.0,812.0,3,LN000372,Education,69835.0,60,13.02,1589.68,14.69,10.5,1,Excellent,Owned,South,Approved,Non-Default
CUST000373,Female,36,High School,Unemployed,Married,1,67392.0,736.0,1,LN000373,Business,46369.0,24,14.59,2239.26,8.17,8.5,0,Excellent,Rented,East,Rejected,Non-Default
CUST000374,Female,58,Postgraduate,Self-employed,Single,0,114845.0,720.0,2,LN000374,Home,293678.0,48,12.43,7795.82,13.45,9.8,0,Excellent,Rented,West,Rejected,Non-Default
CUST000375,Male,46,Postgraduate,Salaried,Married,2,32349.0,795.0,0,LN000375,Home,403360.0,60,13.65,9312.45,42.05,12.8,1,Excellent,Owned,South,Approved,Non-Default
CUST000376,Female,47,Graduate,Salaried,Divorced,2,61148.0,750.0,1,LN000376,Home,134592.0,48,16.53,3851.01,12.43,25.8,0,Excellent,Rented,South,Approved,Non-Default
CUST000377,Male,39,Postgraduate,Salaried,Married,3,141477.0,630.0,1,LN000377,Business,114064.0,36,15.69,3992.72,5.0,14.2,0,Fair,Owned,North,Approved,Non-Default
CUST000378,Female,44,High School,Salaried,Married,1,56137.0,820.0,0,LN000378,Home,144030.0,24,8.99,6579.31,19.04,0.7,1,Excellent,Mortgage,North,Approved,Non-Default
CUST000379,Female,56,Graduate,Salaried,Single,2,54652.0,653.0,1,LN000379,Education,229910.0,36,14.67,7932.8,16.26,7.5,0,Good,Mortgage,North,Approved,Non-Default
CUST000380,Female,33,High School,Salaried,Married,0,50518.0,701.0,1,LN000380,Home,210115.0,48,15.05,5852.98,29.21,15.4,1,Excellent,Rented,North,Approved,Non-Default
CUST000381,Male,53,Postgraduate,Unemployed,Single,1,77412.0,822.0,1,LN000381,Personal,233199.0,72,14.84,4910.76,7.04,0.6,0,Excellent,Owned,West,Rejected,Non-Default
CUST000382,Female,25,Graduate,Salaried,Single,1,51020.0,738.0,3,LN000382,Personal,167838.0,48,15.89,4747.13,16.1,0.0,0,Excellent,Rented,East,Approved,Non-Default
CUST000383,Male,46,Graduate,Salaried,Single,1,63110.0,697.0,3,LN000383,Personal,148419.0,24,18.47,7443.43,14.64,8.7,0,Good,Mortgage,East,Approved,Non-Default
CUST000384,Male,50,Postgraduate,Salaried,Married,1,57604.0,732.0,1,LN000384,Education,401455.0,60,12.94,9122.01,23.21,13.3,0,Excellent,Rented,East,Approved,Non-Default
CUST000385,Female,50,Graduate,Salaried,Married,2,43786.0,736.0,2,LN000385,Personal,60679.0,36,14.05,2075.34,18.75,13.2,0,Excellent,Mortgage,East,Approved,Non-Default
CUST000386,Female,50,High School,Unemployed,Divorced,0,55725.0,763.0,2,LN000386,Business,118004.0,72,15.41,2521.55,7.54,0.3,0,Excellent,Rented,North,Approved,Non-Default
CUST000387,Female,26,Graduate,Unemployed,Single,1,70204.0,646.0,3,LN000387,Auto,159989.0,72,14.99,3382.1,25.66,9.2,0,Fair,Rented,West,Approved,Non-Default
CUST000388,Male,37,Graduate,Self-employed,Married,3,80541.0,612.0,2,LN000388,Auto,277945.0,60,12.42,6241.89,9.25,19.3,0,Fair,Mortgage,South,Approved,Non-Default
CUST000389,Female,56,Graduate,Unemployed,Married,1,61889.0,728.0,2,LN000389,Auto,710533.0,48,13.66,19295.4,32.32,10.9,0,Excellent,Rented,West,Approved,Non-Default
CUST000390,Male,51,High School,Self-employed,Married,0,43315.0,591.0,2,LN000390,Personal,240609.0,12,16.36,21871.67,74.32,3.2,0,Fair,Rented,West,Rejected,Default
CUST000391,Male,34,High School,Salaried,Married,2,49321.0,614.0,0,LN000391,Home,77953.0,48,14.69,2157.26,24.91,5.1,0,Fair,Mortgage,West,Approved,Non-Default
CUST000392,Female,33,Graduate,Salaried,Married,0,48585.0,691.0,3,LN000392,Personal,227827.0,36,16.44,8059.3,29.91,13.5,2,Good,Owned,East,Approved,Non-Default
CUST000393,Male,45,Postgraduate,Salaried,Married,3,62682.0,571.0,0,LN000393,Personal,162756.0,36,18.67,5938.87,12.27,3.5,0,Fair,Rented,South,Approved,Non-Default
CUST000394,Female,39,Postgraduate,Self-employed,Single,0,82111.0,629.0,3,LN000394,Education,229447.0,36,14.45,7892.2,21.64,2.2,0,Fair,Rented,East,Approved,Non-Default
CUST000395,Female,38,High School,Salaried,Married,1,54140.0,563.0,0,LN000395,Personal,148361.0,36,18.54,5403.88,24.81,0.0,0,Fair,Owned,South,Approved,Non-Default
CUST000396,Male,33,Graduate,Salaried,Married,1,69162.0,736.0,1,LN000396,Business,163584.0,48,15.62,4604.24,18.24,4.8,0,Excellent,Owned,North,Approved,Non-Default
CUST000397,Male,43,Postgraduate,Unemployed,Married,0,72248.0,704.0,0,LN000397,Home,166605.0,72,17.28,3732.39,7.54,0.0,0,Excellent,Rented,South,Rejected,Non-Default
CUST000398,Male,49,High School,Salaried,Single,0,40277.0,603.0,3,LN000398,Home,293440.0,36,12.67,9840.58,36.11,2.0,0,Fair,Rented,East,Approved,Non-Default
CUST000399,Female,40,Postgraduate,Salaried,Single,0,87080.0,806.0,1,LN000399,Business,50147.0,60,15.51,1206.46,8.47,2.8,1,Excellent,Rented,North,Approved,Non-Default
CUST000400,Male,47,Graduate,Self-employed,Married,2,58545.0,779.0,1,LN000400,Auto,125803.0,24,14.06,6043.73,21.15,11.1,0,Excellent,Mortgage,North,Approved,Non-Default
CUST000401,Male,40,High School,Self-employed,Single,2,40079.0,776.0,1,LN000401,Business,166465.0,48,12.82,4450.98,31.06,16.1,0,Excellent,Rented,North,Approved,Non-Default
CUST000402,Female,67,Postgraduate,Self-employed,Married,1,53240.0,662.0,0,LN000402,Home,107000.0,24,13.63,5118.7,19.79,9.8,0,Good,Owned,South,Approved,Non-Default
CUST000403,Male,47,Graduate,Salaried,Single,0,33744.0,748.0,2,LN000403,Auto,213022.0,24,13.95,10222.77,41.84,23.5,1,Excellent,Rented,West,Rejected,Default
CUST000404,Male,54,High School,Salaried,Divorced,0,29863.0,653.0,2,LN000404,Education,350602.0,36,15.01,12155.45,62.87,0.2,0,Good,Rented,East,Approved,Non-Default
CUST000405,Female,24,High School,Unemployed,Single,2,79930.0,749.0,1,LN000405,Education,612262.0,24,13.1,29136.82,50.15,5.9,0,Excellent,Rented,South,Approved,Non-Default
CUST000406,Female,34,Graduate,Self-employed,Married,1,32987.0,611.0,0,LN000406,Education,202829.0,72,13.65,4141.52,33.37,8.9,1,Fair,Owned,West,Approved,Default
CUST000407,Female,38,Graduate,Salaried,Single,0,84305.0,783.0,2,LN000407,Home,440214.0,12,12.11,39135.14,62.64,0.0,0,Excellent,Rented,West,Approved,Non-Default
CUST000408,Female,32,High School,Salaried,Divorced,1,70218.0,695.0,2,LN000408,Business,243122.0,48,16.49,6951.31,25.47,7.9,0,Good,Owned,East,Approved,Non-Default
CUST000409,Female,21,High School,Self-employed,Married,3,56108.0,676.0,0,LN000409,Personal,135789.0,36,18.2,4922.73,11.15,8.7,0,Good,Mortgage,South,Approved,Non-Default
CUST000410,Male,37,Graduate,Salaried,Married,3,52524.0,696.0,2,LN000410,Personal,135926.0,36,15.24,4727.91,25.77,0.2,0,Good,Owned,East,Approved,Non-Default
CUST000411,Male,56,Postgraduate,Salaried,Divorced,2,62287.0,758.0,3,LN000411,Home,112648.0,24,15.0,5461.92,14.31,11.4,0,Excellent,Rented,North,Approved,Non-Default
CUST000412,Female,45,Graduate,Unemployed,Married,0,44361.0,834.0,1,LN000412,Education,61947.0,24,13.55,2961.1,12.16,8.4,2,Excellent,Rented,West,Rejected,Non-Default
CUST000413,Male,45,Postgraduate,Self-employed,Married,2,115916.0,744.0,0,LN000413,Auto,94956.0,60,13.13,2166.87,7.69,11.1,0,Excellent,Rented,East,Rejected,Non-Default
CUST000414,Male,50,Graduate,Salaried,Single,2,34652.0,561.0,0,LN000414,Personal,322777.0,36,19.21,11866.02,50.4,1.6,0,Fair,Mortgage,East,Approved,Non-Default
CUST000415,Male,38,Postgraduate,Self-employed,Married,2,36915.0,698.0,1,LN000415,Home,154270.0,48,12.85,4127.2,36.71,7.3,0,Good,Rented,North,Approved,Non-Default
CUST000416,Female,52,Graduate,Salaried,Single,0,70949.0,813.0,1,LN000416,Auto,349192.0,12,14.45,31426.93,64.24,4.1,1,Excellent,Owned,East,Approved,Non-Default
CUST000417,Male,41,High School,Salaried,Married,1,50403.0,681.0,1,LN000417,Personal,393808.0,36,19.3,14495.24,57.22,11.1,1,Good,Rented,East,Approved,Non-Default
CUST000418,Male,47,High School,Self-employed,Married,1,31884.0,621.0,3,LN000418,Personal,75598.0,48,15.93,2139.76,7.6,10.8,0,Fair,Rented,South,Approved,Non-Default
CUST000419,Male,30,Graduate,Salaried,Single,1,41146.0,717.0,2,LN000419,Business,201338.0,48,15.49,5653.52,21.04,13.7,0,Excellent,Owned,East,Approved,Non-Default
CUST000420,Female,41,High School,Salaried,Single,2,43866.0,741.0,1,LN000420,Education,478683.0,60,14.39,11235.14,36.73,15.4,0,Excellent,Mortgage,North,Approved,Non-Default
CUST000421,Female,44,High School,Salaried,Married,2,80734.0,664.0,0,LN000421,Home,191326.0,24,12.96,9092.39,29.29,6.1,0,Good,Owned,North,Approved,Non-Default
CUST000422,Male,33,Graduate,Salaried,Single,0,27400.0,723.0,0,LN000422,Education,164674.0,48,12.99,4416.97,29.06,5.1,0,Excellent,Owned,West,Approved,Non-Default
CUST000423,Male,29,Graduate,Salaried,Single,1,55403.0,693.0,1,LN000423,Personal,205973.0,36,17.38,7382.51,19.61,13.3,2,Good,Rented,West,Approved,Non-Default
CUST000424,Female,24,Graduate,Self-employed,Married,0,45854.0,745.0,3,LN000424,Business,158836.0,48,13.18,4275.38,20.52,18.1,0,Excellent,Owned,West,Rejected,Non-Default
CUST000425,Female,44,High School,Salaried,Married,0,43068.0,790.0,1,LN000425,Education,481267.0,60,13.58,11093.72,35.16,12.4,0,Excellent,Rented,North,Approved,Default
CUST000426,Male,42,High School,Salaried,Married,1,52952.0,744.0,1,LN000426,Education,62843.0,60,15.29,1504.61,9.6,12.1,0,Excellent,Rented,West,Approved,Non-Default
CUST000427,Female,49,High School,Salaried,Married,2,170440.0,766.0,1,LN000427,Auto,70277.0,12,14.3,6319.89,10.14,10.1,1,Excellent,Owned,West,Approved,Non-Default
CUST000428,Female,46,High School,Salaried,Single,0,29970.0,722.0,1,LN000428,Personal,126412.0,36,15.08,4387.07,14.85,17.8,0,Excellent,Rented,East,Approved,Non-Default
CUST000429,Male,60,Graduate,Salaried,Single,1,25436.0,636.0,1,LN000429,Auto,203752.0,36,15.85,7148.24,42.27,0.0,0,Fair,Owned,East,Approved,Default
CUST000430,Male,43,Graduate,Salaried,Single,1,40486.0,685.0,2,LN000430,Home,425083.0,60,13.42,9763.58,49.08,3.5,0,Good,Owned,South,Approved,Non-Default
CUST000431,Male,49,High School,Self-employed,Married,0,23368.0,793.0,2,LN000431,Auto,254322.0,60,13.69,5876.83,23.61,0.0,0,Excellent,Rented,West,Approved,Non-Default
CUST000432,Female,44,Postgraduate,Self-employed,Divorced,1,38270.0,643.0,1,LN000432,Personal,115238.0,36,17.55,4140.16,24.52,8.5,0,Fair,Mortgage,East,Approved,Non-Default
CUST000433,Male,42,High School,Self-employed,Married,1,38120.0,625.0,2,LN000433,Personal,89228.0,12,17.15,8144.37,28.71,18.3,0,Fair,Owned,West,Approved,Non-Default
CUST000434,Female,36,High School,Salaried,Divorced,2,68948.0,779.0,2,LN000434,Education,113068.0,36,13.68,3846.85,23.39,0.0,0,Excellent,Mortgage,South,Approved,Non-Default
CUST000435,Female,46,Graduate,Salaried,Single,0,59363.0,632.0,2,LN000435,Personal,129074.0,36,15.14,4483.25,12.06,0.0,1,Fair,Rented,South,Approved,Non-Default
CUST000436,Male,41,Graduate,Salaried,Divorced,0,18984.0,661.0,0,LN000436,Home,103714.0,48,15.94,2936.1,30.64,7.4,0,Good,Mortgage,West,Approved,Non-Default
CUST000437,Female,30,High School,Unemployed,Married,3,24016.0,666.0,0,LN000437,Auto,110412.0,60,14.52,2598.96,20.4,5.0,1,Good,Rented,South,Approved,Non-Default
CUST000438,Male,42,Graduate,Salaried,Married,2,69915.0,641.0,0,LN000438,Auto,257790.0,12,14.27,23178.98,48.16,3.1,0,Fair,Rented,North,Approved,Non-Default
CUST000439,Female,29,High School,Self-employed,Divorced,1,95122.0,680.0,0,LN000439,Home,217593.0,60,13.17,4969.87,9.31,9.9,0,Good,Owned,West,Approved,Non-Default
CUST000440,Female,42,Graduate,Salaried,Married,0,77140.0,666.0,2,LN000440,Home,189331.0,72,15.48,4052.92,16.5,10.3,0,Good,Owned,North,Approved,Default
CUST000441,Male,51,Graduate,Salaried,Married,1,90173.0,570.0,1,LN000441,Home,86412.0,12,14.64,7784.73,21.55,19.8,2,Fair,Owned,East,Approved,Default
CUST000442,Female,47,Graduate,Salaried,Married,0,40913.0,797.0,0,LN000442,Personal,36669.0,36,16.64,1300.79,8.65,5.8,0,Excellent,Owned,South,Approved,Non-Default
CUST000443,Male,27,Graduate,Unemployed,Single,3,58662.0,756.0,0,LN000443,Personal,617754.0,60,14.92,14670.4,34.13,12.5,0,Excellent,Owned,East,Rejected,Non-Default
CUST000444,Female,25,Postgraduate,Salaried,Married,2,50543.0,652.0,1,LN000444,Home,146368.0,60,16.08,3565.61,28.43,3.8,0,Good,Owned,South,Approved,Non-Default
CUST000445,Female,21,Graduate,Salaried,Married,0,49231.0,654.0,0,LN000445,Education,66961.0,36,16.13,2358.45,13.81,9.5,0,Good,Rented,North,Approved,Non-Default
CUST000446,Male,36,Graduate,Salaried,Single,0,44803.0,679.0,1,LN000446,Personal,103503.0,36,17.14,3697.38,19.99,0.0,0,Good,Mortgage,South,Approved,Non-Default
CUST000447,Female,40,High School,Salaried,Single,0,57570.0,601.0,0,LN000447,Auto,189637.0,60,15.21,4532.38,23.92,3.4,0,Fair,Mortgage,South,Approved,Non-Default
CUST000448,Male,22,High School,Salaried,Married,0,28552.0,708.0,1,LN000448,Personal,360821.0,60,15.47,8673.18,45.8,6.4,0,Excellent,Mortgage,North,Approved,Non-Default
CUST000449,Female,34,High School,Unemployed,Married,0,69470.0,809.0,1,LN000449,Auto,637105.0,12,15.16,57552.13,75.0,1.2,2,Excellent,Rented,West,Approved,Default
CUST000450,Male,22,High School,Salaried,Married,0,114620.0,576.0,0,LN000450,Home,174191.0,12,16.06,15809.45,26.04,5.4,0,Fair,Rented,South,Approved,Non-Default
CUST000451,Female,33,High School,Salaried,Married,2,94192.0,594.0,0,LN000451,Home,76665.0,12,15.23,6927.98,24.32,0.1,0,Fair,Owned,East,Approved,Non-Default
CUST000452,Female,52,High School,Unemployed,Single,2,93196.0,662.0,1,LN000452,Personal,264974.0,72,16.05,5755.07,7.23,9.4,0,Good,Owned,South,Approved,Non-Default
CUST000453,Female,41,Graduate,Self-employed,Married,1,25574.0,661.0,0,LN000453,Education,547304.0,60,16.99,13598.97,70.04,12.0,0,Good,Rented,West,Approved,Non-Default
CUST000454,Male,56,Postgraduate,Self-employed,Married,1,36671.0,723.0,0,LN000454,Home,678593.0,12,13.42,60743.88,75.0,7.3,1,Excellent,Rented,East,Approved,Default
CUST000455,Male,47,High School,Salaried,Married,3,92959.0,715.0,0,LN000455,Personal,182956.0,48,17.29,5306.69,8.9,14.4,0,Excellent,Owned,South,Approved,Non-Default
CUST000456,Male,35,Graduate,Self-employed,Married,1,40177.0,628.0,2,LN000456,Auto,207758.0,60,16.54,5112.07,19.15,7.8,0,Fair,Rented,East,Approved,Default
CUST000457,Female,56,High School,Self-employed,Married,1,34857.0,798.0,1,LN000457,Business,317374.0,60,14.52,7470.58,37.56,16.8,1,Excellent,Mortgage,East,Rejected,Non-Default
CUST000458,Male,49,Graduate,Salaried,Single,1,43587.0,597.0,0,LN000458,Personal,187612.0,60,19.69,4938.26,20.2,3.5,0,Fair,Rented,East,Approved,Non-Default
CUST000459,Female,23,Postgraduate,Salaried,Divorced,2,45059.0,650.0,1,LN000459,Auto,333692.0,48,14.69,9234.55,35.55,13.8,2,Good,Owned,North,Rejected,Non-Default
CUST000460,Male,36,High School,Self-employed,Married,1,63094.0,745.0,1,LN000460,Business,812131.0,36,15.23,28244.35,65.43,0.0,0,Excellent,Rented,East,Approved,Non-Default
CUST000461,Male,33,Graduate,Self-employed,Married,1,29111.0,678.0,0,LN000461,Home,118782.0,72,15.52,2545.31,10.85,3.3,0,Good,Rented,East,Approved,Non-Default
CUST000462,Male,38,High School,Self-employed,Married,0,65683.0,700.0,2,LN000462,Home,64355.0,24,13.41,3071.96,13.84,13.8,0,Excellent,Rented,West,Approved,Non-Default
CUST000463,Female,43,High School,Self-employed,Divorced,2,25030.0,607.0,2,LN000463,Education,224877.0,36,16.27,7936.02,51.7,8.3,2,Fair,Owned,South,Approved,Non-Default
CUST000464,Male,51,Graduate,Salaried,Divorced,1,57763.0,551.0,0,LN000464,Auto,144810.0,36,16.46,5124.04,23.83,8.5,0,Fair,Mortgage,South,Approved,Non-Default
CUST000465,Male,43,Postgraduate,Salaried,Married,2,83604.0,587.0,0,LN000465,Personal,118524.0,36,17.61,4261.77,11.47,6.3,0,Fair,Rented,South,Approved,Non-Default
CUST000466,Male,37,Postgraduate,Salaried,Married,2,37089.0,683.0,0,LN000466,Auto,110295.0,60,11.61,2431.77,5.0,10.1,1,Good,Owned,East,Approved,Non-Default
CUST000467,Male,49,High School,Salaried,Married,0,88684.0,680.0,2,LN000467,Home,169705.0,60,14.04,3952.26,5.0,0.4,0,Good,Rented,West,Approved,Non-Default
CUST000468,Female,37,High School,Salaried,Married,2,106218.0,686.0,3,LN000468,Home,164199.0,48,14.74,4548.17,11.45,14.0,0,Good,Owned,North,Approved,Non-Default
CUST000469,Female,46,High School,Self-employed,Single,2,30063.0,788.0,0,LN000469,Personal,214079.0,24,13.74,10252.27,47.04,6.4,0,Excellent,Owned,West,Approved,Default
CUST000470,Male,38,High School,Self-employed,Divorced,1,61004.0,687.0,1,LN000470,Auto,266328.0,24,13.79,12760.77,36.31,11.8,0,Good,Rented,East,Rejected,Non-Default
CUST000471,Female,53,Postgraduate,Self-employed,Married,3,37932.0,656.0,0,LN000471,Home,164489.0,60,14.59,3877.87,5.0,0.0,0,Good,Rented,North,Approved,Non-Default
CUST000472,Female,41,Graduate,Salaried,Married,1,23485.0,740.0,0,LN000472,Auto,70944.0,24,14.12,3410.25,24.33,4.0,0,Excellent,Owned,South,Approved,Default
CUST000473,Female,34,Graduate,Salaried,Married,0,41874.0,850.0,2,LN000473,Personal,224254.0,48,12.02,5907.67,20.2,21.1,0,Excellent,Owned,West,Approved,Non-Default
CUST000474,Male,27,High School,Salaried,Married,0,47260.0,799.0,1,LN000474,Auto,163246.0,36,12.19,5436.93,13.28,7.3,1,Excellent,Owned,North,Approved,Non-Default
CUST000475,Female,41,Postgraduate,Salaried,Married,2,51277.0,608.0,1,LN000475,Education,82153.0,48,13.89,2240.42,19.53,9.7,1,Fair,Mortgage,West,Rejected,Non-Default
CUST000476,Female,35,Graduate,Self-employed,Divorced,2,39130.0,709.0,1,LN000476,Personal,422451.0,24,16.81,20848.39,70.58,15.8,0,Excellent,Rented,West,Approved,Non-Default
CUST000477,Female,54,Graduate,Salaried,Single,0,147914.0,643.0,1,LN000477,Business,125549.0,36,18.79,4588.81,13.32,9.1,0,Fair,Rented,East,Approved,Non-Default
CUST000478,Female,46,Postgraduate,Salaried,Married,0,77594.0,706.0,2,LN000478,Business,158066.0,48,14.84,4386.29,8.38,15.9,0,Excellent,Mortgage,West,Rejected,Non-Default
CUST000479,Female,43,Graduate,Salaried,Single,2,62065.0,698.0,2,LN000479,Personal,579747.0,24,17.19,28716.96,58.5,11.6,1,Good,Rented,East,Approved,Non-Default
CUST000480,Female,37,High School,Salaried,Single,1,55940.0,694.0,1,LN000480,Business,468563.0,24,16.78,23117.31,54.03,7.2,0,Good,Rented,North,Approved,Default
CUST000481,Female,46,High School,Salaried,Single,2,45823.0,714.0,1,LN000481,Home,496956.0,60,12.33,11137.56,40.32,6.1,0,Excellent,Owned,North,Approved,Non-Default
CUST000482,Female,30,High School,Salaried,Divorced,2,44250.0,672.0,0,LN000482,Personal,358235.0,36,17.56,12872.12,43.12,10.0,0,Good,Mortgage,North,Approved,Non-Default
CUST000483,Female,21,High School,Unemployed,Married,2,65002.0,720.0,1,LN000483,Home,1028779.0,24,15.03,49896.71,75.0,5.5,2,Excellent,Rented,East,Approved,Non-Default
CUST000484,Female,27,High School,Salaried,Married,0,128417.0,597.0,1,LN000484,Business,344397.0,72,15.87,7445.98,18.79,14.7,0,Fair,Rented,North,Approved,Default
CUST000485,Male,41,Graduate,Unemployed,Married,3,75088.0,558.0,2,LN000485,Business,185348.0,72,17.66,4191.83,5.0,5.6,0,Fair,Mortgage,North,Approved,Non-Default
CUST000486,Male,61,Postgraduate,Salaried,Single,0,46703.0,640.0,2,LN000486,Personal,77839.0,12,18.28,7146.66,24.95,11.3,1,Fair,Mortgage,South,Rejected,Non-Default
CUST000487,Male,51,Graduate,Self-employed,Single,1,107061.0,741.0,1,LN000487,Personal,95960.0,24,16.38,4715.94,11.87,6.7,0,Excellent,Rented,North,Approved,Non-Default
CUST000488,Male,42,High School,Salaried,Single,3,27705.0,615.0,1,LN000488,Personal,33297.0,24,17.37,1652.2,15.36,9.8,0,Fair,Owned,South,Approved,Non-Default
CUST000489,Male,37,Graduate,Self-employed,Divorced,1,96184.0,748.0,0,LN000489,Auto,59448.0,36,13.6,2020.26,11.48,7.3,0,Excellent,Mortgage,West,Approved,Non-Default
CUST000490,Female,37,High School,Salaried,Married,2,90402.0,683.0,1,LN000490,Personal,306363.0,36,17.27,10963.89,8.81,2.3,0,Good,Owned,South,Approved,Non-Default
CUST000491,Male,40,High School,Salaried,Married,1,62853.0,609.0,1,LN000491,Home,938804.0,24,17.46,46624.36,75.0,0.0,0,Fair,Rented,West,Approved,Non-Default
CUST000492,Male,38,High School,Self-employed,Divorced,3,38888.0,702.0,2,LN000492,Auto,200920.0,60,14.29,4705.32,19.54,3.0,0,Excellent,Owned,East,Rejected,Non-Default
CUST000493,Female,54,Graduate,Salaried,Single,0,31399.0,757.0,0,LN000493,Personal,358708.0,24,14.09,17237.86,72.71,5.8,0,Excellent,Owned,West,Approved,Non-Default
CUST000494,Male,23,Graduate,Salaried,Single,0,90459.0,602.0,2,LN000494,Home,186625.0,60,14.48,4389.02,5.51,4.5,1,Fair,Owned,South,Approved,Non-Default
CUST000495,Female,51,Postgraduate,Salaried,Married,0,53027.0,651.0,0,LN000495,Personal,166394.0,60,19.42,4354.9,5.0,2.7,2,Good,Owned,South,Approved,Non-Default
CUST000496,Male,36,Postgraduate,Unemployed,Married,3,38553.0,664.0,3,LN000496,Auto,315374.0,24,14.29,15185.26,48.81,5.9,1,Good,Owned,North,Approved,Non-Default
CUST000497,Male,28,Postgraduate,Self-employed,Single,0,88165.0,620.0,1,LN000497,Education,182766.0,48,15.25,5109.71,7.22,11.5,0,Fair,Rented,North,Rejected,Non-Default
CUST000498,Female,34,High School,Self-employed,Single,0,59234.0,642.0,2,LN000498,Home,68415.0,48,14.81,1897.46,9.07,10.0,0,Fair,Owned,North,Approved,Non-Default
CUST000499,Male,39,Graduate,Salaried,Married,2,76094.0,701.0,2,LN000499,Auto,117235.0,60,13.57,2701.79,7.9,2.2,0,Excellent,Rented,East,Approved,Non-Default
CUST000500,Female,53,High School,Salaried,Married,2,74066.0,660.0,1,LN000500,Home,99710.0,12,15.18,9008.13,24.93,12.2,0,Good,Owned,North,Approved,Non-Default
CUST000501,Male,33,Graduate,Self-employed,Single,0,48657.0,670.0,0,LN000501,Auto,120246.0,60,14.66,2839.23,18.16,0.0,2,Good,Rented,West,Approved,Default
CUST000502,Female,55,High School,Salaried,Married,0,68414.0,616.0,0,LN000502,Business,152499.0,36,16.32,5385.54,28.74,0.0,0,Fair,Owned,North,Approved,Non-Default
CUST000503,Male,34,Graduate,Salaried,Married,1,87884.0,745.0,0,LN000503,Education,216011.0,12,13.05,19298.58,29.35,8.4,1,Excellent,Rented,East,Approved,Non-Default
CUST000504,Male,54,Graduate,Salaried,Married,1,60866.0,679.0,2,LN000504,Auto,277312.0,36,15.38,9664.8,34.79,1.1,3,Good,Owned,West,Approved,Non-Default
CUST000505,Female,37,Postgraduate,Self-employed,Divorced,2,150225.0,633.0,2,LN000505,Home,99137.0,48,14.5,2734.0,5.0,11.8,0,Fair,Rented,North,Approved,Non-Default
CUST000506,Female,63,High School,Self-employed,Married,1,87705.0,680.0,0,LN000506,Business,153914.0,36,16.27,5431.7,18.23,24.2,0,Good,Owned,South,Approved,Non-Default
CUST000507,Male,48,Graduate,Salaried,Divorced,3,51828.0,621.0,2,LN000507,Personal,250676.0,60,16.14,6114.62,27.48,4.8,0,Fair,Mortgage,West,Rejected,Non-Default
CUST000508,Male,38,Graduate,Salaried,Married,0,57938.0,811.0,0,LN000508,Home,337336.0,36,13.55,11455.75,36.29,10.4,0,Excellent,Mortgage,East,Approved,Non-Default
CUST000509,Female,58,Graduate,Salaried,Married,2,35123.0,736.0,2,LN000509,Auto,114738.0,36,15.54,4007.84,18.19,9.6,0,Excellent,Rented,North,Approved,Default
CUST000510,Male,42,Postgraduate,Unemployed,Married,2,57414.0,754.0,0,LN000510,Home,190402.0,36,13.62,6472.4,30.19,8.5,0,Excellent,Rented,North,Approved,Non-Default
CUST000511,Female,29,High School,Salaried,Married,1,101833.0,714.0,0,LN000511,Personal,127782.0,36,16.5,4524.04,14.03,2.1,0,Excellent,Mortgage,North,Approved,Non-Default
CUST000512,Male,37,High School,Salaried,Single,1,107915.0,659.0,0,LN000512,Education,474078.0,24,15.31,23056.34,38.94,4.2,0,Good,Mortgage,West,Approved,Non-Default
CUST000513,Female,26,Postgraduate,Salaried,Married,0,36217.0,699.0,1,LN000513,Education,85543.0,36,13.05,2884.34,27.98,5.3,0,Good,Rented,North,Approved,Non-Default
CUST000514,Male,28,High School,Salaried,Married,1,103374.0,547.0,0,LN000514,Personal,61480.0,60,18.37,1573.59,5.0,8.4,0,Poor,Mortgage,South,Approved,Default
CUST000515,Female,50,Postgraduate,Self-employed,Married,1,,691.0,1,LN000515,Personal,157737.0,72,15.23,3355.08,9.3,17.6,2,Good,Owned,South,Approved,Non-Default
CUST000516,Male,43,Graduate,Self-employed,Single,0,30192.0,684.0,1,LN000516,Home,223018.0,24,14.41,10750.98,64.57,9.1,0,Good,Mortgage,South,Approved,Non-Default
CUST000517,Female,32,Graduate,Self-employed,Divorced,3,37261.0,651.0,1,LN000517,Personal,98454.0,36,15.96,3459.41,22.96,15.8,0,Good,Mortgage,South,Rejected,Non-Default
CUST000518,Male,45,Graduate,Salaried,Married,0,58659.0,678.0,0,LN000518,Personal,272899.0,24,15.26,13265.69,29.03,0.0,0,Good,Owned,South,Approved,Non-Default
CUST000519,Female,32,Graduate,Salaried,Married,0,81371.0,679.0,0,LN000519,Auto,240389.0,24,15.44,11705.97,17.36,13.9,0,Good,Owned,East,Approved,Non-Default
CUST000520,Male,43,Graduate,,Married,1,50390.0,790.0,0,LN000520,Auto,281785.0,60,14.39,6613.76,23.57,12.7,0,Excellent,Mortgage,West,Approved,Non-Default
CUST000521,Female,43,High School,Salaried,Married,0,32770.0,767.0,0,LN000521,Business,107753.0,48,15.43,3022.39,11.96,0.6,0,Excellent,Mortgage,South,Approved,Non-Default
CUST000522,Male,49,Graduate,Self-employed,Married,0,100311.0,668.0,0,LN000522,Auto,758296.0,36,14.83,26223.5,31.93,1.9,1,Good,Rented,West,Rejected,Non-Default
CUST000523,Male,21,Postgraduate,Self-employed,Married,0,119447.0,720.0,1,LN000523,Home,160985.0,24,13.94,7724.79,22.44,8.9,1,Excellent,Owned,North,Approved,Non-Default
CUST000524,Male,45,Graduate,Salaried,Married,2,65969.0,735.0,0,LN000524,Home,245722.0,24,14.75,11885.07,32.48,3.4,1,Excellent,Rented,North,Rejected,Non-Default
CUST000525,Female,54,Postgraduate,Salaried,Single,0,29193.0,648.0,3,LN000525,Personal,263154.0,48,15.52,7393.32,34.12,8.5,0,Fair,Rented,West,Approved,Non-Default
CUST000526,Male,54,High School,Salaried,Married,0,43176.0,754.0,0,LN000526,Home,468730.0,24,15.14,22758.34,74.35,7.2,1,Excellent,Rented,West,Approved,Non-Default
CUST000527,Male,49,Graduate,Salaried,Single,0,37692.0,730.0,0,LN000527,Home,819343.0,60,11.57,18048.3,54.76,5.8,1,Excellent,Rented,East,Approved,Default
CUST000528,Male,40,High School,Unemployed,Single,2,19193.0,671.0,2,LN000528,Auto,427325.0,36,16.01,15025.59,75.0,12.8,0,Good,Owned,North,Approved,Default
CUST000529,Male,39,Graduate,Salaried,Married,2,41345.0,647.0,0,LN000529,Personal,151687.0,24,15.8,7412.58,32.46,9.1,0,Fair,Rented,South,Approved,Default
CUST000530,Female,21,Graduate,Self-employed,Single,0,61704.0,717.0,1,LN000530,Education,71287.0,12,12.59,6353.46,20.78,0.0,1,Excellent,Rented,West,Approved,Non-Default
CUST000531,Female,32,High School,Salaried,Married,0,65772.0,693.0,2,LN000531,Education,176300.0,60,13.19,4028.54,19.71,16.4,0,Good,Owned,West,Approved,Non-Default
CUST000532,Male,37,High School,Salaried,Single,1,46411.0,696.0,1,LN000532,Business,185769.0,60,14.97,4416.51,19.67,7.9,0,Good,Rented,South,Approved,Non-Default
CUST000533,Female,26,Graduate,Salaried,Married,0,40690.0,654.0,2,LN000533,Auto,119422.0,48,13.6,3239.47,17.87,8.0,2,Good,Rented,West,Approved,Non-Default
CUST000534,Male,22,Postgraduate,Salaried,Single,2,75534.0,763.0,2,LN000534,Home,100444.0,72,11.43,1934.05,5.0,14.0,0,Excellent,Rented,East,Approved,Non-Default
CUST000535,Male,33,Postgraduate,Salaried,Single,1,44002.0,722.0,1,LN000535,Home,210707.0,12,14.08,18926.71,53.48,2.2,0,Excellent,Owned,South,Approved,Default
CUST000536,Male,24,Postgraduate,Salaried,Married,1,51821.0,737.0,1,LN000536,Personal,580967.0,24,16.0,28445.95,72.62,14.1,2,Excellent,Mortgage,East,Approved,Default
CUST000537,Female,39,Postgraduate,Salaried,Married,2,56261.0,583.0,2,LN000537,Education,328004.0,72,15.38,7003.52,21.69,7.9,0,Fair,Owned,South,Approved,Default
CUST000538,Female,24,Graduate,Salaried,Single,2,35703.0,786.0,1,LN000538,Education,602202.0,36,14.29,20666.76,73.55,3.4,0,Excellent,Owned,North,Approved,Non-Default
CUST000539,Female,43,Graduate,Salaried,Married,1,74227.0,680.0,0,LN000539,Business,242807.0,36,14.93,8408.66,16.85,12.2,0,Good,Rented,North,Approved,Non-Default
CUST000540,Male,33,Postgraduate,Unemployed,Married,0,82765.0,652.0,0,LN000540,Business,309932.0,60,17.27,7747.68,7.29,14.2,1,Good,Mortgage,South,Approved,Non-Default
CUST000541,Female,31,Graduate,Salaried,Married,1,123968.0,632.0,0,LN000541,Education,122976.0,36,14.49,4232.35,27.55,4.5,0,Fair,Mortgage,South,Rejected,Non-Default
CUST000542,Male,37,Graduate,Self-employed,Divorced,1,39636.0,767.0,0,LN000542,Home,125353.0,60,11.14,2734.24,11.42,5.4,0,Excellent,Owned,East,Approved,Non-Default
CUST000543,Female,35,Graduate,Salaried,Single,3,94564.0,618.0,1,LN000543,Auto,125673.0,48,16.56,3597.75,14.6,5.7,0,Fair,Owned,East,Approved,Non-Default
CUST000544,Male,42,Postgraduate,Self-employed,Single,1,22495.0,684.0,0,LN000544,Personal,258327.0,60,16.87,6402.05,38.75,7.9,0,Good,Owned,West,Approved,Non-Default
CUST000545,Female,38,High School,Salaried,Single,2,45104.0,749.0,0,LN000545,Home,77226.0,36,12.73,2592.02,22.92,13.2,0,Excellent,Mortgage,West,Approved,Non-Default
CUST000546,Male,38,Graduate,Salaried,Single,2,49119.0,747.0,1,LN000546,Auto,200364.0,36,14.38,6885.0,20.94,17.0,0,Excellent,Owned,East,Approved,Non-Default
CUST000547,Male,34,Graduate,Self-employed,Divorced,1,47414.0,775.0,0,LN000547,Auto,36263.0,12,14.06,3256.97,16.3,0.0,0,Excellent,Owned,South,Approved,Non-Default
CUST000548,Male,32,Graduate,Salaried,Single,2,48791.0,745.0,3,LN000548,Business,107188.0,36,13.5,3637.46,5.0,0.0,0,Excellent,Owned,North,Approved,Non-Default
CUST000549,Female,43,High School,Unemployed,Divorced,1,51265.0,720.0,1,LN000549,Personal,332798.0,36,16.35,11757.78,25.46,18.7,0,Excellent,Owned,North,Approved,Non-Default
CUST000550,Male,36,Graduate,Salaried,Married,1,135399.0,711.0,1,LN000550,Home,36084.0,48,14.57,996.4,10.13,3.1,1,Excellent,Rented,East,Approved,Non-Default
CUST000551,Male,21,High School,Salaried,Married,0,42949.0,731.0,1,LN000551,Home,125159.0,36,13.52,4248.52,27.24,5.6,0,Excellent,Rented,North,Rejected,Non-Default
CUST000552,Male,37,High School,Salaried,Single,1,62123.0,729.0,0,LN000552,Auto,157816.0,36,11.78,5225.18,27.51,17.0,0,Excellent,Rented,South,Approved,Non-Default
CUST000553,Female,36,Postgraduate,Self-employed,Married,2,46769.0,718.0,0,LN000553,Home,614694.0,36,13.42,20836.04,51.73,8.3,0,Excellent,Owned,East,Approved,Non-Default
CUST000554,Male,48,Graduate,Salaried,Single,0,37842.0,787.0,0,LN000554,Education,131195.0,36,13.4,4445.8,23.96,15.3,0,Excellent,Owned,North,Approved,Non-Default
CUST000555,Female,55,High School,Salaried,Divorced,0,42042.0,689.0,1,LN000555,Auto,142913.0,48,15.33,4001.32,16.15,5.6,0,Good,Rented,East,Approved,Default
CUST000556,Male,65,Graduate,Unemployed,Single,3,99399.0,788.0,1,LN000556,Home,304975.0,24,12.73,14460.42,28.53,9.8,0,Excellent,Mortgage,South,Approved,Non-Default
CUST000557,Male,34,Graduate,Salaried,Single,1,90972.0,622.0,0,LN000557,Home,1043938.0,36,15.82,36609.06,65.66,0.0,0,Fair,Owned,East,Approved,Non-Default
CUST000558,Female,48,Graduate,Salaried,Married,1,38781.0,666.0,0,LN000558,Business,68510.0,12,16.44,6230.24,11.6,6.8,0,Good,Mortgage,West,Approved,Non-Default
CUST000559,Female,47,Postgraduate,Salaried,Married,0,71913.0,634.0,1,LN000559,Home,88850.0,60,13.44,2041.68,16.77,0.0,0,Fair,Rented,West,Approved,Non-Default
CUST000560,Female,22,Graduate,Salaried,Single,1,79875.0,741.0,0,LN000560,Personal,125600.0,60,14.79,2974.19,5.54,4.9,0,Excellent,Owned,East,Rejected,Non-Default
CUST000561,Male,21,Postgraduate,Self-employed,Single,0,41931.0,667.0,0,LN000561,Auto,77843.0,12,14.31,7000.66,35.99,4.1,0,Good,Rented,South,Approved,Non-Default
CUST000562,Male,21,Graduate,Salaried,Single,0,62817.0,669.0,2,LN000562,Education,220964.0,12,14.67,19909.45,49.43,0.0,0,Good,Owned,East,Approved,Non-Default
CUST000563,Male,41,Postgraduate,Salaried,Single,2,47739.0,663.0,1,LN000563,Personal,292822.0,48,17.15,8472.13,25.78,7.6,0,Good,Rented,East,Approved,Default
CUST000564,Female,33,Postgraduate,Salaried,Married,1,63305.0,646.0,0,LN000564,Business,318349.0,48,15.71,8974.89,20.58,9.1,1,Fair,Owned,West,Approved,Non-Default
CUST000565,Female,53,Graduate,Self-employed,Married,1,32848.0,593.0,1,LN000565,Business,109107.0,12,14.58,9826.2,40.58,10.3,0,Fair,Rented,South,Approved,Default
CUST000566,Male,36,Graduate,Self-employed,Divorced,2,59931.0,622.0,1,LN000566,Auto,236035.0,36,15.63,8255.24,22.09,7.1,2,Fair,Mortgage,South,Approved,Non-Default
CUST000567,Female,54,Graduate,Salaried,Married,3,53661.0,587.0,1,LN000567,Home,108369.0,48,14.97,3014.34,5.0,0.2,0,Fair,Rented,East,Approved,Default
CUST000568,Male,46,Graduate,Self-employed,Married,0,48994.0,611.0,0,LN000568,Home,37636.0,36,16.47,1331.92,21.88,8.8,1,Fair,Owned,South,Approved,Non-Default
CUST000569,Male,61,Graduate,Salaried,Married,1,62511.0,657.0,0,LN000569,Auto,134697.0,60,13.98,3132.77,15.73,7.5,0,Good,Rented,West,Approved,Non-Default
CUST000570,Male,21,Graduate,Salaried,Married,1,86059.0,770.0,1,LN000570,Home,106596.0,36,15.29,3710.34,5.78,7.1,0,Excellent,Owned,East,Approved,Non-Default
CUST000571,Female,49,Graduate,Salaried,Single,0,82560.0,640.0,1,LN000571,Business,205115.0,24,17.47,10187.73,20.64,4.1,0,Fair,Rented,South,Rejected,Non-Default
CUST000572,Female,36,Postgraduate,Self-employed,Married,3,37911.0,664.0,1,LN000572,Auto,274163.0,36,14.73,9467.74,47.79,13.7,0,Good,Rented,East,Approved,Default
CUST000573,Male,44,Graduate,Self-employed,Married,0,79701.0,783.0,0,LN000573,Education,195932.0,48,13.54,5309.03,15.64,4.2,0,Excellent,Rented,South,Approved,Non-Default
CUST000574,Male,46,High School,Salaried,Married,0,40827.0,792.0,1,LN000574,Education,54011.0,36,14.41,1856.74,18.7,5.4,0,Excellent,Rented,West,Approved,Non-Default
CUST000575,Male,33,High School,Unemployed,Married,2,56329.0,657.0,1,LN000575,Home,768230.0,24,13.72,36783.4,75.0,17.9,0,Good,Owned,North,Approved,Non-Default
CUST000576,Male,29,Graduate,Salaried,Married,1,67976.0,696.0,0,LN000576,Home,150030.0,36,13.56,5095.67,15.87,11.2,0,Good,Rented,West,Approved,Non-Default
CUST000577,Female,55,High School,Salaried,Married,0,81190.0,684.0,2,LN000577,Personal,139803.0,24,16.84,6901.43,16.14,4.6,0,Good,Mortgage,South,Rejected,Non-Default
CUST000578,Male,45,Graduate,Unemployed,Married,3,49779.0,650.0,0,LN000578,Home,112620.0,72,15.43,2407.73,16.92,4.0,0,Good,Rented,South,Approved,Non-Default
CUST000579,Female,51,Graduate,Salaried,Married,2,25998.0,689.0,3,LN000579,Auto,239368.0,12,15.15,21621.9,75.0,6.0,0,Good,Rented,South,Approved,Non-Default
CUST000580,Male,55,High School,Salaried,Married,1,112152.0,589.0,0,LN000580,Home,420839.0,36,16.17,14830.8,16.0,7.9,0,Fair,Mortgage,West,Approved,Default
CUST000581,Female,67,High School,Salaried,Single,1,59759.0,694.0,1,LN000581,Education,257327.0,36,15.15,8939.24,25.68,4.3,0,Good,Rented,West,Approved,Non-Default
CUST000582,Male,44,Graduate,Salaried,Married,0,72274.0,695.0,0,LN000582,Business,67599.0,60,16.59,1665.14,20.87,15.8,0,Good,Rented,East,Approved,Non-Default
CUST000583,Male,33,Graduate,Self-employed,Married,0,59183.0,669.0,3,LN000583,Auto,207047.0,24,17.07,10243.84,37.81,0.5,0,Good,Owned,South,Approved,Non-Default
CUST000584,Female,43,Postgraduate,Salaried,Single,3,69429.0,674.0,0,LN000584,Personal,566947.0,24,16.48,27889.69,50.39,5.0,0,Good,Owned,West,Approved,Non-Default
CUST000585,Female,52,Graduate,Self-employed,Single,1,94802.0,691.0,1,LN000585,Business,100117.0,24,14.91,4850.06,20.22,3.7,0,Good,Rented,South,Approved,Default
CUST000586,Female,36,High School,Self-employed,Married,1,53218.0,805.0,0,LN000586,Business,370887.0,48,12.47,9852.68,28.08,4.2,3,Excellent,Mortgage,West,Approved,Non-Default
CUST000587,Male,33,Postgraduate,Salaried,Single,1,42288.0,672.0,0,LN000587,Home,207444.0,48,14.58,5729.25,18.37,8.0,0,Good,Owned,South,Approved,Non-Default
CUST000588,Male,21,Graduate,Self-employed,Married,3,29095.0,713.0,1,LN000588,Auto,234378.0,60,13.69,5415.97,30.58,8.3,2,Excellent,Rented,South,Approved,Non-Default
CUST000589,Female,42,Graduate,Self-employed,Married,2,47340.0,650.0,3,LN000589,Personal,777028.0,36,16.51,27514.05,75.0,0.2,0,Good,Rented,South,Approved,Non-Default
CUST000590,Male,39,High School,Salaried,Married,2,55255.0,656.0,0,LN000590,Personal,80294.0,24,16.48,3949.88,19.67,15.9,0,Good,Rented,North,Approved,Non-Default
CUST000591,Male,36,High School,Salaried,Married,0,39289.0,588.0,0,LN000591,Education,247285.0,36,17.17,8837.32,29.57,6.9,0,Fair,Owned,South,Approved,Default
CUST000592,Male,47,Graduate,Salaried,Single,0,119461.0,793.0,2,LN000592,Home,139039.0,60,13.89,3227.27,6.39,16.5,2,Excellent,Rented,East,Rejected,Non-Default
CUST000593,Female,41,Graduate,Unemployed,Single,1,114493.0,756.0,1,LN000593,Home,349807.0,24,12.39,16530.41,17.75,12.4,0,Excellent,Owned,North,Approved,Non-Default
CUST000594,Male,46,Postgraduate,Salaried,Married,0,64054.0,686.0,2,LN000594,Personal,148968.0,48,16.17,4234.78,19.91,15.7,0,Good,Rented,East,Approved,Non-Default
CUST000595,Female,70,Postgraduate,Salaried,Divorced,1,54679.0,675.0,2,LN000595,Business,308166.0,72,17.23,6895.11,28.15,2.6,0,Good,Owned,West,Approved,Default
CUST000596,Male,52,Graduate,Unemployed,Divorced,1,76546.0,645.0,1,LN000596,Personal,196819.0,36,15.88,6907.92,16.52,11.1,0,Fair,Rented,South,Approved,Non-Default
CUST000597,Male,42,High School,Self-employed,Married,0,48769.0,623.0,2,LN000597,Business,217494.0,12,16.85,19821.01,66.74,4.2,0,Fair,Owned,South,Approved,Non-Default
CUST000598,Male,41,High School,Salaried,Married,0,115232.0,724.0,0,LN000598,Home,177991.0,24,13.37,8492.98,14.99,8.3,1,Excellent,Mortgage,South,Approved,Non-Default
CUST000599,Male,36,Graduate,Self-employed,Divorced,2,176692.0,767.0,1,LN000599,Home,145560.0,48,12.95,3901.4,8.97,18.6,1,Excellent,Rented,South,Approved,Non-Default
CUST000600,Female,42,Postgraduate,Self-employed,Married,0,48904.0,566.0,2,LN000600,Personal,345986.0,60,18.51,8882.04,32.44,5.2,0,Fair,Owned,East,Rejected,Default
CUST000601,Male,30,Graduate,Salaried,Married,2,38892.0,714.0,0,LN000601,Education,162581.0,60,14.03,3785.5,9.98,14.9,0,Excellent,Rented,West,Approved,Non-Default
CUST000602,Female,41,Postgraduate,Unemployed,Married,0,42217.0,622.0,1,LN000602,Personal,135088.0,36,15.97,4747.29,13.27,2.5,1,Fair,Rented,North,Rejected,Non-Default
CUST000603,Male,23,Graduate,Salaried,Married,2,30013.0,708.0,2,LN000603,Personal,75207.0,24,18.34,3767.01,17.88,6.5,0,Excellent,Mortgage,West,Rejected,Non-Default
CUST000604,Female,51,Graduate,Salaried,Single,0,77204.0,649.0,1,LN000604,Auto,140602.0,48,15.49,3948.07,24.7,7.9,0,Fair,Rented,West,Approved,Non-Default
CUST000605,Male,58,Graduate,Salaried,Married,2,105101.0,740.0,0,LN000605,Home,90992.0,12,13.07,8130.15,9.56,1.6,1,Excellent,Mortgage,West,Approved,Non-Default
CUST000606,Male,34,High School,Salaried,Married,1,56890.0,664.0,1,LN000606,Personal,143783.0,36,16.15,5065.64,18.81,12.9,0,Good,Mortgage,North,Approved,Non-Default
CUST000607,Female,29,High School,Salaried,Single,0,33557.0,645.0,1,LN000607,Home,320928.0,60,15.82,7773.69,52.23,10.7,0,Fair,Rented,South,Approved,Default
CUST000608,Female,29,Graduate,Salaried,Married,1,137407.0,661.0,2,LN000608,Auto,105936.0,60,14.3,2481.45,5.39,13.7,0,Good,Owned,West,Rejected,Non-Default
CUST000609,Male,46,Graduate,Unemployed,Married,1,35481.0,676.0,1,LN000609,Personal,419944.0,36,14.95,14547.22,39.82,12.7,2,Good,Owned,East,Approved,Non-Default
CUST000610,Male,46,High School,Salaried,Single,0,99768.0,759.0,2,LN000610,Education,63931.0,60,13.82,1481.6,13.85,9.0,0,Excellent,Owned,West,Approved,Non-Default
CUST000611,Female,50,Graduate,Unemployed,Married,0,76397.0,683.0,1,LN000611,Home,267984.0,48,15.49,7524.93,7.95,7.6,1,Good,Owned,West,Approved,Non-Default
CUST000612,Male,21,Graduate,Self-employed,Single,0,25352.0,595.0,0,LN000612,Auto,194769.0,12,14.38,17522.59,75.0,12.9,0,Fair,Rented,West,Rejected,Default
CUST000613,Male,54,High School,Salaried,Married,1,37669.0,731.0,0,LN000613,Personal,330013.0,24,16.79,16283.31,63.34,13.8,1,Excellent,Rented,East,Approved,Default
CUST000614,Male,38,High School,Salaried,Divorced,0,27804.0,671.0,1,LN000614,Personal,109154.0,72,16.91,2422.78,21.69,9.2,0,Good,Owned,East,Approved,Non-Default
CUST000615,Male,51,Graduate,Salaried,Married,1,77632.0,685.0,0,LN000615,Education,473113.0,36,14.86,16368.2,30.84,12.0,0,Good,Owned,West,Rejected,Non-Default
CUST000616,Female,59,High School,Unemployed,Married,3,51155.0,715.0,2,LN000616,Auto,149625.0,60,16.45,3674.46,16.03,0.3,0,Excellent,Mortgage,East,Rejected,Non-Default
CUST000617,Female,36,Graduate,Self-employed,Married,0,32341.0,736.0,0,LN000617,Personal,118725.0,36,16.14,4182.23,34.57,13.7,0,Excellent,Rented,South,Approved,Non-Default
CUST000618,Female,45,Postgraduate,Salaried,Single,3,62034.0,707.0,0,LN000618,Auto,143135.0,48,13.32,3862.73,15.06,9.3,0,Excellent,Mortgage,South,Approved,Non-Default
CUST000619,Female,36,Graduate,Salaried,Married,1,37390.0,731.0,1,LN000619,Personal,101981.0,36,16.14,3592.4,17.15,8.6,0,Excellent,Rented,South,Rejected,Default
CUST000620,Female,37,Postgraduate,Salaried,Married,0,35279.0,706.0,0,LN000620,Auto,330873.0,36,18.0,11961.85,43.75,14.5,0,Excellent,Rented,East,Approved,Non-Default
CUST000621,Male,56,High School,Salaried,Divorced,0,88710.0,629.0,0,LN000621,Home,79546.0,72,16.93,1766.49,11.13,6.1,0,Fair,Mortgage,North,Approved,Non-Default
CUST000622,Female,38,High School,Salaried,Single,2,110167.0,643.0,2,LN000622,Personal,174960.0,12,17.63,16009.54,28.93,9.7,0,Fair,Rented,South,Approved,Non-Default
CUST000623,Male,49,High School,Salaried,Married,1,46681.0,726.0,1,LN000623,Home,316122.0,36,13.41,10713.93,40.36,13.2,0,Excellent,Owned,East,Rejected,Non-Default
CUST000624,Male,47,Graduate,Self-employed,Married,2,60098.0,683.0,0,LN000624,Home,143166.0,48,15.67,4033.21,12.05,6.2,0,Good,Rented,West,Approved,Non-Default
CUST000625,Female,54,Postgraduate,Self-employed,Married,2,31590.0,688.0,0,LN000625,Personal,105028.0,60,15.95,2551.29,13.34,5.6,1,Good,Rented,South,Approved,Non-Default
CUST000626,Female,61,Graduate,Unemployed,Single,0,67437.0,691.0,1,LN000626,Personal,53796.0,36,15.15,1868.81,5.0,12.5,0,Good,Owned,North,Approved,Non-Default
CUST000627,Female,47,High School,Salaried,Married,1,40712.0,714.0,3,LN000627,Home,239405.0,60,15.26,5728.15,21.49,4.6,0,Excellent,Rented,East,Approved,Non-Default
CUST000628,Male,51,Graduate,Unemployed,Single,1,47506.0,682.0,0,LN000628,Auto,96556.0,12,13.51,8647.24,33.71,2.7,0,Good,Mortgage,East,Approved,Non-Default
CUST000629,Female,58,High School,Salaried,Married,1,67195.0,782.0,0,LN000629,Personal,116879.0,12,13.84,10485.43,29.93,4.4,0,Excellent,Owned,North,Approved,Non-Default
CUST000630,Male,46,Postgraduate,Salaried,Single,1,41224.0,718.0,0,LN000630,Business,166098.0,48,16.57,4755.89,24.02,0.3,2,Excellent,Owned,West,Approved,Non-Default
CUST000631,Female,30,Postgraduate,Salaried,Married,0,46029.0,668.0,2,LN000631,Business,188769.0,12,14.17,16964.13,55.2,14.6,0,Good,Owned,South,Approved,Non-Default
CUST000632,Male,56,High School,Self-employed,Married,0,71723.0,772.0,0,LN000632,Business,259520.0,12,16.12,23561.21,51.87,17.9,0,Excellent,Owned,North,Approved,Default
CUST000633,Female,43,High School,Salaried,Single,0,31726.0,670.0,3,LN000633,Personal,178744.0,36,16.44,6323.01,47.57,3.7,0,Good,Rented,West,Approved,Non-Default
CUST000634,Female,57,High School,Unemployed,Married,3,53079.0,633.0,0,LN000634,Personal,201771.0,48,15.86,5703.79,17.72,16.5,0,Fair,Owned,East,Approved,Non-Default
CUST000635,Male,21,Graduate,Self-employed,Divorced,2,27153.0,601.0,1,LN000635,Personal,78224.0,48,17.29,2268.91,22.0,0.0,0,Fair,Rented,North,Approved,Non-Default
CUST000636,Female,56,Graduate,Salaried,Married,1,30382.0,648.0,2,LN000636,Auto,321280.0,24,14.76,15541.18,71.25,9.7,0,Fair,Rented,West,Approved,Non-Default
CUST000637,Male,47,Graduate,Salaried,Single,2,86982.0,720.0,1,LN000637,Personal,52716.0,36,15.57,1842.17,15.01,10.1,0,Excellent,Owned,North,Rejected,Non-Default
CUST000638,Male,41,Graduate,Self-employed,Divorced,0,124119.0,748.0,2,LN000638,Home,182298.0,12,14.02,16369.73,17.86,12.8,0,Excellent,Owned,South,Approved,Non-Default
CUST000639,Female,50,Graduate,Salaried,Married,0,115120.0,831.0,2,LN000639,Home,244507.0,36,13.2,8261.98,31.72,5.5,0,Excellent,Mortgage,West,Approved,Non-Default
CUST000640,Female,53,High School,Salaried,Single,3,42939.0,785.0,0,LN000640,Education,82982.0,24,14.75,4013.67,11.77,17.4,0,Excellent,Rented,West,Approved,Non-Default
CUST000641,Male,49,High School,Salaried,Married,0,137189.0,627.0,2,LN000641,Education,106679.0,60,15.51,2566.53,12.14,0.0,0,Fair,Mortgage,North,Approved,Non-Default
CUST000642,Male,49,Postgraduate,Self-employed,Married,2,45685.0,589.0,2,LN000642,Home,135360.0,12,14.97,12215.45,38.32,8.2,0,Fair,Mortgage,East,Rejected,Non-Default
CUST000643,Female,31,Graduate,Unemployed,Single,0,39779.0,708.0,2,LN000643,Home,236989.0,48,12.28,6273.46,32.87,12.1,0,Excellent,Owned,East,Approved,Non-Default
CUST000644,Male,28,High School,Salaried,Married,1,92215.0,646.0,1,LN000644,Business,322721.0,48,16.27,9190.69,12.19,5.7,3,Fair,Mortgage,North,Approved,Non-Default
CUST000645,Female,23,High School,Self-employed,Married,3,78896.0,534.0,1,LN000645,Business,271068.0,24,16.0,13272.33,22.74,7.8,0,Poor,Owned,West,Approved,Non-Default
CUST000646,Female,54,Graduate,Salaried,Married,2,23515.0,741.0,2,LN000646,Home,131767.0,60,12.17,2942.42,21.3,14.3,0,Excellent,Rented,North,Approved,Non-Default
CUST000647,Female,37,High School,Salaried,Married,1,75153.0,636.0,3,LN000647,Personal,185186.0,60,16.22,4525.04,17.55,5.2,1,Fair,Owned,East,Rejected,Non-Default
CUST000648,Male,35,High School,Salaried,Married,3,37946.0,626.0,2,LN000648,Personal,78245.0,24,15.45,3810.59,16.54,10.4,0,Fair,Mortgage,West,Rejected,Non-Default
CUST000649,Male,41,Graduate,Unemployed,Single,0,41556.0,610.0,1,LN000649,Education,77728.0,24,16.7,3831.85,7.35,6.9,1,Fair,Owned,West,Approved,Non-Default
CUST000650,Female,48,Graduate,Salaried,Married,1,34490.0,730.0,3,LN000650,Personal,280310.0,36,15.41,9773.41,54.19,10.0,0,Excellent,Rented,North,Rejected,Non-Default
CUST000651,Male,29,Graduate,Salaried,Divorced,0,106308.0,617.0,1,LN000651,Personal,386023.0,12,16.17,35055.26,39.81,22.5,1,Fair,Rented,South,Approved,Default
CUST000652,Female,41,High School,Salaried,Married,0,139879.0,619.0,0,LN000652,Education,222870.0,36,16.26,7864.09,8.35,6.2,1,Fair,Owned,North,Approved,Non-Default
CUST000653,Female,55,Graduate,Salaried,Single,0,114550.0,648.0,0,LN000653,Personal,179155.0,24,18.16,8958.01,30.93,12.6,0,Fair,Rented,East,Approved,Non-Default
CUST000654,Female,34,Graduate,Unemployed,Married,0,57444.0,656.0,1,LN000654,Business,93324.0,36,12.36,3115.76,5.0,3.0,0,Good,Rented,South,Approved,Default
CUST000655,Female,63,Graduate,Salaried,Married,0,37565.0,717.0,2,LN000655,Home,83257.0,36,15.35,2900.42,19.62,13.7,0,Excellent,Mortgage,North,Approved,Non-Default
CUST000656,Female,50,Graduate,Salaried,Married,2,72305.0,782.0,0,LN000656,Home,103147.0,36,11.51,3401.87,7.9,5.3,0,Excellent,Mortgage,East,Approved,Non-Default
CUST000657,Male,36,High School,Self-employed,Single,0,37183.0,701.0,0,LN000657,Education,569099.0,24,13.64,27227.4,75.0,5.1,0,Excellent,Owned,North,Rejected,Default
CUST000658,Male,46,High School,Self-employed,Married,1,78734.0,749.0,2,LN000658,Business,71779.0,72,14.27,1489.46,12.83,22.9,0,Excellent,Owned,South,Approved,Non-Default
CUST000659,Female,40,Postgraduate,Salaried,Single,1,41169.0,657.0,1,LN000659,Business,191962.0,36,15.84,6733.66,40.92,0.0,0,Good,Rented,East,Approved,Non-Default
CUST000660,Female,41,Graduate,Salaried,Married,1,26523.0,545.0,1,LN000660,Personal,243024.0,48,20.22,7423.82,42.12,7.4,2,Poor,Owned,West,Approved,Default
CUST000661,Male,37,High School,Unemployed,Single,2,35818.0,676.0,1,LN000661,Home,190482.0,48,13.94,5199.47,24.64,10.3,0,Good,Mortgage,North,Rejected,Non-Default
CUST000662,Male,39,High School,Salaried,Divorced,0,103406.0,576.0,2,LN000662,Education,65399.0,12,14.33,5882.15,20.93,14.3,0,Fair,Mortgage,North,Approved,Non-Default
CUST000663,Female,42,Postgraduate,Self-employed,Single,1,35725.0,745.0,1,LN000663,Business,147305.0,48,14.84,4087.67,32.32,6.7,0,Excellent,Owned,East,Rejected,Non-Default
CUST000664,Female,33,High School,Salaried,Married,0,47477.0,773.0,0,LN000664,Home,224456.0,24,12.48,10616.31,28.8,16.0,0,Excellent,Mortgage,West,Approved,Non-Default
CUST000665,Male,37,High School,Self-employed,Married,0,20943.0,746.0,0,LN000665,Business,191119.0,36,12.58,6400.96,52.51,6.4,1,Excellent,Mortgage,North,Approved,Default
CUST000666,Female,52,High School,Salaried,Single,1,53165.0,745.0,0,LN000666,Personal,206571.0,36,16.69,7332.99,30.69,0.0,2,Excellent,Owned,East,Approved,Non-Default
CUST000667,Female,39,Graduate,Unemployed,Married,3,31897.0,659.0,2,LN000667,Business,432036.0,12,14.51,38895.02,75.0,9.8,0,Good,Owned,East,Approved,Default
CUST000668,Female,62,High School,Salaried,Divorced,0,40163.0,666.0,0,LN000668,Education,224253.0,48,12.81,5995.02,33.67,9.6,0,Good,Rented,East,Approved,Non-Default
CUST000669,Male,48,High School,Salaried,Divorced,0,32716.0,548.0,3,LN000669,Auto,147592.0,60,15.04,3514.3,24.78,20.2,0,Poor,Rented,North,Rejected,Default
CUST000670,Male,37,Graduate,Salaried,Married,1,93766.0,715.0,3,LN000670,Home,126589.0,48,13.71,3440.84,9.62,2.8,0,Excellent,Rented,South,Approved,Non-Default
CUST000671,Male,39,Graduate,Salaried,Married,2,76976.0,692.0,0,LN000671,Business,212293.0,36,17.54,7626.0,33.06,5.5,2,Good,Owned,West,Rejected,Default
CUST000672,Female,34,Graduate,Self-employed,Married,0,72678.0,680.0,1,LN000672,Home,439056.0,48,15.67,12368.89,40.25,0.0,0,Good,Rented,East,Approved,Non-Default
CUST000673,Female,44,High School,Unemployed,Divorced,0,49621.0,819.0,0,LN000673,Home,131666.0,24,13.83,6311.1,18.59,0.0,0,Excellent,Rented,West,Approved,Non-Default
CUST000674,Female,40,Postgraduate,Self-employed,Married,1,71015.0,646.0,0,LN000674,Personal,64799.0,12,15.89,5875.9,5.0,20.8,0,Fair,Owned,West,Approved,Non-Default
CUST000675,Male,39,Graduate,Salaried,Married,3,60362.0,836.0,0,LN000675,Personal,79505.0,36,15.95,2793.2,18.29,4.2,0,Excellent,Mortgage,East,Approved,Non-Default
CUST000676,Male,50,High School,Salaried,Married,1,64481.0,617.0,0,LN000676,Home,206013.0,24,15.24,10012.39,26.81,7.4,0,Fair,Owned,West,Rejected,Non-Default
CUST000677,Male,34,Graduate,Unemployed,Married,2,61277.0,757.0,1,LN000677,Home,175290.0,36,14.08,5997.81,14.28,0.0,0,Excellent,Owned,East,Rejected,Default
CUST000678,Male,37,Graduate,Self-employed,Married,0,46225.0,700.0,0,LN000678,Personal,336519.0,60,15.88,8162.05,31.33,0.0,0,Excellent,Rented,South,Rejected,Non-Default
CUST000679,Female,33,High School,Self-employed,Single,0,96931.0,620.0,1,LN000679,Business,58397.0,60,14.87,1385.28,15.27,0.0,1,Fair,Rented,South,Rejected,Non-Default
CUST000680,Male,39,Postgraduate,Salaried,Single,1,82806.0,766.0,2,LN000680,Business,266361.0,72,14.03,5492.85,11.31,6.0,1,Excellent,Rented,South,Approved,Non-Default
CUST000681,Male,39,Graduate,Salaried,Single,2,59751.0,723.0,2,LN000681,Auto,166530.0,12,15.62,15079.48,36.9,13.8,0,Excellent,Owned,East,Approved,Non-Default
CUST000682,Female,41,Graduate,Salaried,Married,1,57422.0,626.0,0,LN000682,Business,206543.0,72,15.13,4381.95,32.64,14.3,0,Fair,Owned,West,Approved,Default
CUST000683,Female,49,Graduate,Salaried,Divorced,1,76186.0,744.0,0,LN000683,Home,458486.0,36,15.25,15949.76,44.07,23.5,0,Excellent,Mortgage,North,Approved,Non-Default
CUST000684,Female,52,Graduate,Self-employed,Single,1,58977.0,832.0,0,LN000684,Personal,38379.0,48,16.62,1099.9,13.68,17.1,0,Excellent,Owned,West,Approved,Non-Default
CUST000685,Female,52,Postgraduate,Salaried,Married,0,49596.0,779.0,0,LN000685,Home,103147.0,24,13.49,4927.57,6.55,10.7,0,Excellent,Mortgage,East,Approved,Default
CUST000686,Female,29,High School,Salaried,Divorced,0,114101.0,740.0,0,LN000686,Auto,205007.0,36,12.59,6867.08,21.6,23.8,2,Excellent,Owned,South,Rejected,Non-Default
CUST000687,Male,46,Postgraduate,Self-employed,Single,1,61909.0,617.0,1,LN000687,Auto,394537.0,60,17.25,9858.37,31.16,3.0,0,Fair,Rented,North,Approved,Non-Default
CUST000688,Male,40,Graduate,Salaried,Divorced,1,67325.0,609.0,2,LN000688,Home,98641.0,36,15.6,3448.48,17.46,17.8,0,Fair,Rented,South,Approved,Non-Default
CUST000689,Male,40,Graduate,Salaried,Married,0,51134.0,612.0,1,LN000689,Personal,122613.0,48,15.99,3474.26,12.19,8.2,0,Fair,Rented,South,Approved,Non-Default
CUST000690,Male,28,Postgraduate,Self-employed,Married,1,50644.0,703.0,0,LN000690,Business,71305.0,36,16.75,2533.35,7.72,16.2,1,Excellent,Rented,East,Approved,Non-Default
CUST000691,Female,59,High School,Self-employed,Married,0,62168.0,741.0,2,LN000691,Home,143715.0,36,12.64,4817.44,19.56,12.8,0,Excellent,Owned,North,Approved,Non-Default
CUST000692,Female,27,Graduate,Self-employed,Married,2,107353.0,724.0,1,LN000692,Personal,118377.0,36,17.58,4254.71,19.65,1.9,0,Excellent,Owned,South,Approved,Non-Default
CUST000693,Female,37,Graduate,Self-employed,Single,0,40874.0,640.0,1,LN000693,Business,228764.0,60,17.27,5718.64,27.05,0.0,0,Fair,Owned,South,Approved,Non-Default
CUST000694,Male,45,High School,Self-employed,Married,2,24881.0,681.0,3,LN000694,Business,87926.0,48,15.23,2457.31,7.03,7.7,2,Good,Mortgage,East,Approved,Non-Default
CUST000695,Female,41,Graduate,Self-employed,Single,0,77447.0,784.0,2,LN000695,Auto,183057.0,12,14.57,16485.3,41.92,0.0,1,Excellent,Rented,East,Approved,Non-Default
CUST000696,Female,33,High School,Salaried,Married,0,91142.0,715.0,2,LN000696,Auto,150986.0,48,15.86,4268.17,17.66,9.0,0,Excellent,Owned,East,Approved,Non-Default
CUST000697,Female,49,Graduate,Salaried,Married,1,64387.0,666.0,1,LN000697,Education,350506.0,48,14.25,9622.11,21.58,12.2,0,Good,Rented,West,Approved,Non-Default
CUST000698,Male,56,Graduate,Salaried,Married,0,42705.0,596.0,2,LN000698,Home,245914.0,36,16.17,8666.26,30.81,8.7,1,Fair,Rented,South,Rejected,Non-Default
CUST000699,Female,36,High School,Salaried,Married,0,56435.0,737.0,0,LN000699,Auto,179874.0,24,12.38,8499.25,24.92,3.3,0,Excellent,Mortgage,North,Approved,Non-Default
CUST000700,Male,42,Graduate,Salaried,Married,2,27847.0,657.0,1,LN000700,Auto,162767.0,72,13.13,3278.58,15.79,0.0,0,Good,Rented,West,Approved,Non-Default
CUST000701,Female,23,Graduate,Self-employed,Single,1,64589.0,718.0,1,LN000701,Education,200749.0,12,14.41,18063.42,50.42,11.8,1,Excellent,Mortgage,East,Approved,Non-Default
CUST000702,Female,39,Graduate,Self-employed,Single,2,60430.0,799.0,0,LN000702,Personal,1500000.0,24,13.79,71870.6,75.0,15.0,0,Excellent,Owned,West,Approved,Non-Default
CUST000703,Female,45,Graduate,Self-employed,Married,1,29993.0,585.0,0,LN000703,Home,295232.0,36,17.27,10565.54,53.23,6.1,0,Fair,Mortgage,West,Approved,Non-Default
CUST000704,Female,41,High School,Salaried,Divorced,0,74886.0,667.0,0,LN000704,Home,132310.0,24,15.03,6417.15,20.85,9.0,0,Good,Owned,South,Rejected,Non-Default
CUST000705,Male,28,Postgraduate,Salaried,Married,2,37014.0,670.0,1,LN000705,Personal,168942.0,60,15.59,4071.63,19.08,4.7,0,Good,Owned,East,Approved,Default
CUST000706,Female,31,Graduate,Self-employed,Married,0,44106.0,776.0,0,LN000706,Auto,85659.0,36,13.83,2920.55,18.23,7.5,1,Excellent,Mortgage,South,Approved,Non-Default
CUST000707,Female,39,Graduate,Self-employed,Divorced,0,60059.0,666.0,2,LN000707,Business,97065.0,60,17.08,2416.49,17.34,8.9,0,Good,Owned,West,Rejected,Non-Default
CUST000708,Male,38,Graduate,Salaried,Single,1,40370.0,656.0,0,LN000708,Home,85570.0,36,12.8,2874.96,21.19,0.0,0,Good,Mortgage,North,Approved,Non-Default
CUST000709,Female,43,Graduate,Salaried,Single,2,70702.0,740.0,0,LN000709,Education,144487.0,72,12.36,2851.87,12.21,7.2,0,Excellent,Mortgage,East,Approved,Non-Default
CUST000710,Female,44,Postgraduate,Salaried,Single,1,48362.0,584.0,0,LN000710,Auto,262950.0,24,15.42,12802.1,38.24,0.2,0,Fair,Mortgage,West,Approved,Non-Default
CUST000711,Male,38,High School,Salaried,Married,1,100574.0,681.0,0,LN000711,Home,456381.0,12,15.96,41399.2,56.11,7.3,0,Good,Rented,South,Approved,Non-Default
CUST000712,Male,30,Postgraduate,Salaried,Married,3,122492.0,790.0,0,LN000712,Business,127790.0,60,15.39,3066.34,11.19,5.4,0,Excellent,Owned,North,Approved,Non-Default
CUST000713,Female,49,High School,Salaried,Married,1,68738.0,770.0,0,LN000713,Business,228775.0,72,15.21,4863.58,33.88,5.3,0,Excellent,Rented,South,Approved,Non-Default
CUST000714,Female,49,Postgraduate,Salaried,Married,0,70985.0,685.0,3,LN000714,Home,1011189.0,24,14.94,49000.34,75.0,4.1,0,Good,Owned,South,Approved,Non-Default
CUST000715,Male,41,Graduate,Salaried,Married,2,23821.0,645.0,0,LN000715,Personal,171393.0,72,17.43,3854.07,27.54,15.8,0,Fair,Rented,East,Approved,Default
CUST000716,Female,44,Graduate,Salaried,Married,2,40525.0,701.0,0,LN000716,Business,279399.0,60,15.12,6664.49,24.94,9.0,0,Excellent,Mortgage,North,Rejected,Non-Default
CUST000717,Male,46,High School,Salaried,Married,0,54018.0,698.0,1,LN000717,Personal,237092.0,72,16.35,5188.76,14.21,15.9,0,Good,Owned,South,Approved,Non-Default
CUST000718,Male,68,Postgraduate,Salaried,Married,1,36935.0,724.0,0,LN000718,Personal,133223.0,24,15.47,6489.33,24.34,8.3,2,Excellent,Mortgage,East,Approved,Non-Default
CUST000719,Male,50,Graduate,Salaried,Married,1,48924.0,650.0,1,LN000719,Home,204694.0,36,12.87,6884.14,19.39,9.4,1,Good,Owned,West,Approved,Non-Default
CUST000720,Male,40,Postgraduate,Self-employed,Divorced,2,114788.0,583.0,1,LN000720,Personal,55094.0,48,16.44,1573.82,12.02,11.7,0,Fair,Owned,South,Approved,Non-Default
CUST000721,Female,27,High School,Salaried,Divorced,2,46669.0,740.0,2,LN000721,Education,628610.0,24,14.37,30291.37,75.0,1.6,0,Excellent,Mortgage,West,Approved,Default
CUST000722,Female,32,High School,Unemployed,Divorced,0,84279.0,637.0,1,LN000722,Personal,71751.0,24,17.04,3548.91,13.63,0.0,1,Fair,Rented,West,Approved,Non-Default
CUST000723,Male,39,High School,Self-employed,Single,0,127494.0,570.0,2,LN000723,Education,122994.0,48,16.14,3494.51,12.57,15.4,0,Fair,Owned,East,Approved,Non-Default
CUST000724,Male,37,High School,Salaried,Married,3,110358.0,664.0,0,LN000724,Personal,160547.0,24,18.39,8045.45,20.58,9.2,0,Good,Mortgage,South,Approved,Non-Default
CUST000725,Male,37,High School,Salaried,Married,1,33107.0,758.0,1,LN000725,Personal,170084.0,60,16.03,4138.82,27.88,0.0,0,Excellent,Rented,East,Approved,Non-Default
CUST000726,Female,42,Graduate,Salaried,Married,1,56285.0,709.0,0,LN000726,Home,70369.0,60,14.2,1644.67,6.65,8.4,0,Excellent,Mortgage,West,Approved,Non-Default
CUST000727,Female,37,High School,Unemployed,Married,1,69133.0,658.0,0,LN000727,Auto,91127.0,48,15.23,2546.77,13.96,14.8,0,Good,Rented,South,Approved,Non-Default
CUST000728,Male,50,Postgraduate,Salaried,Married,0,34229.0,804.0,1,LN000728,Education,208989.0,60,13.47,4805.58,19.48,5.3,0,Excellent,Owned,North,Approved,Non-Default
CUST000729,Male,33,Graduate,Unemployed,Married,1,33155.0,622.0,0,LN000729,Home,154037.0,48,13.69,4185.37,18.48,7.2,0,Fair,Rented,North,Approved,Non-Default
CUST000730,Female,58,Graduate,Salaried,Married,0,46131.0,726.0,1,LN000730,Home,116720.0,24,16.23,5727.81,24.88,9.3,0,Excellent,Rented,West,Approved,Non-Default
CUST000731,Male,67,Graduate,Self-employed,Single,0,61946.0,738.0,2,LN000731,Home,121543.0,60,13.66,2806.71,17.65,8.5,0,Excellent,Rented,South,Approved,Non-Default
CUST000732,Female,35,Graduate,Salaried,Married,2,112387.0,623.0,1,LN000732,Auto,157402.0,36,15.93,5528.35,22.52,2.1,2,Fair,Mortgage,North,Approved,Default
CUST000733,Female,34,Graduate,Unemployed,Single,1,40023.0,761.0,0,LN000733,Personal,188373.0,60,14.49,4431.11,24.94,0.0,0,Excellent,Rented,West,Approved,Non-Default
CUST000734,Male,49,Graduate,Self-employed,Married,1,47316.0,612.0,1,LN000734,Auto,191439.0,60,16.14,4669.68,30.14,0.0,0,Fair,Rented,South,Approved,Non-Default
CUST000735,Male,49,High School,Salaried,Single,0,55183.0,725.0,1,LN000735,Personal,685095.0,36,16.82,24364.18,63.05,5.6,0,Excellent,Rented,East,Approved,Non-Default
CUST000736,Female,46,High School,Salaried,Divorced,2,29753.0,732.0,2,LN000736,Auto,173887.0,60,14.2,4064.1,17.71,11.0,1,Excellent,Mortgage,North,Approved,Non-Default
CUST000737,Female,49,High School,Unemployed,Married,3,30276.0,829.0,0,LN000737,Education,128365.0,36,13.25,4340.6,24.26,12.1,0,Excellent,Owned,East,Approved,Non-Default
CUST000738,Male,28,High School,Self-employed,Married,2,69262.0,689.0,0,LN000738,Personal,135719.0,36,15.77,4756.08,5.0,3.0,0,Good,Owned,North,Approved,Non-Default
CUST000739,Male,33,High School,Self-employed,Single,1,51610.0,610.0,1,LN000739,Home,149398.0,24,17.06,7390.88,29.32,4.4,0,Fair,Owned,North,Approved,Non-Default
CUST000740,Female,46,Postgraduate,Salaried,Married,2,92152.0,681.0,2,LN000740,Home,156309.0,24,16.01,7654.12,16.25,2.0,0,Good,Owned,North,Approved,Non-Default
CUST000741,Male,43,High School,Salaried,Married,0,42557.0,614.0,0,LN000741,Personal,270310.0,12,18.21,24809.04,75.0,11.9,0,Fair,Mortgage,North,Approved,Default
CUST000742,Female,43,Graduate,Salaried,Divorced,0,62994.0,691.0,0,LN000742,Auto,101976.0,60,13.05,2322.88,7.37,2.1,0,Good,Owned,East,Approved,Non-Default
CUST000743,Male,39,Postgraduate,Self-employed,Married,0,112223.0,660.0,1,LN000743,Auto,65346.0,24,15.33,3178.66,20.38,1.0,0,Good,Rented,East,Approved,Non-Default
CUST000744,Female,26,Graduate,Unemployed,Single,0,69093.0,628.0,2,LN000744,Home,366382.0,24,13.05,17427.07,39.94,2.7,0,Fair,Mortgage,East,Approved,Default
CUST000745,Female,37,Graduate,Salaried,Divorced,0,100667.0,769.0,0,LN000745,Personal,669354.0,48,13.97,18281.01,23.48,7.4,0,Excellent,Rented,South,Approved,Non-Default
CUST000746,Female,55,Graduate,Salaried,Married,0,76034.0,738.0,3,LN000746,Auto,99915.0,72,15.99,2166.79,5.0,20.2,0,Excellent,Rented,North,Approved,Non-Default
CUST000747,Male,35,Postgraduate,Salaried,Married,2,53197.0,749.0,1,LN000747,Personal,309114.0,48,16.28,8804.77,22.69,6.2,0,Excellent,Rented,South,Approved,Non-Default
CUST000748,Female,50,Postgraduate,Salaried,Married,1,51621.0,658.0,3,LN000748,Personal,87016.0,48,17.24,2521.67,9.44,8.2,1,Good,Mortgage,East,Rejected,Default
CUST000749,Male,36,Postgraduate,Salaried,Married,2,39313.0,711.0,0,LN000749,Home,209128.0,36,12.2,6966.04,23.24,12.3,0,Excellent,Mortgage,South,Approved,Non-Default
CUST000750,Female,50,Postgraduate,Salaried,Single,0,72524.0,694.0,1,LN000750,Personal,206666.0,36,15.27,7191.5,26.23,0.0,0,Good,Rented,South,Approved,Non-Default
CUST000751,Female,55,Graduate,Unemployed,Divorced,2,50669.0,638.0,1,LN000751,Home,124334.0,36,13.94,4245.82,13.3,7.4,0,Fair,Rented,South,Approved,Default
CUST000752,Male,32,Graduate,Self-employed,Married,0,72233.0,728.0,0,LN000752,Business,115779.0,48,14.18,3174.3,15.15,0.0,1,Excellent,Rented,South,Approved,Non-Default
CUST000753,Female,46,Graduate,Self-employed,Single,0,47150.0,850.0,1,LN000753,Auto,141172.0,48,12.95,3783.79,28.17,11.8,1,Excellent,Rented,North,Approved,Non-Default
CUST000754,Female,21,Graduate,Salaried,Married,0,63551.0,680.0,1,LN000754,Personal,525985.0,36,16.98,18747.56,43.09,6.0,2,Good,Rented,South,Approved,Non-Default
CUST000755,Female,29,Graduate,Salaried,Single,0,49386.0,616.0,2,LN000755,Personal,53757.0,12,15.97,4876.66,21.19,5.3,0,Fair,Rented,North,Approved,Non-Default
CUST000756,Male,40,Graduate,Salaried,Single,0,57866.0,713.0,1,LN000756,Auto,272419.0,24,13.54,13020.5,45.42,13.2,1,Excellent,Owned,South,Rejected,Default
CUST000757,Female,46,Graduate,Self-employed,Married,1,70996.0,700.0,0,LN000757,Home,75688.0,36,15.59,2645.67,12.56,9.3,0,Excellent,Rented,North,Approved,Non-Default
CUST000758,Male,40,High School,Salaried,Single,2,32755.0,688.0,0,LN000758,Home,105498.0,12,14.94,9519.08,39.99,8.0,0,Good,Rented,North,Approved,Non-Default
CUST000759,Male,43,High School,Salaried,Single,2,44020.0,707.0,1,LN000759,Home,197091.0,60,12.37,4421.12,22.06,18.9,0,Excellent,Owned,South,Approved,Non-Default
CUST000760,Female,46,Graduate,Unemployed,Single,3,91666.0,720.0,1,LN000760,Home,107961.0,36,14.75,3729.3,16.58,5.9,3,Excellent,Mortgage,East,Approved,Default
CUST000761,Female,41,High School,Self-employed,Married,1,109401.0,756.0,0,LN000761,Auto,25949.0,24,13.42,1238.79,5.0,8.2,0,Excellent,Mortgage,West,Approved,Non-Default
CUST000762,Male,46,High School,Salaried,Married,2,39231.0,630.0,0,LN000762,Home,123358.0,12,15.47,11161.46,40.02,2.7,0,Fair,Owned,East,Approved,Non-Default
CUST000763,Female,51,Graduate,Salaried,Married,3,41823.0,617.0,1,LN000763,Home,53960.0,60,15.67,1302.76,10.14,1.3,0,Fair,Owned,West,Rejected,Non-Default
CUST000764,Female,38,Graduate,Salaried,Single,1,56240.0,680.0,0,LN000764,Personal,119159.0,24,16.51,5863.47,26.72,5.1,1,Good,Rented,South,Approved,Non-Default
CUST000765,Male,27,High School,Self-employed,Single,0,57561.0,691.0,0,LN000765,Business,201038.0,48,16.69,5768.77,8.33,0.0,0,Good,Owned,North,Approved,Non-Default
CUST000766,Female,29,High School,Self-employed,Single,3,94234.0,744.0,0,LN000766,Business,156752.0,36,15.55,5476.17,15.58,11.2,0,Excellent,Mortgage,East,Rejected,Default
CUST000767,Male,34,Graduate,Salaried,Married,1,49826.0,575.0,2,LN000767,Auto,179644.0,24,15.0,8710.34,27.68,14.5,0,Fair,Rented,South,Rejected,Non-Default
CUST000768,Female,21,Postgraduate,Self-employed,Married,0,153635.0,669.0,1,LN000768,Auto,211755.0,36,13.46,7181.87,8.46,13.5,0,Good,Rented,East,Approved,Non-Default
CUST000769,Male,46,Graduate,Salaried,Single,2,88532.0,766.0,0,LN000769,Auto,113051.0,12,12.81,10087.33,25.61,4.5,1,Excellent,Owned,North,Approved,Non-Default
CUST000770,Female,54,High School,Self-employed,Married,3,82635.0,698.0,3,LN000770,Personal,285552.0,36,15.54,9974.43,21.01,7.9,0,Good,Rented,West,Approved,Non-Default
CUST000771,Male,34,High School,Salaried,Single,1,39890.0,731.0,1,LN000771,Auto,554313.0,48,12.82,14821.36,58.35,17.5,0,Excellent,Owned,East,Rejected,Non-Default
CUST000772,Male,29,Graduate,Self-employed,Married,3,35876.0,653.0,0,LN000772,Education,129297.0,24,12.68,6127.6,29.97,10.3,1,Good,Owned,West,Approved,Non-Default
CUST000773,Female,58,Graduate,Salaried,Single,1,72711.0,817.0,1,LN000773,Personal,286539.0,36,15.69,10030.06,8.16,16.2,0,Excellent,Rented,North,Rejected,Non-Default
CUST000774,Male,39,Postgraduate,Salaried,Married,1,86315.0,687.0,0,LN000774,Personal,173701.0,36,17.31,6219.75,18.52,9.9,0,Good,Mortgage,South,Approved,Non-Default
CUST000775,Male,42,Postgraduate,Salaried,Single,1,53174.0,682.0,2,LN000775,Home,98213.0,72,13.34,1989.21,7.19,7.1,2,Good,Owned,West,Approved,Non-Default
CUST000776,Female,48,,Unemployed,Married,1,58495.0,620.0,0,LN000776,Business,207352.0,12,16.39,18851.51,40.46,14.8,0,Fair,Owned,West,Rejected,Non-Default
CUST000777,Female,41,High School,Self-employed,Married,2,69041.0,686.0,0,LN000777,Business,282394.0,60,14.84,6694.44,22.48,7.4,1,Good,Rented,East,Approved,Default
CUST000778,Male,40,Graduate,Unemployed,Divorced,2,49113.0,713.0,0,LN000778,Personal,83146.0,24,17.74,4140.55,22.17,10.2,1,Excellent,Owned,East,Approved,Non-Default
CUST000779,Female,45,High School,Salaried,Married,1,30642.0,728.0,2,LN000779,Education,189975.0,48,15.69,5353.83,35.89,16.2,1,Excellent,Rented,North,Approved,Default
CUST000780,Female,39,High School,Salaried,Single,0,49706.0,720.0,0,LN000780,Education,205131.0,60,14.34,4809.27,5.0,8.3,1,Excellent,Rented,East,Approved,Non-Default
CUST000781,Female,36,High School,Unemployed,Married,3,36809.0,567.0,1,LN000781,Personal,130925.0,36,18.53,4768.13,29.31,10.4,1,Fair,Owned,South,Approved,Default
CUST000782,Female,29,Graduate,Self-employed,Married,3,50586.0,669.0,0,LN000782,Education,72141.0,24,14.64,3485.55,16.29,7.9,0,Good,Rented,North,Approved,Default
CUST000783,Female,42,High School,Unemployed,Married,1,64299.0,806.0,1,LN000783,Business,365419.0,48,15.51,10264.6,19.1,1.6,2,Excellent,Rented,South,Approved,Non-Default
CUST000784,Male,30,Graduate,Salaried,Married,3,21450.0,804.0,0,LN000784,Personal,230390.0,36,15.13,8001.22,45.98,10.6,0,Excellent,Rented,North,Approved,Default
CUST000785,Male,35,High School,Salaried,Married,2,23795.0,626.0,0,LN000785,Business,232405.0,36,18.0,8402.0,46.67,0.0,0,Fair,Owned,North,Approved,Default
CUST000786,Male,60,Graduate,Salaried,Single,1,97095.0,758.0,2,LN000786,Auto,77717.0,72,15.06,1645.86,6.49,6.1,0,Excellent,Rented,East,Approved,Non-Default
CUST000787,Male,34,Postgraduate,Salaried,Single,3,31056.0,582.0,1,LN000787,Personal,69564.0,12,16.56,6330.05,35.31,10.3,0,Fair,Rented,South,Approved,Default
CUST000788,Male,61,High School,Salaried,Married,1,109644.0,676.0,0,LN000788,Home,265373.0,12,13.17,23723.56,34.06,11.3,0,Good,Mortgage,North,Approved,Non-Default
CUST000789,Female,48,Postgraduate,Salaried,Married,1,24166.0,707.0,1,LN000789,Auto,221790.0,48,13.34,5987.57,27.78,15.1,1,Excellent,Owned,North,Approved,Non-Default
CUST000790,Female,53,Graduate,Salaried,Married,0,32631.0,703.0,0,LN000790,Home,175758.0,36,16.03,6181.73,25.68,10.4,0,Excellent,Mortgage,East,Approved,Non-Default
CUST000791,Male,45,Postgraduate,Salaried,Single,1,42482.0,640.0,0,LN000791,Home,134496.0,72,12.69,2677.93,13.47,7.8,1,Fair,Rented,East,Approved,Non-Default
CUST000792,Male,23,Postgraduate,Salaried,Married,1,61499.0,674.0,1,LN000792,Auto,155168.0,12,15.24,14022.78,45.25,0.0,0,Good,Rented,West,Approved,Non-Default
CUST000793,Female,39,Graduate,Self-employed,Married,0,137634.0,696.0,0,LN000793,Auto,111433.0,36,15.04,3865.04,7.98,7.1,1,Good,Rented,East,Rejected,Non-Default
CUST000794,Female,27,Postgraduate,Salaried,Single,0,77498.0,705.0,1,LN000794,Personal,1121979.0,12,14.64,101077.43,75.0,8.4,0,Excellent,Mortgage,North,Approved,Non-Default
CUST000795,Male,34,Graduate,Self-employed,Single,1,65618.0,603.0,0,LN000795,Personal,505849.0,24,18.05,25266.28,51.09,1.3,0,Fair,Owned,North,Approved,Non-Default
CUST000796,Male,56,Graduate,Salaried,Married,0,42166.0,604.0,0,LN000796,Home,930978.0,72,13.66,19014.41,56.78,16.3,0,Fair,Mortgage,North,Approved,Default
CUST000797,Female,39,Graduate,Salaried,Married,3,60696.0,643.0,2,LN000797,Education,419153.0,48,16.52,11990.84,39.63,6.9,1,Fair,Rented,South,Approved,Non-Default
CUST000798,Male,31,High School,Salaried,Single,1,33077.0,601.0,1,LN000798,Personal,188156.0,60,16.05,4580.59,16.07,16.9,3,Fair,Owned,North,Approved,Non-Default
CUST000799,Male,40,Graduate,Salaried,Single,1,52152.0,681.0,0,LN000799,Home,533129.0,48,16.75,15314.59,43.84,9.5,0,Good,Owned,West,Approved,Non-Default
CUST000800,Female,40,High School,Salaried,Married,3,28020.0,613.0,1,LN000800,Home,379251.0,72,15.44,8110.17,41.13,8.9,0,Fair,Owned,South,Approved,Non-Default
CUST000801,Male,47,High School,Salaried,Married,0,56491.0,756.0,2,LN000801,Home,214281.0,24,13.06,10193.35,38.42,5.7,1,Excellent,Mortgage,West,Approved,Non-Default
CUST000802,Male,52,Graduate,Unemployed,Married,2,98258.0,823.0,2,LN000802,Home,109643.0,60,11.8,2427.88,10.9,8.7,0,Excellent,Rented,South,Approved,Non-Default
CUST000803,Male,29,High School,Self-employed,Divorced,2,139737.0,638.0,1,LN000803,Personal,173880.0,48,15.91,4919.8,16.58,8.4,0,Fair,Rented,North,Approved,Default
CUST000804,Male,32,High School,Self-employed,Married,1,47606.0,703.0,1,LN000804,Home,152680.0,48,15.54,4291.11,16.53,4.3,0,Excellent,Rented,West,Rejected,Non-Default
CUST000805,Male,25,High School,Salaried,Married,0,61106.0,635.0,0,LN000805,Personal,159698.0,36,16.43,5648.47,30.8,7.9,0,Fair,Rented,East,Approved,Non-Default
CUST000806,Male,54,High School,Unemployed,Married,0,107779.0,662.0,1,LN000806,Home,136530.0,60,16.21,3335.4,19.98,0.0,0,Good,Rented,South,Rejected,Non-Default
CUST000807,Female,64,Postgraduate,Salaried,Divorced,2,124053.0,640.0,1,LN000807,Personal,160397.0,24,17.26,7950.44,24.7,3.4,1,Fair,Mortgage,North,Approved,Non-Default
CUST000808,Female,36,High School,Salaried,Married,0,76954.0,778.0,1,LN000808,Home,118530.0,36,15.8,4155.47,15.61,5.5,0,Excellent,Owned,North,Rejected,Non-Default
CUST000809,Female,38,Graduate,Salaried,Single,0,54099.0,723.0,2,LN000809,Personal,638747.0,48,16.76,18351.86,48.78,14.8,0,Excellent,Mortgage,West,Approved,Default
CUST000810,Male,37,High School,Unemployed,Single,1,47613.0,658.0,1,LN000810,Home,174931.0,36,14.37,6010.21,28.2,2.7,1,Good,Mortgage,North,Approved,Default
CUST000811,Female,37,Graduate,Unemployed,Married,0,56748.0,678.0,0,LN000811,Personal,105762.0,12,17.97,9694.75,37.44,5.0,0,Good,Owned,West,Approved,Non-Default
CUST000812,Male,37,Graduate,Salaried,Single,1,104421.0,743.0,1,LN000812,Home,73401.0,12,14.74,6616.05,9.46,2.5,0,Excellent,Rented,West,Approved,Non-Default
CUST000813,Female,43,Graduate,Salaried,Married,1,26093.0,794.0,3,LN000813,Auto,235229.0,48,12.25,6223.39,34.75,12.8,1,Excellent,Owned,North,Rejected,Default
CUST000814,Female,45,Graduate,Salaried,Married,3,166620.0,698.0,2,LN000814,Education,158601.0,24,15.29,7711.9,18.34,9.7,0,Good,Mortgage,South,Rejected,Non-Default
CUST000815,Female,49,High School,Salaried,Single,0,70033.0,650.0,1,LN000815,Education,184399.0,48,14.2,5057.49,11.12,4.4,0,Good,Mortgage,North,Approved,Non-Default
CUST000816,Male,37,Graduate,Self-employed,Married,3,46060.0,610.0,1,LN000816,Business,116354.0,24,15.94,5693.72,23.23,6.6,0,Fair,Mortgage,East,Approved,Non-Default
CUST000817,Male,46,Postgraduate,Salaried,Married,2,42739.0,628.0,1,LN000817,Personal,147061.0,48,17.57,4286.94,6.1,5.4,0,Fair,Owned,North,Approved,Non-Default
CUST000818,Female,29,Graduate,Self-employed,Married,1,29404.0,725.0,2,LN000818,Business,100907.0,24,14.17,4852.94,25.26,6.8,0,Excellent,Owned,South,Approved,Non-Default
CUST000819,Male,34,High School,Self-employed,Single,0,55509.0,677.0,2,LN000819,Auto,98406.0,48,13.39,2659.07,23.63,7.6,0,Good,Mortgage,North,Rejected,Non-Default
CUST000820,Male,53,Graduate,Salaried,Divorced,1,84593.0,660.0,0,LN000820,Education,222759.0,24,13.31,10622.83,6.58,16.0,1,Good,Rented,North,Approved,Non-Default
CUST000821,Female,28,Postgraduate,Self-employed,Married,0,71950.0,674.0,2,LN000821,Personal,292201.0,36,17.6,10505.23,30.5,9.2,0,Good,Mortgage,South,Approved,Non-Default
CUST000822,Female,26,Graduate,Unemployed,Single,0,36179.0,648.0,1,LN000822,Personal,146697.0,24,16.7,7231.9,46.77,10.0,0,Fair,Owned,West,Approved,Default
CUST000823,Male,30,High School,Self-employed,Single,0,89720.0,646.0,1,LN000823,Auto,145071.0,48,13.93,3959.19,15.01,8.3,0,Fair,Rented,South,Approved,Non-Default
CUST000824,Male,37,High School,Salaried,Married,1,66111.0,737.0,2,LN000824,Personal,164902.0,72,13.1,3318.97,5.0,0.0,0,Excellent,Owned,West,Approved,Non-Default
CUST000825,Male,47,High School,Self-employed,Divorced,2,35455.0,674.0,2,LN000825,Education,130635.0,24,16.04,6398.79,20.13,5.9,1,Good,Owned,North,Approved,Non-Default
CUST000826,Female,39,High School,Unemployed,Married,2,27703.0,790.0,1,LN000826,Home,377830.0,12,13.57,33847.87,75.0,8.2,1,Excellent,Rented,North,Approved,Default
CUST000827,Female,55,Graduate,Unemployed,Divorced,3,22867.0,727.0,1,LN000827,Home,473617.0,48,16.5,13544.03,75.0,8.1,0,Excellent,Owned,South,Approved,Default
CUST000828,Male,49,Graduate,Salaried,Single,3,60749.0,660.0,1,LN000828,Auto,147129.0,24,14.87,7124.71,10.18,1.9,2,Good,Owned,East,Approved,Non-Default
CUST000829,Male,43,Postgraduate,Salaried,Single,0,146333.0,728.0,0,LN000829,Auto,220520.0,60,13.43,5066.18,13.25,7.7,0,Excellent,Mortgage,South,Approved,Non-Default
CUST000830,Male,55,Graduate,Unemployed,Married,1,81662.0,670.0,1,LN000830,Personal,105386.0,48,16.93,3037.1,12.02,3.7,0,Good,Rented,South,Approved,Non-Default
CUST000831,Male,36,Postgraduate,Unemployed,Single,0,62388.0,739.0,0,LN000831,Home,39432.0,48,13.11,1060.02,8.11,11.1,0,Excellent,Mortgage,West,Approved,Default
CUST000832,Female,21,Postgraduate,Salaried,Married,2,58394.0,714.0,1,LN000832,Home,318370.0,60,13.74,7365.07,19.74,7.9,2,Excellent,Owned,South,Approved,Non-Default
CUST000833,Female,46,High School,Salaried,Single,0,46627.0,642.0,0,LN000833,Auto,212456.0,72,15.52,4552.6,24.07,24.9,0,Fair,Owned,East,Approved,Non-Default
CUST000834,Male,40,Graduate,Self-employed,Married,0,41461.0,758.0,0,LN000834,Personal,195219.0,24,14.06,9378.56,30.64,14.7,0,Excellent,Rented,West,Approved,Non-Default
CUST000835,Male,59,High School,Salaried,Married,1,78513.0,664.0,3,LN000835,Business,416021.0,36,17.2,14873.73,33.22,14.6,3,Good,Mortgage,North,Approved,Non-Default
CUST000836,Female,55,Graduate,Unemployed,Single,1,77428.0,752.0,2,LN000836,Home,304013.0,36,12.05,10104.84,23.36,22.1,1,Excellent,Mortgage,North,Rejected,Non-Default
CUST000837,Male,42,Postgraduate,Salaried,Married,2,95752.0,672.0,1,LN000837,Home,65014.0,24,14.68,3142.44,11.22,7.7,0,Good,Rented,East,Approved,Non-Default
CUST000838,Male,33,Graduate,Salaried,Married,0,52061.0,624.0,1,LN000838,Personal,360987.0,24,17.54,17941.82,65.92,8.1,0,Fair,Owned,South,Rejected,Default
CUST000839,Male,59,Graduate,Self-employed,Single,1,39727.0,751.0,1,LN000839,Auto,107516.0,36,14.92,3722.87,13.65,5.7,0,Excellent,Rented,East,Rejected,Non-Default
CUST000840,Female,43,High School,Unemployed,Single,2,65652.0,656.0,1,LN000840,Auto,39977.0,36,14.27,1371.57,5.0,4.7,3,Good,Owned,West,Approved,Default
CUST000841,Female,62,High School,Unemployed,Married,2,50175.0,751.0,1,LN000841,Home,185955.0,36,14.48,6398.94,27.06,19.7,0,Excellent,Owned,East,Approved,Non-Default
CUST000842,Male,38,Graduate,Salaried,Single,0,48840.0,653.0,1,LN000842,Home,499409.0,24,14.53,24103.3,66.61,0.0,1,Good,Mortgage,North,Rejected,Non-Default
CUST000843,Male,32,Postgraduate,Salaried,Single,1,50933.0,796.0,0,LN000843,Personal,216032.0,24,13.47,10318.31,22.15,18.1,0,Excellent,Owned,North,Approved,Non-Default
CUST000844,Female,51,High School,Salaried,Married,2,40484.0,607.0,1,LN000844,Personal,155056.0,24,16.74,7646.96,28.18,11.4,2,Fair,Owned,East,Approved,Non-Default
CUST000845,Female,39,Graduate,Salaried,Married,0,77791.0,650.0,2,LN000845,Business,130140.0,72,16.53,2861.09,12.12,0.0,0,Good,Mortgage,West,Approved,Non-Default
CUST000846,Male,41,Graduate,Self-employed,Married,2,71030.0,679.0,0,LN000846,Education,229827.0,36,13.82,7834.86,26.78,8.3,1,Good,Rented,North,Approved,Non-Default
CUST000847,Female,58,Graduate,Salaried,Married,1,99489.0,714.0,0,LN000847,Auto,264927.0,36,13.66,9010.89,32.49,8.6,0,Excellent,Owned,East,Approved,Non-Default
CUST000848,Female,40,Graduate,Self-employed,Single,0,67702.0,703.0,1,LN000848,Education,104295.0,12,11.77,9255.27,43.21,6.4,0,Excellent,Owned,East,Approved,Non-Default
CUST000849,Female,39,Graduate,Salaried,Married,0,80537.0,660.0,2,LN000849,Auto,111263.0,24,15.62,5427.6,27.62,0.8,2,Good,Owned,South,Rejected,Non-Default
CUST000850,Male,41,Postgraduate,Salaried,Married,1,45211.0,604.0,0,LN000850,Education,63087.0,36,16.21,2224.5,5.0,14.6,0,Fair,Owned,North,Approved,Non-Default
CUST000851,Male,35,Graduate,Unemployed,Married,0,108136.0,572.0,2,LN000851,Personal,106944.0,48,17.37,3106.38,5.0,10.1,0,Fair,Owned,East,Approved,Non-Default
CUST000852,Male,38,Graduate,Self-employed,Married,0,114712.0,722.0,0,LN000852,Home,79444.0,24,13.99,3813.96,21.91,1.5,0,Excellent,Rented,North,Approved,Non-Default
CUST000853,Female,41,Postgraduate,Salaried,Married,2,37027.0,673.0,0,LN000853,Home,184800.0,72,13.63,3771.42,30.48,5.5,0,Good,Rented,North,Approved,Non-Default
CUST000854,Female,42,Graduate,Self-employed,Married,0,91761.0,760.0,0,LN000854,Personal,337230.0,60,17.41,8455.56,28.86,3.2,0,Excellent,Rented,North,Rejected,Non-Default
CUST000855,Male,39,Postgraduate,Self-employed,Married,0,56790.0,727.0,2,LN000855,Education,178105.0,60,16.28,4357.71,12.82,3.3,0,Excellent,Mortgage,North,Approved,Non-Default
CUST000856,Female,21,Postgraduate,Salaried,Married,1,97988.0,778.0,0,LN000856,Personal,160673.0,36,14.99,5569.0,10.82,8.4,0,Excellent,Owned,South,Approved,Non-Default
CUST000857,Male,42,Graduate,Self-employed,Married,1,68405.0,659.0,2,LN000857,Home,330291.0,36,14.89,11431.86,21.17,12.1,0,Good,Mortgage,West,Approved,Non-Default
CUST000858,Female,70,High School,Self-employed,Single,3,69828.0,769.0,2,LN000858,Home,181094.0,36,14.3,6215.78,18.05,11.4,0,Excellent,Mortgage,East,Rejected,Non-Default
CUST000859,Male,40,Graduate,Salaried,Single,3,38743.0,725.0,0,LN000859,Home,154892.0,24,15.52,7548.52,34.34,8.0,0,Excellent,Owned,North,Approved,Non-Default
CUST000860,Female,41,Graduate,Salaried,Married,0,45412.0,641.0,2,LN000860,Home,356422.0,60,16.37,8737.72,37.13,3.2,1,Fair,Owned,East,Approved,Default
CUST000861,Male,42,Graduate,Self-employed,Single,0,34414.0,607.0,1,LN000861,Business,134468.0,24,15.92,6578.83,39.06,9.2,0,Fair,Mortgage,West,Approved,Non-Default
CUST000862,Female,50,High School,Salaried,Single,1,66533.0,730.0,0,LN000862,Home,205988.0,48,12.43,5468.05,23.37,3.9,0,Excellent,Rented,North,Approved,Non-Default
CUST000863,Male,57,High School,Self-employed,Married,2,107956.0,708.0,1,LN000863,Auto,133740.0,24,15.24,6499.86,20.5,17.0,0,Excellent,Mortgage,South,Approved,Non-Default
CUST000864,Male,39,Graduate,Self-employed,Divorced,0,85898.0,719.0,2,LN000864,Auto,70102.0,72,11.72,1360.32,9.11,0.7,0,Excellent,Owned,North,Approved,Non-Default
CUST000865,Male,51,High School,Salaried,Married,1,70223.0,720.0,0,LN000865,Auto,371639.0,60,13.25,8503.57,23.67,7.2,0,Excellent,Owned,West,Approved,Non-Default
CUST000866,Male,38,Graduate,Self-employed,Married,0,51879.0,766.0,1,LN000866,Business,109408.0,72,14.25,2269.1,13.86,12.6,0,Excellent,Rented,West,Approved,Non-Default
CUST000867,Female,32,High School,Salaried,Single,3,46383.0,700.0,1,LN000867,Auto,432589.0,12,14.02,38844.99,75.0,16.8,0,Excellent,Owned,West,Approved,Non-Default
CUST000868,Male,51,Graduate,Self-employed,Divorced,3,58138.0,608.0,3,LN000868,Auto,678638.0,36,15.17,23581.74,58.78,3.1,0,Fair,Rented,South,Approved,Default
CUST000869,Male,40,High School,Salaried,Married,1,44907.0,594.0,0,LN000869,Business,263166.0,12,18.68,24212.3,72.28,7.8,1,Fair,Rented,North,Approved,Default
CUST000870,Female,44,High School,Self-employed,Married,0,46468.0,661.0,3,LN000870,Personal,253550.0,48,16.58,7261.22,36.52,14.0,0,Good,Mortgage,West,Approved,Default
CUST000871,Male,61,Postgraduate,Self-employed,Married,0,46653.0,604.0,0,LN000871,Home,83710.0,60,16.45,2055.73,5.0,11.9,0,Fair,Owned,North,Rejected,Non-Default
CUST000872,Male,44,High School,Salaried,Single,3,54372.0,659.0,3,LN000872,Personal,174702.0,48,16.79,5022.07,28.03,8.4,1,Good,Rented,East,Approved,Non-Default
CUST000873,Female,24,Graduate,Unemployed,Divorced,2,22986.0,764.0,2,LN000873,Auto,600132.0,12,13.24,53669.75,75.0,16.4,0,Excellent,Owned,North,Approved,Non-Default
CUST000874,Female,51,Graduate,Salaried,Divorced,2,55394.0,653.0,0,LN000874,Personal,160018.0,12,17.74,14650.66,41.55,10.2,0,Good,Owned,East,Approved,Non-Default
CUST000875,Female,28,Graduate,Salaried,Single,1,19069.0,731.0,1,LN000875,Business,131098.0,24,14.81,6344.67,41.55,3.4,0,Excellent,Rented,West,Approved,Non-Default
CUST000876,Female,33,Graduate,Salaried,Single,0,60810.0,646.0,0,LN000876,Auto,410741.0,72,14.12,8490.04,25.48,7.2,2,Fair,Rented,North,Approved,Non-Default
CUST000877,Male,50,High School,Self-employed,Single,2,80122.0,574.0,0,LN000877,Home,396099.0,36,13.44,13430.24,16.75,8.9,0,Fair,Rented,South,Approved,Default
CUST000878,Female,34,High School,Self-employed,Married,0,93086.0,726.0,0,LN000878,Home,493562.0,12,14.25,44373.59,56.16,0.3,0,Excellent,Rented,North,Approved,Non-Default
CUST000879,Male,41,Graduate,Self-employed,Divorced,0,100498.0,727.0,0,LN000879,Auto,167387.0,36,14.47,5759.18,5.58,8.1,0,Excellent,Rented,East,Approved,Default
CUST000880,Female,36,Graduate,Salaried,Married,3,26243.0,769.0,1,LN000880,Personal,191373.0,36,15.86,6714.89,29.83,16.1,1,Excellent,Rented,South,Approved,Non-Default
CUST000881,Female,55,Graduate,Self-employed,Single,3,18000.0,685.0,0,LN000881,Education,165973.0,12,14.52,14942.88,75.0,8.6,1,Good,Rented,East,Approved,Default
CUST000882,Female,37,High School,Unemployed,Single,0,82407.0,710.0,0,LN000882,Personal,257063.0,12,16.21,23349.1,32.64,8.9,2,Excellent,Mortgage,South,Approved,Default
CUST000883,Male,48,Graduate,Unemployed,Single,1,61744.0,794.0,0,LN000883,Personal,238638.0,36,14.19,8178.12,33.18,4.9,0,Excellent,Mortgage,North,Approved,Default
CUST000884,Female,30,Graduate,Salaried,Married,0,44601.0,497.0,0,LN000884,Auto,420875.0,36,17.97,15209.31,47.26,11.5,0,Poor,Owned,West,Approved,Default
CUST000885,Male,54,High School,Salaried,Married,0,43101.0,650.0,2,LN000885,Business,196435.0,60,16.69,4849.23,18.16,1.0,0,Good,Rented,North,Approved,Non-Default
CUST000886,Male,50,High School,Salaried,Single,1,51547.0,598.0,2,LN000886,Business,250742.0,36,18.97,9187.4,40.87,8.7,0,Fair,Mortgage,North,Approved,Default
CUST000887,Male,48,Graduate,Salaried,Married,3,39581.0,719.0,0,LN000887,Auto,184287.0,24,15.8,9005.66,44.96,15.8,0,Excellent,Owned,North,Approved,Non-Default
CUST000888,Male,40,Postgraduate,Salaried,Married,2,106868.0,748.0,1,LN000888,Personal,93253.0,36,14.58,3213.5,7.53,11.8,0,Excellent,Rented,South,Rejected,Non-Default
CUST000889,Female,42,Graduate,Salaried,Single,3,33947.0,574.0,1,LN000889,Personal,310598.0,60,17.17,7747.58,37.81,4.2,0,Fair,Rented,West,Approved,Default
CUST000890,Female,54,Graduate,Self-employed,Married,2,34496.0,725.0,1,LN000890,Personal,407720.0,12,16.38,37066.14,75.0,10.1,0,Excellent,Owned,East,Approved,Non-Default
CUST000891,Male,42,High School,Salaried,Married,1,55685.0,719.0,0,LN000891,Personal,229444.0,48,14.17,6289.48,29.05,0.0,0,Excellent,Mortgage,North,Approved,Non-Default
CUST000892,Male,30,Graduate,Self-employed,Single,1,55672.0,627.0,0,LN000892,Personal,69711.0,36,15.37,2429.2,17.97,0.0,0,Fair,Mortgage,East,Rejected,Non-Default
CUST000893,Female,41,Graduate,Salaried,Divorced,2,66791.0,583.0,0,LN000893,Personal,92637.0,48,16.97,2671.61,9.08,4.3,0,Fair,Owned,West,Approved,Default
CUST000894,Male,31,Graduate,Self-employed,Married,3,41588.0,592.0,1,LN000894,Education,199250.0,36,15.98,7003.07,25.66,8.5,0,Fair,Owned,East,Approved,Non-Default
CUST000895,Female,43,Graduate,Salaried,Single,2,166445.0,714.0,2,LN000895,Home,368291.0,24,15.9,18015.08,19.6,4.4,0,Excellent,Rented,North,Rejected,Non-Default
CUST000896,Male,25,Graduate,Salaried,Single,2,35345.0,648.0,2,LN000896,Personal,233125.0,60,15.41,5596.33,26.8,13.4,0,Fair,Mortgage,North,Approved,Non-Default
CUST000897,Male,43,Postgraduate,Salaried,Married,1,54859.0,651.0,2,LN000897,Home,101141.0,60,14.85,2398.18,27.18,21.2,0,Good,Owned,South,Approved,Non-Default
CUST000898,Male,49,Graduate,Salaried,Divorced,1,157202.0,694.0,1,LN000898,Home,204319.0,60,14.71,4829.69,5.0,0.0,0,Good,Rented,West,Approved,Non-Default
CUST000899,Male,51,High School,Salaried,Divorced,1,44836.0,636.0,3,LN000899,Personal,174691.0,12,16.33,15877.16,49.1,0.0,0,Fair,Rented,East,Approved,Non-Default
CUST000900,Female,48,Graduate,Salaried,Single,0,28010.0,605.0,0,LN000900,Personal,380148.0,36,18.07,13756.61,73.89,10.7,0,Fair,Rented,West,Approved,Non-Default
CUST000901,Male,41,Postgraduate,Salaried,Divorced,2,76599.0,604.0,1,LN000901,Home,316369.0,36,14.94,10957.74,17.36,12.1,1,Fair,Rented,West,Approved,Non-Default
CUST000902,Female,50,Graduate,Self-employed,Single,1,29606.0,623.0,0,LN000902,Auto,510522.0,48,14.38,14048.28,61.89,2.3,0,Fair,Rented,South,Approved,Default
CUST000903,Male,46,High School,Salaried,Single,1,126005.0,702.0,2,LN000903,Personal,122675.0,48,13.65,3330.78,23.95,10.0,0,Excellent,Mortgage,North,Approved,Non-Default
CUST000904,Male,49,Graduate,Salaried,Married,1,124247.0,647.0,1,LN000904,Education,239762.0,24,16.13,11754.39,8.57,3.3,0,Fair,Owned,North,Approved,Non-Default
CUST000905,Female,31,Graduate,Self-employed,Married,0,97454.0,566.0,2,LN000905,Education,278043.0,24,15.98,13611.19,29.28,6.6,1,Fair,Owned,West,Rejected,Non-Default
CUST000906,Female,34,Graduate,Salaried,Married,2,93132.0,626.0,0,LN000906,Home,106708.0,12,16.78,9721.14,5.0,0.0,0,Fair,Owned,South,Rejected,Non-Default
CUST000907,Female,26,Graduate,Salaried,Divorced,1,227963.0,712.0,0,LN000907,Personal,156223.0,36,16.32,5517.05,8.65,1.4,1,Excellent,Owned,West,Approved,Non-Default
CUST000908,Female,46,Graduate,Self-employed,Married,1,28155.0,,0,LN000908,Home,64404.0,48,14.08,1762.52,24.82,2.3,2,Good,Owned,North,Approved,Non-Default
CUST000909,Female,51,Graduate,Unemployed,Married,2,32376.0,809.0,1,LN000909,Auto,90322.0,48,14.62,2496.36,15.58,21.7,1,Excellent,Owned,South,Approved,Non-Default
CUST000910,Female,56,Graduate,Self-employed,Single,0,68361.0,760.0,1,LN000910,Personal,78703.0,48,13.92,2147.52,9.38,11.9,1,Excellent,Rented,East,Rejected,Non-Default
CUST000911,Male,27,Graduate,Self-employed,Married,1,42895.0,709.0,3,LN000911,Home,157001.0,24,13.19,7478.13,20.21,16.4,0,Excellent,Owned,South,Approved,Non-Default
CUST000912,Male,59,Graduate,Self-employed,Single,0,60868.0,688.0,0,LN000912,Home,100825.0,60,13.05,2296.66,14.3,11.9,1,Good,Owned,West,Approved,Non-Default
CUST000913,Male,33,Postgraduate,Salaried,Divorced,1,153493.0,646.0,2,LN000913,Education,81316.0,60,12.69,1837.31,5.0,0.0,0,Fair,Rented,South,Rejected,Default
CUST000914,Female,23,Graduate,Salaried,Married,1,78809.0,602.0,3,LN000914,Education,291769.0,24,14.46,14072.16,17.39,3.5,0,Fair,Owned,West,Approved,Non-Default
CUST000915,Female,49,Graduate,Unemployed,Married,0,92768.0,703.0,3,LN000915,Education,292530.0,12,16.51,26612.15,43.09,8.8,0,Excellent,Rented,North,Approved,Default
CUST000916,Female,42,Postgraduate,Salaried,Married,2,27741.0,675.0,0,LN000916,Education,581664.0,60,15.03,13846.91,72.66,12.0,1,Good,Rented,South,Approved,Non-Default
CUST000917,Male,23,Graduate,Salaried,Married,0,35959.0,679.0,3,LN000917,Home,365944.0,48,16.09,10387.83,47.69,9.7,1,Good,Rented,West,Approved,Non-Default
CUST000918,Female,25,Postgraduate,Salaried,Divorced,0,76893.0,646.0,2,LN000918,Home,54809.0,36,17.33,1963.1,10.6,5.0,0,Fair,Rented,South,Approved,Non-Default
CUST000919,Female,33,Graduate,Salaried,Married,0,91515.0,715.0,1,LN000919,Personal,167157.0,12,14.01,15009.33,24.69,3.8,0,Excellent,Owned,South,Rejected,Non-Default
CUST000920,Female,25,Graduate,Salaried,Married,3,76434.0,517.0,1,LN000920,Business,512515.0,36,18.47,18649.71,42.09,7.1,0,Poor,Rented,South,Approved,Non-Default
CUST000921,Male,39,Postgraduate,Salaried,Married,2,38859.0,699.0,1,LN000921,Home,100613.0,36,14.02,3439.69,17.16,4.3,0,Good,Mortgage,South,Approved,Non-Default
CUST000922,Female,64,Graduate,Salaried,Single,0,18000.0,663.0,2,LN000922,Personal,223076.0,12,13.88,20016.76,75.0,7.9,0,Good,Mortgage,West,Approved,Non-Default
CUST000923,Male,63,Postgraduate,Salaried,Divorced,0,44372.0,768.0,1,LN000923,Auto,166291.0,36,14.56,5728.77,30.07,16.5,0,Excellent,Rented,West,Approved,Non-Default
CUST000924,Female,26,High School,Salaried,Single,1,52207.0,790.0,0,LN000924,Auto,196153.0,24,11.15,9155.93,23.45,18.2,1,Excellent,Owned,West,Approved,Non-Default
CUST000925,Female,43,Graduate,Unemployed,Divorced,2,51351.0,659.0,0,LN000925,Business,292686.0,36,16.48,10359.47,37.16,8.6,0,Good,Owned,South,Approved,Non-Default
CUST000926,Female,39,High School,Unemployed,Divorced,2,44965.0,611.0,1,LN000926,Home,509069.0,24,14.15,24477.96,62.52,6.3,0,Fair,Rented,West,Approved,Non-Default
CUST000927,Female,21,High School,Self-employed,Divorced,0,47819.0,668.0,0,LN000927,Auto,230815.0,36,14.58,7953.89,23.86,5.8,0,Good,Owned,South,Approved,Non-Default
CUST000928,Male,27,Graduate,Salaried,Married,0,120792.0,762.0,2,LN000928,Home,185863.0,36,13.85,6338.82,19.31,4.3,0,Excellent,Mortgage,East,Approved,Non-Default
CUST000929,Male,30,High School,Salaried,Married,3,93083.0,569.0,1,LN000929,Personal,112697.0,36,18.1,4079.92,6.87,17.0,0,Fair,Rented,West,Approved,Default
CUST000930,Female,26,High School,Salaried,Married,1,65297.0,810.0,0,LN000930,Home,585902.0,48,12.91,15692.12,37.41,2.5,0,Excellent,Rented,West,Approved,Non-Default
CUST000931,Male,49,Postgraduate,Self-employed,Single,0,52171.0,628.0,0,LN000931,Business,175247.0,48,14.36,4820.59,5.44,4.3,0,Fair,Rented,West,Approved,Non-Default
CUST000932,Male,27,High School,Salaried,Divorced,3,93537.0,663.0,1,LN000932,Personal,306587.0,48,18.29,9052.52,5.0,1.0,0,Good,Owned,West,Approved,Non-Default
CUST000933,Female,34,Graduate,Self-employed,Married,3,23538.0,624.0,1,LN000933,Business,90248.0,48,16.66,2588.26,12.01,12.7,0,Fair,Owned,West,Approved,Non-Default
CUST000934,Male,53,Graduate,Salaried,Single,2,53521.0,602.0,1,LN000934,Home,386071.0,72,16.31,8440.62,25.32,7.5,1,Fair,Rented,South,Approved,Non-Default
CUST000935,Female,34,Postgraduate,Unemployed,Married,1,32739.0,729.0,2,LN000935,Business,424921.0,36,14.66,14659.38,57.94,1.6,1,Excellent,Rented,West,Approved,Non-Default
CUST000936,Male,41,Graduate,Unemployed,Married,1,68840.0,683.0,2,LN000936,Personal,255095.0,24,14.31,12285.24,27.17,9.7,0,Good,Rented,South,Rejected,Non-Default
CUST000937,Male,40,High School,Salaried,Married,0,63619.0,624.0,1,LN000937,Home,116762.0,12,16.86,10641.49,14.11,9.2,0,Fair,Rented,South,Approved,Default
CUST000938,Female,39,High School,Salaried,Divorced,1,41710.0,841.0,2,LN000938,Personal,213218.0,36,12.08,7090.04,29.1,5.2,1,Excellent,Owned,South,Approved,Non-Default
CUST000939,Female,44,High School,Unemployed,Married,0,37499.0,666.0,0,LN000939,Education,317773.0,60,14.27,7438.58,28.64,7.9,0,Good,Rented,West,Approved,Non-Default
CUST000940,Male,29,Graduate,Salaried,Married,1,75417.0,758.0,0,LN000940,Personal,112899.0,24,16.28,5543.0,18.87,0.2,0,Excellent,Rented,East,Approved,Non-Default
CUST000941,Female,59,High School,Salaried,Married,1,65298.0,675.0,0,LN000941,Personal,229215.0,12,15.64,20757.84,45.4,0.4,1,Good,Rented,North,Approved,Non-Default
CUST000942,Male,24,Graduate,Salaried,Married,0,76542.0,685.0,0,LN000942,Auto,331036.0,48,16.15,9407.1,9.94,0.0,0,Good,Rented,West,Approved,Non-Default
CUST000943,Female,43,Postgraduate,Salaried,Divorced,2,36675.0,674.0,0,LN000943,Personal,156740.0,24,18.93,7895.72,32.09,6.9,0,Good,Owned,North,Approved,Non-Default
CUST000944,Male,36,High School,Self-employed,Single,1,43668.0,667.0,2,LN000944,Home,146099.0,12,14.75,13169.42,47.0,1.6,0,Good,Owned,North,Rejected,Default
CUST000945,Male,46,Graduate,Salaried,Married,1,33625.0,560.0,2,LN000945,Business,321094.0,60,17.08,7993.83,34.53,7.2,0,Fair,Rented,South,Rejected,Non-Default
CUST000946,Male,45,Graduate,Salaried,Divorced,1,44234.0,633.0,0,LN000946,Personal,657416.0,60,15.06,15660.59,43.31,8.7,0,Fair,Owned,West,Approved,Non-Default
CUST000947,Male,35,Postgraduate,Salaried,Married,0,60652.0,748.0,0,LN000947,Personal,219506.0,36,16.75,7798.7,23.48,0.0,0,Excellent,Mortgage,North,Approved,Non-Default
CUST000948,Female,25,Postgraduate,Salaried,Single,1,69165.0,712.0,0,LN000948,Personal,117074.0,48,15.1,3264.19,9.72,6.2,0,Excellent,Rented,North,Approved,Non-Default
CUST000949,Female,50,Graduate,Salaried,Single,1,80959.0,714.0,0,LN000949,Business,119683.0,72,14.34,2488.0,17.03,0.0,0,Excellent,Owned,North,Rejected,Non-Default
CUST000950,Male,31,Graduate,Self-employed,Single,0,88665.0,709.0,3,LN000950,Auto,350570.0,24,13.09,16681.56,26.52,9.4,0,Excellent,Rented,North,Approved,Non-Default
CUST000951,Male,24,Graduate,Salaried,Single,0,34898.0,790.0,1,LN000951,Personal,188224.0,36,17.05,6715.38,39.46,10.7,1,Excellent,Rented,East,Approved,Non-Default
CUST000952,Female,30,Postgraduate,Salaried,Married,3,34332.0,712.0,1,LN000952,Personal,215687.0,72,17.19,4821.1,28.88,10.0,1,Excellent,Rented,North,Approved,Default
CUST000953,Male,44,Graduate,Salaried,Divorced,2,84797.0,687.0,2,LN000953,Home,187021.0,60,16.79,4626.86,16.47,13.0,0,Good,Rented,West,Approved,Non-Default
CUST000954,Female,31,Postgraduate,Self-employed,Married,1,88629.0,636.0,0,LN000954,Home,288749.0,36,16.98,10291.82,33.34,3.2,0,Fair,Owned,North,Approved,Non-Default
CUST000955,Male,56,High School,Salaried,Single,2,82266.0,578.0,3,LN000955,Personal,63884.0,48,17.54,1861.27,15.99,0.0,0,Fair,Mortgage,North,Approved,Non-Default
CUST000956,Female,40,Graduate,Salaried,Single,2,49957.0,730.0,3,LN000956,Personal,130527.0,36,15.34,4546.52,12.24,13.7,0,Excellent,Mortgage,South,Approved,Non-Default
CUST000957,Male,33,Graduate,Salaried,Married,2,115506.0,686.0,0,LN000957,Education,420461.0,24,14.65,20316.9,36.95,0.0,0,Good,Owned,South,Rejected,Non-Default
CUST000958,Female,43,Graduate,Unemployed,Single,2,220020.0,697.0,0,LN000958,Personal,188956.0,60,14.15,4411.38,7.84,5.0,0,Good,Rented,West,Approved,Default
CUST000959,Female,42,Graduate,Salaried,Divorced,0,31870.0,608.0,1,LN000959,Home,214261.0,48,16.99,6181.4,34.58,12.5,0,Fair,Owned,South,Approved,Non-Default
CUST000960,Female,43,Graduate,Salaried,Married,3,71918.0,679.0,1,LN000960,Auto,225655.0,72,14.92,4761.68,16.42,8.2,0,Good,Mortgage,North,Rejected,Non-Default
CUST000961,Female,57,High School,Salaried,Married,0,48088.0,656.0,0,LN000961,Home,288872.0,48,14.01,7895.3,15.26,3.1,0,Good,Mortgage,South,Approved,Non-Default
CUST000962,Male,33,Graduate,Salaried,Single,0,41648.0,687.0,1,LN000962,Business,97443.0,36,17.05,3476.53,16.66,15.6,0,Good,Owned,West,Rejected,Non-Default
CUST000963,Female,40,Graduate,Salaried,Married,0,90700.0,695.0,1,LN000963,Personal,446079.0,48,17.3,12940.97,19.24,7.5,0,Good,Rented,East,Rejected,Non-Default
CUST000964,Male,40,High School,Self-employed,Married,1,,691.0,3,LN000964,Auto,50699.0,72,14.14,1048.49,5.0,10.2,0,Good,Owned,West,Approved,Non-Default
CUST000965,Female,46,Postgraduate,Salaried,Married,2,40156.0,703.0,1,LN000965,Home,91823.0,12,12.85,8194.92,27.09,8.8,0,Excellent,Rented,North,Approved,Non-Default
CUST000966,Male,30,Graduate,Self-employed,Married,2,60876.0,641.0,1,LN000966,Home,224377.0,24,15.76,10960.48,27.16,17.1,0,Fair,Rented,East,Approved,Non-Default
CUST000967,Male,26,High School,Salaried,Single,0,139178.0,723.0,1,LN000967,Auto,177243.0,12,14.04,15917.47,9.97,13.5,0,Excellent,Rented,South,Approved,Non-Default
CUST000968,Male,21,Graduate,Salaried,Married,2,51859.0,718.0,1,LN000968,Education,118079.0,36,16.74,4194.58,5.46,10.6,0,Excellent,Rented,West,Rejected,Non-Default
CUST000969,Female,52,Graduate,Unemployed,Married,2,60771.0,643.0,0,LN000969,Personal,170984.0,48,17.41,4970.09,15.32,3.4,0,Fair,Mortgage,North,Rejected,Non-Default
CUST000970,Male,21,Graduate,Self-employed,Married,1,33886.0,677.0,2,LN000970,Business,218488.0,12,15.34,19755.43,73.81,13.2,0,Good,Owned,East,Approved,Default
CUST000971,Female,43,High School,Salaried,Married,1,80886.0,665.0,3,LN000971,Home,262846.0,48,14.03,7186.61,20.05,9.0,0,Good,Owned,South,Approved,Non-Default
CUST000972,Female,43,Graduate,Salaried,Single,1,109876.0,693.0,0,LN000972,Personal,216445.0,48,16.33,6170.76,5.0,2.2,2,Good,Owned,West,Approved,Non-Default
CUST000973,Female,41,High School,Self-employed,Married,2,71296.0,781.0,1,LN000973,Auto,59837.0,48,10.75,1539.26,16.09,7.3,0,Excellent,Owned,East,Approved,Non-Default
CUST000974,Female,33,Postgraduate,Salaried,Single,0,53621.0,650.0,1,LN000974,Personal,244640.0,48,16.27,6967.04,26.57,9.2,0,Good,Rented,West,Approved,Non-Default
CUST000975,Female,58,Graduate,Unemployed,Married,1,49996.0,731.0,0,LN000975,Education,520026.0,72,14.01,10718.31,33.27,11.5,0,Excellent,Mortgage,South,Approved,Non-Default
CUST000976,Female,38,Postgraduate,Self-employed,Single,0,45987.0,788.0,0,LN000976,Personal,150244.0,36,16.12,5291.04,24.19,4.6,0,Excellent,Rented,North,Approved,Non-Default
CUST000977,Male,21,Graduate,Self-employed,Single,2,79644.0,641.0,1,LN000977,Auto,189742.0,48,14.71,5252.81,33.92,15.9,0,Fair,Owned,North,Approved,Non-Default
CUST000978,Female,40,High School,Self-employed,Divorced,2,61071.0,609.0,2,LN000978,Personal,56643.0,48,16.53,1620.7,10.96,1.9,0,Fair,Mortgage,South,Approved,Default
CUST000979,Female,45,High School,Salaried,Married,2,76776.0,773.0,0,LN000979,Home,177669.0,60,15.28,4252.89,21.26,1.0,1,Excellent,Rented,West,Approved,Non-Default
CUST000980,Female,36,High School,Self-employed,Single,1,49341.0,593.0,2,LN000980,Education,85302.0,12,15.46,7717.74,27.81,7.0,0,Fair,Rented,East,Approved,Non-Default
CUST000981,Male,52,High School,Salaried,Married,0,80672.0,663.0,0,LN000981,Education,213250.0,36,13.67,7254.25,20.33,0.5,1,Good,Rented,West,Approved,Non-Default
CUST000982,Female,48,High School,Salaried,Single,3,60551.0,654.0,1,LN000982,Business,94967.0,12,16.04,8618.24,40.29,3.1,0,Good,Rented,North,Approved,Non-Default
CUST000983,Male,44,Graduate,Self-employed,Married,2,100728.0,802.0,0,LN000983,Auto,276972.0,24,13.18,13191.18,21.6,14.1,0,Excellent,Rented,South,Approved,Non-Default
CUST000984,Female,23,Graduate,Salaried,Married,2,70058.0,614.0,0,LN000984,Auto,275352.0,24,15.86,13463.68,23.47,10.2,0,Fair,Mortgage,South,Approved,Non-Default
CUST000985,Male,53,High School,Salaried,Married,2,104551.0,668.0,0,LN000985,Home,190428.0,36,12.08,6332.21,19.51,3.3,0,Good,Owned,South,Approved,Non-Default
CUST000986,Male,48,Graduate,Self-employed,Married,1,50790.0,546.0,0,LN000986,Home,294306.0,48,16.06,8349.76,25.12,15.0,0,Poor,Owned,East,Approved,Non-Default
CUST000987,Female,53,Postgraduate,Self-employed,Married,1,69482.0,651.0,0,LN000987,Auto,67833.0,24,14.62,3276.76,21.07,19.6,0,Good,Rented,North,Approved,Non-Default
CUST000988,Female,44,Graduate,Salaried,Married,2,55498.0,632.0,3,LN000988,Personal,213130.0,36,14.11,7295.67,19.25,11.5,0,Fair,Rented,North,Approved,Non-Default
CUST000989,Female,38,Graduate,Salaried,Married,3,33618.0,648.0,0,LN000989,Personal,257480.0,60,15.1,6138.95,23.14,5.5,0,Fair,Rented,North,Approved,Non-Default
CUST000990,Male,48,Graduate,Salaried,Single,2,43391.0,510.0,0,LN000990,Auto,121346.0,48,19.07,3632.74,24.2,17.6,0,Poor,Mortgage,South,Approved,Non-Default
CUST000991,Female,49,Graduate,Salaried,Single,1,59037.0,804.0,1,LN000991,Home,124963.0,60,12.26,2796.18,17.88,14.0,0,Excellent,Rented,West,Approved,Default
CUST000992,Male,43,Graduate,Salaried,Single,0,57165.0,657.0,3,LN000992,Business,172828.0,60,14.91,4103.41,18.59,11.2,0,Good,Owned,West,Approved,Non-Default
CUST000993,Male,41,High School,Self-employed,Married,2,148940.0,717.0,0,LN000993,Home,176224.0,60,14.87,4180.34,22.03,11.8,0,Excellent,Owned,West,Approved,Non-Default
CUST000994,Female,31,High School,Unemployed,Single,1,63699.0,779.0,0,LN000994,Business,645549.0,60,16.38,15829.14,19.56,15.8,0,Excellent,Owned,South,Approved,Non-Default
CUST000995,Male,28,High School,Self-employed,Single,2,39099.0,787.0,2,LN000995,Home,165615.0,48,12.28,4384.08,19.01,9.6,0,Excellent,Mortgage,East,Approved,Non-Default
CUST000996,Male,49,High School,Salaried,Married,1,33241.0,726.0,1,LN000996,Education,449341.0,60,13.64,10371.7,35.35,7.1,0,Excellent,Rented,West,Approved,Default
CUST000997,Male,45,High School,Salaried,Married,3,31677.0,607.0,2,LN000997,Education,230752.0,36,14.35,7925.84,50.99,11.7,0,Fair,Owned,North,Approved,Default
CUST000998,Male,33,Postgraduate,Unemployed,Divorced,1,26307.0,434.0,2,LN000998,Business,117229.0,72,19.29,2759.93,10.83,2.6,0,Poor,Rented,East,Approved,Non-Default
CUST000999,Female,37,Graduate,Self-employed,Single,0,31713.0,625.0,0,LN000999,Home,117890.0,12,16.25,10710.21,57.45,0.0,2,Fair,Mortgage,East,Approved,Default
CUST001000,Female,24,Graduate,Salaried,Married,0,41485.0,726.0,0,LN001000,Personal,155866.0,24,15.72,7610.85,30.51,0.0,0,Excellent,Rented,East,Approved,Non-Default
CUST001001,Male,39,Postgraduate,Unemployed,Divorced,3,114439.0,658.0,0,LN001001,Personal,75468.0,24,17.86,3762.57,11.67,10.1,0,Good,Rented,West,Approved,Non-Default
CUST001002,Female,33,Postgraduate,Self-employed,Married,2,53102.0,656.0,1,LN001002,Auto,108515.0,36,14.94,3758.52,18.49,14.1,1,Good,Mortgage,South,Approved,Default
CUST001003,Female,52,Graduate,Salaried,Divorced,2,66130.0,672.0,1,LN001003,Auto,592193.0,36,13.56,20113.43,39.63,3.4,0,Good,Rented,West,Approved,Non-Default
CUST001004,Male,55,High School,Salaried,Married,3,63394.0,590.0,0,LN001004,Business,348655.0,36,16.26,12302.48,30.95,15.1,0,Fair,Owned,West,Approved,Non-Default
CUST001005,Female,38,High School,Salaried,Single,0,30404.0,764.0,0,LN001005,Home,315924.0,12,14.41,28426.89,75.0,14.6,0,Excellent,Rented,North,Approved,Non-Default
CUST001006,Female,53,Postgraduate,Salaried,Single,0,32614.0,672.0,0,LN001006,Business,42358.0,12,15.66,3836.37,23.56,6.3,0,Good,Owned,East,Rejected,Non-Default
CUST001007,Female,21,High School,Salaried,Married,2,25476.0,586.0,1,LN001007,Personal,103509.0,48,17.33,3004.46,38.57,1.5,0,Fair,Rented,South,Rejected,Non-Default
CUST001008,Male,28,Graduate,Salaried,Married,0,52053.0,703.0,0,LN001008,Education,493343.0,12,13.92,44277.28,75.0,8.4,0,Excellent,Mortgage,West,Approved,Non-Default
CUST001009,Female,36,High School,Salaried,Married,2,51623.0,610.0,2,LN001009,Home,326031.0,60,16.69,8048.46,23.93,7.3,0,Fair,Owned,South,Rejected,Non-Default
CUST001010,Male,38,High School,Salaried,Married,0,69001.0,741.0,0,LN001010,Auto,207551.0,48,12.69,5536.19,18.76,9.1,0,Excellent,Mortgage,South,Approved,Non-Default
CUST001011,Male,56,Graduate,Salaried,Married,1,31884.0,717.0,2,LN001011,Personal,237989.0,60,15.77,5758.39,25.63,7.7,0,Excellent,Mortgage,South,Approved,Non-Default
CUST001012,Female,34,High School,Salaried,Married,0,51629.0,621.0,2,LN001012,Business,84574.0,12,15.83,7666.67,24.52,13.2,0,Fair,Owned,East,Approved,Non-Default
CUST001013,Male,41,Postgraduate,Self-employed,Married,2,40627.0,655.0,1,LN001013,Auto,214396.0,60,13.89,4976.4,20.56,8.5,0,Good,Owned,West,Approved,Non-Default
CUST001014,Male,47,High School,Self-employed,Divorced,2,45499.0,665.0,0,LN001014,Auto,124899.0,24,15.2,6067.81,35.55,15.5,0,Good,Rented,West,Approved,Non-Default
CUST001015,Male,36,Graduate,Salaried,Single,0,158056.0,745.0,3,LN001015,Personal,378524.0,24,14.69,18297.66,36.0,7.9,0,Excellent,Mortgage,West,Approved,Non-Default
CUST001016,Male,21,Postgraduate,Salaried,Married,2,60878.0,638.0,0,LN001016,Education,662819.0,36,17.58,23823.08,52.62,8.2,0,Fair,Owned,West,Approved,Default
CUST001017,Male,45,Graduate,Self-employed,Married,2,36194.0,703.0,0,LN001017,Home,116629.0,24,14.86,5647.19,23.86,9.6,2,Excellent,Rented,West,Approved,Non-Default
CUST001018,Female,21,High School,Unemployed,Married,0,55249.0,632.0,2,LN001018,Personal,150156.0,36,17.01,5354.22,15.85,7.9,0,Fair,Rented,North,Approved,Non-Default
CUST001019,Male,35,High School,Salaried,Married,2,69451.0,751.0,2,LN001019,Auto,162143.0,12,18.28,14886.88,36.95,7.4,0,Excellent,Mortgage,South,Rejected,Non-Default
CUST001020,Female,65,Graduate,Self-employed,Single,3,62772.0,712.0,0,LN001020,Auto,409625.0,48,13.35,11060.5,21.83,12.7,0,Excellent,Rented,South,Approved,Non-Default
CUST001021,Female,31,Postgraduate,Self-employed,Married,1,45977.0,717.0,0,LN001021,Personal,254815.0,60,14.87,6044.66,39.25,4.2,0,Excellent,Rented,West,Approved,Non-Default
CUST001022,Female,47,High School,Unemployed,Married,1,110431.0,637.0,1,LN001022,Education,104558.0,36,15.17,3633.25,11.75,6.8,1,Fair,Owned,West,Approved,Non-Default
CUST001023,Female,32,Graduate,Salaried,Divorced,1,56436.0,662.0,0,LN001023,Business,210320.0,36,14.21,7209.71,19.39,4.5,0,Good,Owned,West,Approved,Non-Default
CUST001024,Male,32,Postgraduate,Salaried,Married,0,38336.0,755.0,0,LN001024,Education,282310.0,36,13.0,9512.14,30.05,2.6,1,Excellent,Owned,West,Approved,Non-Default
CUST001025,Male,44,,Self-employed,Single,1,86136.0,819.0,1,LN001025,Personal,80584.0,72,13.55,1641.14,5.0,4.1,0,Excellent,Rented,West,Approved,Non-Default
CUST001026,Female,53,Postgraduate,Salaried,Single,3,64298.0,706.0,1,LN001026,Personal,376383.0,24,15.64,18364.21,54.18,5.5,2,Excellent,Owned,North,Approved,Non-Default
CUST001027,Female,39,Graduate,Salaried,Married,2,34329.0,783.0,0,LN001027,Personal,200843.0,48,13.35,5423.07,33.01,8.7,1,Excellent,Rented,North,Rejected,Non-Default
CUST001028,Male,39,High School,Salaried,Single,0,38226.0,610.0,1,LN001028,Auto,142343.0,24,15.5,6935.6,19.89,3.4,0,Fair,Mortgage,South,Approved,Non-Default
CUST001029,Female,21,High School,Salaried,Single,0,99334.0,640.0,0,LN001029,Business,152752.0,36,16.89,5437.67,7.79,18.8,0,Fair,Mortgage,West,Approved,Non-Default
CUST001030,Male,37,Graduate,Unemployed,Single,1,71656.0,769.0,1,LN001030,Education,144578.0,24,11.63,6780.83,22.1,12.0,0,Excellent,Owned,South,Approved,Non-Default
CUST001031,Female,23,Graduate,Salaried,Single,0,47804.0,699.0,0,LN001031,Home,220948.0,12,14.19,19858.04,66.43,5.5,2,Good,Owned,East,Approved,Non-Default
CUST001032,Female,47,High School,Self-employed,Single,3,45928.0,673.0,0,LN001032,Home,109273.0,36,14.83,3778.89,17.18,4.4,0,Good,Owned,East,Approved,Non-Default
CUST001033,Female,38,High School,Salaried,Married,0,85952.0,646.0,1,LN001033,Home,200829.0,60,16.28,4913.7,7.75,7.9,0,Fair,Owned,North,Rejected,Default
CUST001034,Female,54,Postgraduate,Salaried,Married,3,95295.0,747.0,1,LN001034,Home,77555.0,24,13.78,3715.58,9.53,17.6,0,Excellent,Rented,North,Approved,Non-Default
CUST001035,Female,21,High School,Unemployed,Married,1,50949.0,712.0,1,LN001035,Education,119465.0,36,13.43,4050.04,16.47,13.9,0,Excellent,Rented,North,Approved,Non-Default
CUST001036,Male,34,Graduate,Salaried,Married,2,83207.0,661.0,2,LN001036,Education,98270.0,24,15.5,4788.16,19.95,0.6,0,Good,Owned,East,Approved,Non-Default
CUST001037,Male,63,High School,Salaried,Divorced,0,42849.0,643.0,0,LN001037,Personal,299804.0,24,18.45,15032.71,45.94,7.3,1,Fair,Mortgage,North,Rejected,Non-Default
CUST001038,Female,44,High School,Salaried,Divorced,0,112712.0,734.0,1,LN001038,Personal,301796.0,24,16.96,14915.68,35.67,17.4,0,Excellent,Rented,West,Approved,Non-Default
CUST001039,Female,30,Graduate,Salaried,Single,0,119734.0,697.0,1,LN001039,Business,246889.0,60,13.57,5689.79,14.98,6.0,0,Good,Owned,West,Approved,Non-Default
CUST001040,Male,31,Graduate,Salaried,Married,1,46285.0,703.0,0,LN001040,Personal,269307.0,36,17.58,9679.45,26.96,6.9,0,Excellent,Owned,South,Approved,Non-Default
CUST001041,Male,43,Graduate,Salaried,Single,2,54822.0,704.0,2,LN001041,Home,390089.0,36,14.69,13463.42,39.05,4.9,1,Excellent,Owned,North,Approved,Non-Default
CUST001042,Female,58,Graduate,Self-employed,Married,0,21413.0,612.0,0,LN001042,Education,282958.0,48,14.02,7735.08,57.84,2.1,0,Fair,Owned,East,Rejected,Non-Default
CUST001043,Male,32,High School,Self-employed,Single,0,28955.0,680.0,1,LN001043,Personal,277625.0,72,16.02,6025.25,24.49,1.6,0,Good,Rented,East,Approved,Non-Default
CUST001044,Female,47,High School,Self-employed,Married,2,71534.0,639.0,0,LN001044,Business,142384.0,24,15.58,6943.02,14.62,9.7,0,Fair,Rented,South,Rejected,Non-Default
CUST001045,Male,45,Postgraduate,Unemployed,Married,0,58470.0,625.0,3,LN001045,Personal,132011.0,60,14.31,3092.92,20.56,14.0,1,Fair,Mortgage,South,Approved,Non-Default
CUST001046,Female,39,Graduate,Self-employed,Single,2,113644.0,735.0,0,LN001046,Home,245219.0,48,13.97,6697.28,22.25,0.0,0,Excellent,Rented,West,Approved,Non-Default
CUST001047,Female,48,Graduate,Self-employed,Divorced,1,63515.0,684.0,0,LN001047,Business,444484.0,48,17.02,12830.2,39.47,16.5,0,Good,Rented,North,Approved,Non-Default
CUST001048,Male,24,Graduate,Self-employed,Single,0,60936.0,685.0,3,LN001048,Home,569551.0,36,13.86,19427.2,57.05,5.1,1,Good,Owned,East,Rejected,Default
CUST001049,Male,39,High School,Salaried,Divorced,1,72300.0,774.0,0,LN001049,Home,115415.0,60,14.49,2714.91,20.17,7.3,1,Excellent,Mortgage,South,Approved,Non-Default
CUST001050,Male,30,Graduate,Self-employed,Married,3,63403.0,749.0,0,LN001050,Home,166124.0,24,13.88,7966.68,19.23,14.8,0,Excellent,Mortgage,North,Approved,Non-Default
CUST001051,Female,53,Graduate,Unemployed,Married,0,42558.0,810.0,1,LN001051,Personal,595401.0,48,15.98,16867.73,51.56,0.0,0,Excellent,Rented,West,Approved,Non-Default
CUST001052,Male,70,High School,Salaried,Married,2,31765.0,653.0,1,LN001052,Home,163668.0,36,15.71,5730.68,22.02,0.0,1,Good,Rented,South,Approved,Non-Default
CUST001053,Male,30,Graduate,Salaried,Married,1,55724.0,664.0,2,LN001053,Auto,270741.0,72,14.11,5594.78,11.64,1.0,0,Good,Mortgage,South,Rejected,Non-Default
CUST001054,Female,49,High School,Self-employed,Married,1,98751.0,597.0,0,LN001054,Business,267892.0,24,16.6,13193.76,24.42,14.0,0,Fair,Mortgage,West,Approved,Non-Default
CUST001055,Female,36,Postgraduate,Unemployed,Single,3,56188.0,699.0,0,LN001055,Business,299986.0,48,16.05,8509.37,27.86,4.0,0,Good,Mortgage,West,Approved,Non-Default
CUST001056,Male,26,Postgraduate,Self-employed,Single,1,30477.0,754.0,2,LN001056,Auto,136771.0,36,14.29,4693.8,41.84,13.3,1,Excellent,Owned,East,Approved,Non-Default
CUST001057,Male,42,High School,Salaried,Divorced,2,36155.0,704.0,2,LN001057,Personal,115810.0,36,16.15,4080.12,29.58,5.7,0,Excellent,Rented,North,Approved,Non-Default
CUST001058,Female,47,Postgraduate,Self-employed,Married,0,50920.0,652.0,3,LN001058,Personal,194256.0,24,16.86,9591.39,40.18,6.9,0,Good,Owned,East,Approved,Non-Default
CUST001059,Female,36,High School,Salaried,Single,0,93257.0,671.0,0,LN001059,Home,93964.0,12,12.46,8368.82,22.74,5.5,0,Good,Owned,East,Approved,Non-Default
CUST001060,Male,46,High School,Salaried,Married,1,,588.0,3,LN001060,Personal,96977.0,24,18.43,4861.66,19.45,20.6,2,Fair,Rented,South,Approved,Default
CUST001061,Female,39,Graduate,Salaried,Married,0,56496.0,771.0,1,LN001061,Business,93233.0,60,13.32,2136.64,11.39,4.3,0,Excellent,Mortgage,East,Approved,Non-Default
CUST001062,Male,46,High School,Self-employed,Married,3,40502.0,827.0,1,LN001062,Personal,359278.0,24,13.39,17146.62,62.73,0.0,1,Excellent,Rented,North,Approved,Default
CUST001063,Female,41,Graduate,Salaried,Married,0,44565.0,634.0,3,LN001063,Auto,68445.0,48,14.18,1876.55,19.62,3.7,0,Fair,Mortgage,East,Approved,Non-Default
CUST001064,Female,42,Graduate,Salaried,Single,0,57125.0,682.0,0,LN001064,Home,488367.0,12,14.55,43975.55,75.0,12.8,0,Good,Rented,East,Approved,Non-Default
CUST001065,Male,40,Graduate,Salaried,Married,1,40318.0,718.0,0,LN001065,Education,123160.0,48,13.18,3315.09,19.47,5.2,0,Excellent,Rented,East,Approved,Non-Default
CUST001066,Male,48,Graduate,Salaried,Married,2,43468.0,677.0,2,LN001066,Home,218773.0,24,15.17,10625.25,34.04,15.0,0,Good,Owned,North,Approved,Non-Default
CUST001067,Male,70,Graduate,Self-employed,Married,2,52802.0,701.0,1,LN001067,Personal,436856.0,60,17.18,10899.32,39.64,6.4,0,Excellent,Rented,East,Approved,Default
CUST001068,Female,49,Graduate,Salaried,Divorced,1,73348.0,714.0,1,LN001068,Personal,310830.0,36,15.92,10915.59,35.31,7.2,0,Excellent,Owned,West,Approved,Non-Default
CUST001069,Female,46,Graduate,Salaried,Married,3,64347.0,733.0,0,LN001069,Personal,187070.0,36,15.68,6547.31,17.66,3.5,0,Excellent,Owned,North,Approved,Default
CUST001070,Male,32,High School,Salaried,Married,1,75906.0,674.0,1,LN001070,Auto,44953.0,36,14.3,1542.95,6.06,3.0,0,Good,Rented,South,Approved,Non-Default
CUST001071,Female,21,High School,Salaried,Married,0,95107.0,758.0,2,LN001071,Auto,118466.0,48,11.79,3107.46,5.0,9.0,0,Excellent,Owned,East,Approved,Non-Default
CUST001072,Female,24,High School,Self-employed,Married,1,44601.0,693.0,1,LN001072,Home,177851.0,72,13.12,3581.47,16.12,13.1,0,Good,Owned,East,Approved,Non-Default
CUST001073,Female,47,Graduate,Self-employed,Divorced,2,56421.0,675.0,0,LN001073,Personal,114364.0,24,16.63,5634.1,24.7,4.4,1,Good,Rented,East,Approved,Non-Default
CUST001074,Male,36,Graduate,Self-employed,Married,2,33552.0,762.0,1,LN001074,Business,203310.0,36,14.58,7006.06,41.82,5.1,0,Excellent,Rented,West,Approved,Non-Default
CUST001075,Female,30,High School,Salaried,Married,2,110899.0,595.0,3,LN001075,Auto,227180.0,48,17.16,6574.11,5.0,17.0,0,Fair,Mortgage,North,Approved,Non-Default
CUST001076,Male,38,High School,Salaried,Married,1,49520.0,790.0,1,LN001076,Business,123604.0,48,15.0,3439.99,23.47,8.4,0,Excellent,Rented,West,Approved,Non-Default
CUST001077,Male,35,Graduate,Self-employed,Married,1,77910.0,776.0,0,LN001077,Personal,310727.0,72,15.26,6614.28,32.15,4.0,1,Excellent,Rented,West,Rejected,Non-Default
CUST001078,Female,34,High School,Self-employed,Single,3,37229.0,678.0,3,LN001078,Auto,139094.0,60,13.96,3233.59,5.0,8.9,0,Good,Rented,West,Approved,Non-Default
CUST001079,Female,37,Graduate,Unemployed,Married,2,63855.0,796.0,2,LN001079,Auto,340587.0,60,12.89,7730.24,34.93,6.4,0,Excellent,Rented,North,Approved,Non-Default
CUST001080,Female,35,Graduate,Salaried,Married,2,43344.0,759.0,2,LN001080,Personal,55513.0,48,15.45,1557.66,5.0,1.4,1,Excellent,Owned,West,Approved,Default
CUST001081,Male,23,Graduate,Salaried,Divorced,0,50377.0,733.0,2,LN001081,Personal,418997.0,72,16.22,9139.64,26.74,17.9,0,Excellent,Rented,West,Approved,Non-Default
CUST001082,Female,31,High School,Salaried,Single,3,33002.0,646.0,1,LN001082,Home,235417.0,48,15.34,6592.48,31.89,9.6,1,Fair,Owned,East,Approved,Default
CUST001083,Male,37,Postgraduate,Self-employed,Single,3,59248.0,729.0,1,LN001083,Personal,164114.0,12,16.53,14931.4,33.24,14.1,0,Excellent,Rented,West,Rejected,Non-Default
CUST001084,Female,34,Postgraduate,Salaried,Married,0,109252.0,775.0,3,LN001084,Personal,158969.0,60,16.37,3897.14,10.25,12.6,0,Excellent,Rented,West,Rejected,Non-Default
CUST001085,Female,70,Postgraduate,Self-employed,Single,2,60321.0,664.0,0,LN001085,Personal,336693.0,48,16.61,9647.49,37.85,1.3,0,Good,Mortgage,East,Approved,Non-Default
CUST001086,Male,36,Graduate,Salaried,Single,0,26788.0,651.0,2,LN001086,Personal,83850.0,36,17.42,3007.04,24.06,8.3,1,Good,Rented,North,Approved,Default
CUST001087,Female,36,High School,Salaried,Single,1,21380.0,641.0,0,LN001087,Home,51585.0,48,13.95,1408.34,24.45,15.4,0,Fair,Rented,North,Approved,Default
CUST001088,Female,51,Graduate,Self-employed,Single,1,34665.0,699.0,1,LN001088,Home,251433.0,36,16.41,8890.62,34.24,9.9,0,Good,Rented,East,Approved,Non-Default
CUST001089,Female,26,Postgraduate,Salaried,Married,0,62633.0,635.0,1,LN001089,Business,845510.0,60,17.38,21186.25,47.1,11.8,0,Fair,Owned,West,Approved,Non-Default
CUST001090,Female,35,High School,Salaried,Single,2,115634.0,759.0,1,LN001090,Personal,124683.0,24,15.67,6085.23,12.54,7.4,1,Excellent,Owned,South,Approved,Non-Default
CUST001091,Male,52,High School,Salaried,Married,1,33376.0,730.0,1,LN001091,Home,217605.0,72,13.99,4482.75,24.84,6.1,0,Excellent,Rented,West,Approved,Non-Default
CUST001092,Female,55,Graduate,Self-employed,Married,3,34905.0,618.0,2,LN001092,Home,196832.0,60,14.42,4622.91,23.52,6.8,0,Fair,Owned,North,Approved,Non-Default
CUST001093,Male,39,Graduate,Unemployed,Divorced,1,39776.0,580.0,0,LN001093,Education,150339.0,60,16.6,3704.05,16.76,12.0,1,Fair,Owned,North,Approved,Default
CUST001094,Female,50,Graduate,Salaried,Married,1,40333.0,622.0,0,LN001094,Home,471949.0,24,15.76,23054.01,75.0,9.1,0,Fair,Mortgage,East,Approved,Non-Default
CUST001095,Female,27,Graduate,Salaried,Single,1,60388.0,711.0,1,LN001095,Personal,153464.0,36,14.56,5286.87,18.14,11.2,1,Excellent,Owned,West,Approved,Default
CUST001096,Male,42,High School,Unemployed,Married,2,66213.0,760.0,2,LN001096,Education,141481.0,36,12.38,4724.91,9.3,2.1,0,Excellent,Rented,South,Rejected,Default
CUST001097,Female,41,Graduate,Self-employed,Single,0,68682.0,652.0,0,LN001097,Business,304232.0,48,15.78,8587.78,14.22,15.0,0,Good,Rented,North,Approved,Non-Default
CUST001098,Female,38,Graduate,Unemployed,Married,1,27481.0,655.0,1,LN001098,Education,35240.0,72,14.77,740.76,5.0,15.0,0,Good,Mortgage,West,Approved,Default
CUST001099,Female,37,Graduate,Self-employed,Married,1,53989.0,702.0,1,LN001099,Personal,76669.0,48,15.95,2170.86,6.87,3.6,0,Excellent,Mortgage,South,Rejected,Non-Default
CUST001100,Female,53,Postgraduate,Salaried,Married,3,78279.0,635.0,0,LN001100,Home,298327.0,24,13.63,14271.45,28.23,4.2,1,Fair,Rented,East,Approved,Non-Default
CUST001101,Female,42,High School,Unemployed,Single,3,104155.0,651.0,0,LN001101,Education,102850.0,12,14.86,9276.27,17.6,3.1,1,Good,Mortgage,South,Approved,Non-Default
CUST001102,Male,58,High School,Salaried,Single,3,65729.0,652.0,0,LN001102,Home,195851.0,24,14.07,9409.85,27.19,0.0,1,Good,Rented,East,Approved,Non-Default
CUST001103,Male,34,Graduate,Salaried,Married,0,29735.0,688.0,1,LN001103,Home,141220.0,36,14.97,4893.36,16.87,3.4,1,Good,Rented,East,Approved,Non-Default
CUST001104,Female,31,Graduate,Salaried,Single,0,40492.0,775.0,1,LN001104,Business,289709.0,36,16.35,10235.44,36.45,10.2,0,Excellent,Mortgage,East,Approved,Non-Default
CUST001105,Male,34,Graduate,Salaried,Married,1,23442.0,689.0,0,LN001105,Home,201150.0,24,12.35,9501.74,57.16,11.6,0,Good,Rented,East,Approved,Default
CUST001106,Female,44,High School,Self-employed,Married,0,52695.0,752.0,0,LN001106,Personal,361138.0,36,15.68,12639.56,36.02,2.3,0,Excellent,Owned,East,Rejected,Non-Default
CUST001107,Male,41,High School,Salaried,Single,2,51368.0,660.0,2,LN001107,Home,363301.0,72,14.47,7577.82,20.14,3.4,2,Good,Mortgage,West,Approved,Non-Default
CUST001108,Female,65,Graduate,Salaried,Married,2,62080.0,750.0,1,LN001108,Auto,362799.0,36,13.72,12350.33,20.57,5.5,0,Excellent,Owned,East,Approved,Non-Default
CUST001109,Female,39,Graduate,Self-employed,Divorced,2,115072.0,640.0,1,LN001109,Home,89199.0,72,14.35,1854.77,10.79,3.4,0,Fair,Owned,West,Approved,Non-Default
CUST001110,Female,38,Graduate,Salaried,Married,2,101391.0,708.0,2,LN001110,Personal,317888.0,12,15.73,28801.65,41.06,6.9,0,Excellent,Rented,South,Approved,Non-Default
CUST001111,Female,34,Postgraduate,Self-employed,Single,1,32988.0,663.0,1,LN001111,Business,252107.0,36,14.95,8733.2,45.17,5.5,1,Good,Mortgage,North,Approved,Non-Default
CUST001112,Female,42,Graduate,Salaried,Single,1,55878.0,647.0,0,LN001112,Home,57198.0,24,16.27,2807.98,5.34,4.8,0,Fair,Rented,North,Approved,Default
CUST001113,Male,49,High School,Self-employed,Single,0,57370.0,711.0,0,LN001113,Home,80512.0,60,14.34,1887.6,11.07,0.0,0,Excellent,Rented,East,Approved,Non-Default
CUST001114,Female,48,High School,Salaried,Married,1,73236.0,674.0,0,LN001114,Personal,278859.0,36,18.27,10119.23,37.22,7.4,0,Good,Owned,North,Approved,Default
CUST001115,Female,21,Postgraduate,Unemployed,Married,3,61078.0,695.0,0,LN001115,Home,176894.0,60,13.87,4104.1,14.88,8.4,0,Good,Owned,North,Approved,Non-Default
CUST001116,Female,49,High School,Salaried,Single,2,91275.0,729.0,0,LN001116,Home,432599.0,48,13.69,11754.24,33.51,0.9,0,Excellent,Rented,South,Approved,Non-Default
CUST001117,Female,51,High School,Salaried,Single,1,52650.0,718.0,1,LN001117,Home,206136.0,36,14.21,7066.28,12.6,3.6,0,Excellent,Owned,North,Approved,Non-Default
CUST001118,Male,37,Postgraduate,Self-employed,Married,1,70125.0,757.0,2,LN001118,Education,134824.0,60,14.9,3200.38,12.24,17.5,0,Excellent,Owned,East,Approved,Non-Default
CUST001119,Male,34,High School,Self-employed,Married,0,55754.0,684.0,1,LN001119,Personal,153605.0,60,15.8,3719.07,13.56,9.4,0,Good,Owned,South,Rejected,Non-Default
CUST001120,Female,23,High School,Salaried,Single,2,56982.0,600.0,2,LN001120,Home,144192.0,48,17.31,4183.83,31.29,1.0,2,Fair,Owned,West,Approved,Non-Default
CUST001121,Male,28,High School,Salaried,Married,1,90635.0,681.0,0,LN001121,Auto,116389.0,48,15.45,3265.8,6.36,8.2,0,Good,Owned,North,Approved,Non-Default
CUST001122,Male,40,High School,Self-employed,Married,1,74849.0,685.0,0,LN001122,Home,219472.0,24,14.69,10609.17,11.27,15.6,0,Good,Mortgage,North,Approved,Non-Default
CUST001123,Female,33,Graduate,Unemployed,Single,0,72920.0,697.0,1,LN001123,Personal,156428.0,36,16.8,5561.53,13.62,9.6,0,Good,Owned,West,Approved,Non-Default
CUST001124,Female,33,Graduate,Self-employed,Single,0,91779.0,679.0,0,LN001124,Home,379931.0,60,17.0,9442.26,25.42,12.4,1,Good,Rented,North,Approved,Non-Default
CUST001125,Male,27,Graduate,Salaried,Married,1,47189.0,712.0,0,LN001125,Personal,64855.0,36,17.44,2326.48,13.33,6.7,1,Excellent,Owned,East,Approved,Non-Default
CUST001126,Female,40,High School,Unemployed,Married,2,18655.0,850.0,1,LN001126,Home,615760.0,48,9.97,15608.39,75.0,4.1,1,Excellent,Mortgage,East,Approved,Non-Default
CUST001127,Female,41,Postgraduate,Salaried,Married,0,101372.0,646.0,1,LN001127,Personal,114261.0,72,15.18,2427.23,11.81,4.1,0,Fair,Rented,South,Approved,Non-Default
CUST001128,Male,34,Graduate,Salaried,Married,2,55151.0,767.0,1,LN001128,Personal,46502.0,24,15.93,2275.33,22.63,19.9,1,Excellent,Owned,East,Approved,Non-Default
CUST001129,Female,48,Graduate,Self-employed,Single,2,28494.0,562.0,1,LN001129,Home,152103.0,36,15.41,5303.29,22.21,3.1,0,Fair,Owned,East,Approved,Non-Default
CUST001130,Male,46,,Salaried,Married,1,42452.0,694.0,0,LN001130,Auto,363423.0,48,14.74,10066.5,36.84,18.6,0,Good,Rented,West,Rejected,Non-Default
CUST001131,Male,41,Postgraduate,Self-employed,Single,3,75467.0,689.0,2,LN001131,Auto,215019.0,36,15.53,7509.63,23.14,5.6,0,Good,Rented,East,Rejected,Non-Default
CUST001132,Male,23,Graduate,Salaried,Single,1,56237.0,695.0,1,LN001132,Personal,162862.0,36,17.84,5874.79,26.17,12.2,1,Good,Owned,North,Approved,Default
CUST001133,Male,40,Graduate,Salaried,Married,1,38743.0,572.0,0,LN001133,Education,180132.0,36,15.54,6292.07,42.79,9.7,1,Fair,Rented,North,Approved,Default
CUST001134,Male,36,High School,Salaried,Divorced,1,66006.0,727.0,2,LN001134,Business,199491.0,36,13.75,6793.93,10.02,8.6,0,Excellent,Mortgage,East,Approved,Non-Default
CUST001135,Male,41,Graduate,Self-employed,Married,2,69170.0,736.0,1,LN001135,Personal,210485.0,36,14.25,7219.46,28.67,0.0,0,Excellent,Owned,North,Approved,Non-Default
CUST001136,Male,38,High School,Self-employed,Married,2,25615.0,752.0,1,LN001136,Auto,137648.0,72,13.72,2815.74,32.05,8.2,1,Excellent,Mortgage,South,Approved,Default
CUST001137,Female,41,High School,Salaried,Married,0,36332.0,666.0,0,LN001137,Home,419574.0,12,16.59,38185.55,75.0,12.5,1,Good,Owned,West,Approved,Non-Default
CUST001138,Female,48,Postgraduate,Salaried,Married,3,62917.0,651.0,0,LN001138,Personal,364500.0,48,19.01,10900.52,26.32,12.4,0,Good,Owned,East,Approved,Non-Default
CUST001139,Female,34,Graduate,Salaried,Married,0,94883.0,643.0,3,LN001139,Personal,78960.0,72,15.89,1708.01,11.57,9.2,0,Fair,Owned,South,Approved,Non-Default
CUST001140,Female,42,Graduate,Self-employed,Married,1,66651.0,720.0,3,LN001140,Personal,314332.0,36,14.07,10753.81,34.15,7.4,0,Excellent,Rented,North,Approved,Non-Default
CUST001141,Female,43,Graduate,Salaried,Divorced,0,83298.0,662.0,1,LN001141,Business,117158.0,24,17.35,5812.28,20.28,0.0,0,Good,Mortgage,West,Approved,Non-Default
CUST001142,Female,42,High School,Self-employed,Married,1,49280.0,549.0,0,LN001142,Personal,87112.0,12,16.64,7930.15,33.56,3.3,0,Poor,Owned,West,Approved,Non-Default
CUST001143,Female,29,High School,Self-employed,Single,3,97590.0,615.0,3,LN001143,Personal,61303.0,36,17.62,2204.58,13.12,0.0,0,Fair,Rented,West,Approved,Default
CUST001144,Male,34,Graduate,Self-employed,Married,2,44556.0,725.0,0,LN001144,Education,218296.0,48,12.59,5812.01,33.09,15.7,0,Excellent,Mortgage,West,Approved,Non-Default
CUST001145,Male,49,Graduate,Salaried,Single,1,69780.0,724.0,0,LN001145,Personal,436505.0,24,15.04,21172.96,51.12,1.6,0,Excellent,Rented,East,Approved,Non-Default
CUST001146,Male,52,Graduate,Salaried,Married,0,46313.0,707.0,1,LN001146,Auto,222355.0,48,12.99,5964.12,23.94,3.8,0,Excellent,Rented,East,Approved,Non-Default
CUST001147,Male,58,High School,Unemployed,Divorced,1,96726.0,656.0,2,LN001147,Auto,142976.0,60,16.28,3498.21,13.57,9.0,0,Good,Owned,West,Approved,Non-Default
CUST001148,Female,55,Graduate,Salaried,Married,1,72104.0,672.0,2,LN001148,Business,215851.0,12,15.21,19503.74,43.39,5.7,0,Good,Mortgage,North,Approved,Non-Default
CUST001149,Female,45,High School,Unemployed,Divorced,0,47334.0,732.0,0,LN001149,Business,134016.0,24,14.36,6457.31,12.58,14.8,0,Excellent,Mortgage,East,Approved,Non-Default
CUST001150,Female,40,High School,Self-employed,Married,2,42431.0,640.0,1,LN001150,Auto,242571.0,36,14.88,8394.56,34.3,11.6,0,Fair,Owned,North,Approved,Default
CUST001151,Male,44,Postgraduate,Salaried,Divorced,2,72723.0,830.0,2,LN001151,Personal,134533.0,24,13.86,6450.42,34.03,11.1,2,Excellent,Owned,South,Approved,Default
CUST001152,Male,51,High School,Self-employed,Married,0,67318.0,802.0,1,LN001152,Home,336343.0,36,14.21,11529.74,21.24,16.0,0,Excellent,Owned,West,Approved,Non-Default
CUST001153,Male,33,Postgraduate,Salaried,Divorced,0,37125.0,696.0,2,LN001153,Personal,64174.0,36,17.47,2303.02,5.5,8.6,1,Good,Rented,North,Approved,Non-Default
CUST001154,Male,37,Graduate,Unemployed,Divorced,2,55597.0,622.0,0,LN001154,Auto,123328.0,36,15.34,4295.77,11.75,10.0,0,Fair,Rented,North,Approved,Non-Default
CUST001155,Female,35,High School,Unemployed,Divorced,0,86492.0,689.0,0,LN001155,Auto,119422.0,36,14.06,4085.04,12.75,14.3,0,Good,Mortgage,East,Approved,Non-Default
CUST001156,Male,48,Graduate,Self-employed,Single,2,39302.0,675.0,2,LN001156,Business,651534.0,24,16.51,32060.13,75.0,11.0,0,Good,Owned,West,Approved,Non-Default
CUST001157,Male,41,Graduate,Self-employed,Married,1,41635.0,695.0,1,LN001157,Education,200649.0,12,15.62,18168.99,63.63,0.0,0,Good,Mortgage,West,Approved,Non-Default
CUST001158,Male,43,Graduate,Salaried,Divorced,1,38916.0,739.0,3,LN001158,Auto,268919.0,24,13.35,12829.15,37.26,16.9,0,Excellent,Owned,South,Rejected,Non-Default
CUST001159,Female,21,Graduate,Self-employed,Married,0,52080.0,646.0,2,LN001159,Personal,46392.0,12,18.21,4257.86,15.5,0.0,0,Fair,Owned,South,Approved,Non-Default
CUST001160,Female,37,High School,Unemployed,Single,0,72002.0,747.0,1,LN001160,Home,379065.0,36,13.17,12803.26,24.29,12.7,0,Excellent,Mortgage,East,Approved,Non-Default
CUST001161,Female,54,Postgraduate,Self-employed,Divorced,2,67011.0,721.0,3,LN001161,Home,61247.0,12,14.47,5512.75,15.32,7.7,0,Excellent,Rented,South,Approved,Non-Default
CUST001162,Female,29,High School,Salaried,Single,2,77954.0,747.0,0,LN001162,Home,370226.0,48,14.0,10116.97,9.7,22.8,0,Excellent,Mortgage,South,Rejected,Default
CUST001163,Female,36,Graduate,Salaried,Single,1,33402.0,510.0,1,LN001163,Home,108256.0,36,15.07,3756.44,15.95,10.7,1,Poor,Owned,South,Approved,Non-Default
CUST001164,Male,45,Graduate,Self-employed,Divorced,2,73232.0,656.0,0,LN001164,Home,212762.0,48,15.89,6017.76,15.55,8.2,0,Good,Owned,East,Approved,Non-Default
CUST001165,Female,50,Graduate,Salaried,Married,1,56162.0,688.0,0,LN001165,Personal,96622.0,36,14.41,3321.58,12.54,14.6,0,Good,Rented,East,Approved,Default
CUST001166,Male,48,High School,Salaried,Married,0,56467.0,618.0,0,LN001166,Home,272589.0,36,15.16,9470.76,32.93,6.2,0,Fair,Owned,South,Approved,Default
CUST001167,Male,32,High School,Self-employed,Single,1,35890.0,685.0,2,LN001167,Personal,107218.0,12,16.35,9745.75,35.48,0.0,2,Good,Mortgage,North,Approved,Non-Default
CUST001168,Female,21,Graduate,Self-employed,Married,1,40083.0,744.0,0,LN001168,Personal,181100.0,48,14.36,4981.59,27.75,6.2,0,Excellent,Owned,North,Approved,Non-Default
CUST001169,Female,21,Graduate,Salaried,Divorced,2,54003.0,677.0,2,LN001169,Education,70384.0,12,14.27,6328.52,24.98,12.4,0,Good,Owned,East,Approved,Non-Default
CUST001170,Male,37,Graduate,Self-employed,Single,1,108514.0,632.0,1,LN001170,Business,353285.0,72,16.41,7743.37,18.5,9.3,0,Fair,Rented,North,Rejected,Non-Default
CUST001171,Female,30,Graduate,Salaried,Single,1,55791.0,709.0,0,LN001171,Personal,86381.0,24,17.24,4280.84,17.7,8.3,1,Excellent,Rented,North,Approved,Default
CUST001172,Male,46,High School,Unemployed,Married,1,82673.0,542.0,0,LN001172,Education,159035.0,60,17.46,3991.87,6.73,6.4,0,Poor,Owned,East,Approved,Non-Default
CUST001173,Male,51,Graduate,Self-employed,Divorced,2,123671.0,673.0,0,LN001173,Auto,125212.0,36,12.91,4213.46,5.0,7.6,0,Good,Mortgage,North,Rejected,Non-Default
CUST001174,Female,52,High School,Salaried,Married,2,45028.0,764.0,0,LN001174,Personal,103996.0,60,18.15,2649.31,21.45,9.0,1,Excellent,Rented,South,Approved,Non-Default
CUST001175,Male,43,Graduate,Salaried,Single,0,47877.0,708.0,1,LN001175,Business,241443.0,48,15.56,6788.28,33.38,5.7,0,Excellent,Rented,South,Approved,Non-Default
CUST001176,Male,31,Postgraduate,Unemployed,Married,0,64214.0,719.0,0,LN001176,Personal,99548.0,36,17.48,3572.98,12.79,0.8,0,Excellent,Owned,South,Approved,Non-Default
CUST001177,Male,40,High School,Salaried,Single,1,54338.0,677.0,1,LN001177,Home,83040.0,24,13.95,3985.03,12.41,9.3,1,Good,Rented,South,Approved,Non-Default
CUST001178,Female,46,Graduate,Salaried,Single,0,44627.0,595.0,0,LN001178,Auto,353870.0,24,16.72,17448.56,46.5,9.4,1,Fair,Mortgage,North,Approved,Default
CUST001179,Female,37,High School,Salaried,Married,2,113344.0,599.0,2,LN001179,Home,240012.0,48,13.3,6474.72,5.0,14.6,0,Fair,Mortgage,North,Approved,Non-Default
CUST001180,Female,51,High School,Salaried,Married,0,123468.0,648.0,0,LN001180,Home,58388.0,60,15.6,1407.5,14.53,5.6,0,Fair,Owned,East,Approved,Non-Default
CUST001181,Female,41,High School,Salaried,Single,0,58038.0,663.0,2,LN001181,Personal,282690.0,36,14.31,9704.29,29.74,8.7,0,Good,Owned,South,Approved,Non-Default
CUST001182,Female,50,Graduate,Salaried,Single,0,52747.0,604.0,1,LN001182,Home,330770.0,60,16.73,8172.54,16.27,2.7,1,Fair,Mortgage,East,Approved,Non-Default
CUST001183,Female,36,Graduate,Salaried,Single,1,57021.0,751.0,1,LN001183,Home,125406.0,36,12.97,4223.61,9.73,2.5,0,Excellent,Rented,East,Approved,Non-Default
CUST001184,Female,31,Graduate,Salaried,Single,1,55894.0,734.0,0,LN001184,Personal,158855.0,60,16.26,3885.02,22.54,3.6,0,Excellent,Rented,West,Approved,Default
CUST001185,Female,41,High School,Self-employed,Single,0,107802.0,739.0,0,LN001185,Education,102353.0,12,14.45,9211.67,9.47,0.7,1,Excellent,Rented,South,Approved,Non-Default
CUST001186,Male,34,Graduate,Salaried,Married,0,86645.0,797.0,0,LN001186,Home,142554.0,48,11.62,3727.45,5.0,7.1,1,Excellent,Mortgage,East,Approved,Non-Default
CUST001187,Male,33,High School,Salaried,Married,1,47982.0,665.0,0,LN001187,Home,258014.0,36,13.1,8705.94,34.09,7.8,0,Good,Mortgage,East,Approved,Non-Default
CUST001188,Female,43,Graduate,Unemployed,Single,1,69287.0,732.0,1,LN001188,Auto,137293.0,24,14.31,6611.96,10.42,3.3,0,Excellent,Mortgage,North,Approved,Non-Default
CUST001189,Male,34,High School,Self-employed,Single,1,41941.0,712.0,2,LN001189,Home,564088.0,60,14.19,13180.97,34.97,0.3,0,Excellent,Owned,South,Approved,Default
CUST001190,Female,39,Graduate,Self-employed,Single,2,79779.0,753.0,3,LN001190,Personal,183814.0,24,13.49,8781.22,14.15,3.6,0,Excellent,Mortgage,West,Approved,Non-Default
CUST001191,Female,21,High School,Self-employed,Single,0,43399.0,666.0,1,LN001191,Personal,180734.0,36,14.84,6251.05,20.23,12.1,2,Good,Owned,South,Rejected,Non-Default
CUST001192,Male,58,Postgraduate,Salaried,Married,1,62649.0,708.0,1,LN001192,Business,61353.0,12,15.45,5550.65,13.14,11.2,0,Excellent,Rented,West,Approved,Non-Default
CUST001193,Female,45,High School,Salaried,Married,0,59850.0,715.0,1,LN001193,Home,47567.0,60,12.47,1069.43,26.99,0.5,2,Excellent,Rented,East,Approved,Non-Default
CUST001194,Male,39,Graduate,Salaried,Single,3,45420.0,643.0,0,LN001194,Personal,183623.0,12,17.06,16752.52,52.18,17.1,1,Fair,Mortgage,East,Approved,Default
CUST001195,Female,41,High School,Salaried,Divorced,2,65110.0,517.0,1,LN001195,Home,153585.0,36,15.45,5357.98,12.21,5.5,0,Poor,Owned,North,Approved,Non-Default
CUST001196,Female,46,High School,Salaried,Married,1,62511.0,758.0,0,LN001196,Personal,235353.0,72,15.3,5014.97,20.34,12.9,0,Excellent,Owned,South,Rejected,Non-Default
CUST001197,Male,64,Postgraduate,Salaried,Single,1,123048.0,722.0,3,LN001197,Personal,189525.0,24,13.41,9046.91,20.08,9.8,1,Excellent,Rented,East,Approved,Non-Default
CUST001198,Female,38,High School,Salaried,Single,0,53423.0,663.0,1,LN001198,Auto,176887.0,24,17.0,8745.69,26.78,9.0,0,Good,Owned,East,Approved,Non-Default
CUST001199,Female,55,Graduate,,Single,2,98957.0,653.0,0,LN001199,Auto,113192.0,24,14.48,5460.38,6.57,11.5,0,Good,Owned,West,Approved,Non-Default
CUST001200,Female,48,High School,Salaried,Single,2,37254.0,724.0,1,LN001200,Business,188511.0,12,16.49,17147.51,68.46,5.7,0,Excellent,Mortgage,North,Approved,Non-Default
CUST001201,Male,27,High School,Salaried,Married,2,65805.0,710.0,0,LN001201,Business,280308.0,60,17.51,7043.47,20.89,7.8,0,Excellent,Rented,South,Approved,Non-Default
CUST001202,Male,43,Postgraduate,Salaried,Married,0,40062.0,646.0,2,LN001202,Personal,332287.0,48,16.69,9534.95,40.75,0.0,0,Fair,Mortgage,West,Approved,Default
CUST001203,Male,42,Graduate,Salaried,Single,2,50523.0,673.0,2,LN001203,Business,38783.0,48,17.21,1123.3,14.35,14.7,0,Good,Owned,West,Approved,Non-Default
CUST001204,Female,48,High School,Salaried,Married,0,97920.0,557.0,1,LN001204,Personal,124884.0,36,17.8,4502.34,13.98,7.5,0,Fair,Rented,South,Rejected,Non-Default
CUST001205,Male,39,High School,Self-employed,Divorced,1,51139.0,611.0,0,LN001205,Education,314893.0,60,16.52,7744.86,19.45,9.0,0,Fair,Rented,East,Approved,Non-Default
CUST001206,Female,40,Graduate,Self-employed,Married,1,52531.0,747.0,2,LN001206,Personal,442552.0,60,16.11,10787.89,25.32,3.1,0,Excellent,Mortgage,East,Approved,Non-Default
CUST001207,Female,50,Postgraduate,Self-employed,Divorced,1,61865.0,671.0,2,LN001207,Personal,357923.0,60,15.82,8669.8,29.11,0.0,0,Good,Mortgage,East,Approved,Default
CUST001208,Male,28,Postgraduate,Self-employed,Divorced,3,77221.0,715.0,3,LN001208,Business,116691.0,48,15.58,3282.01,15.23,8.6,0,Excellent,Owned,West,Approved,Non-Default
CUST001209,Female,42,Graduate,Unemployed,Single,3,44021.0,702.0,2,LN001209,Personal,399644.0,48,16.59,11447.15,45.41,8.9,0,Excellent,Mortgage,South,Rejected,Non-Default
CUST001210,Female,47,Graduate,Salaried,Single,1,69164.0,654.0,2,LN001210,Personal,83461.0,72,16.48,1832.55,17.31,2.9,0,Good,Owned,South,Rejected,Non-Default
CUST001211,Female,43,High School,Salaried,Single,3,39494.0,540.0,1,LN001211,Auto,137876.0,36,16.29,4867.07,18.63,17.1,0,Poor,Owned,West,Approved,Default
CUST001212,Male,47,High School,Salaried,Single,0,72602.0,631.0,2,LN001212,Home,321460.0,24,16.1,15755.05,32.05,6.9,0,Fair,Mortgage,North,Approved,Non-Default
CUST001213,Male,40,High School,Salaried,Married,1,24374.0,718.0,2,LN001213,Home,95573.0,72,12.9,1913.5,23.26,4.1,0,Excellent,Rented,East,Approved,Non-Default
CUST001214,Female,44,Graduate,Unemployed,Married,0,47763.0,712.0,2,LN001214,Personal,411504.0,12,14.58,37060.15,75.0,8.1,0,Excellent,Mortgage,West,Approved,Non-Default
CUST001215,Female,32,Graduate,Self-employed,Married,1,61313.0,732.0,1,LN001215,Auto,183911.0,60,15.83,4455.76,9.32,8.9,1,Excellent,Owned,West,Rejected,Non-Default
CUST001216,Female,32,High School,Salaried,Married,3,64295.0,703.0,1,LN001216,Home,201988.0,12,13.46,18084.64,25.06,11.0,2,Excellent,Owned,East,Approved,Non-Default
CUST001217,Female,28,High School,Self-employed,Single,0,64229.0,803.0,1,LN001217,Home,102465.0,48,13.57,2777.96,25.68,0.0,0,Excellent,Rented,East,Approved,Non-Default
CUST001218,Female,35,Postgraduate,Unemployed,Divorced,1,31900.0,599.0,1,LN001218,Personal,383325.0,36,17.9,13838.9,67.15,1.7,1,Fair,Owned,South,Approved,Default
CUST001219,Male,52,Graduate,Self-employed,Married,3,68333.0,649.0,3,LN001219,Home,581478.0,12,13.83,52162.73,75.0,6.3,0,Fair,Owned,North,Approved,Default
CUST001220,Female,38,High School,Salaried,Single,1,65371.0,632.0,3,LN001220,Personal,582994.0,36,17.86,21035.71,54.61,1.1,2,Fair,Rented,East,Approved,Non-Default
CUST001221,Female,39,Postgraduate,Salaried,Divorced,1,48548.0,545.0,0,LN001221,Personal,151191.0,12,19.35,13958.51,29.38,0.8,0,Poor,Mortgage,East,Approved,Non-Default
CUST001222,Male,24,Postgraduate,Salaried,Divorced,1,32149.0,631.0,1,LN001222,Auto,121671.0,24,13.3,5801.62,21.67,16.0,0,Fair,Owned,South,Approved,Non-Default
CUST001223,Male,50,Graduate,Self-employed,Single,0,43694.0,632.0,1,LN001223,Personal,78863.0,60,18.61,2028.86,15.26,0.0,0,Fair,Owned,East,Approved,Non-Default
CUST001224,Male,29,High School,Salaried,Married,0,61375.0,766.0,2,LN001224,Personal,1132641.0,48,17.06,32717.57,75.0,22.8,0,Excellent,Mortgage,West,Approved,Default
CUST001225,Female,37,High School,Self-employed,Divorced,0,41638.0,651.0,0,LN001225,Auto,85322.0,36,14.33,2929.8,7.46,7.6,0,Good,Owned,West,Approved,Non-Default
CUST001226,Male,38,Graduate,Salaried,Single,1,66217.0,543.0,1,LN001226,Home,78273.0,24,16.39,3847.09,27.27,0.7,1,Poor,Rented,West,Approved,Non-Default
CUST001227,Female,38,Postgraduate,Salaried,Married,0,53672.0,727.0,0,LN001227,Home,142312.0,60,15.81,3446.4,23.26,10.3,0,Excellent,Owned,East,Approved,Non-Default
CUST001228,Male,41,High School,Self-employed,Single,1,26197.0,731.0,3,LN001228,Personal,202557.0,24,15.57,9876.25,49.14,10.4,0,Excellent,Rented,West,Approved,Non-Default
CUST001229,Female,70,Graduate,Salaried,Married,0,39741.0,721.0,2,LN001229,Home,76451.0,24,13.3,3645.4,23.67,12.0,1,Excellent,Rented,West,Approved,Non-Default
CUST001230,Female,49,,Salaried,Single,1,77072.0,786.0,2,LN001230,Education,117412.0,24,10.39,5439.13,7.7,3.0,0,Excellent,Rented,West,Rejected,Default
CUST001231,Male,45,Graduate,Salaried,Married,1,91350.0,725.0,1,LN001231,Home,130544.0,60,14.11,3044.98,17.77,11.3,0,Excellent,Rented,North,Approved,Non-Default
CUST001232,Female,21,High School,Self-employed,Married,1,64735.0,683.0,0,LN001232,Personal,348314.0,36,15.92,12231.93,30.23,0.0,1,Good,Mortgage,North,Approved,Non-Default
CUST001233,Female,34,High School,Self-employed,Divorced,1,40241.0,741.0,3,LN001233,Education,87261.0,72,15.77,1881.82,7.0,3.5,1,Excellent,Rented,North,Approved,Non-Default
CUST001234,Female,54,Graduate,Self-employed,Married,1,54025.0,690.0,2,LN001234,Home,342530.0,72,15.36,7309.93,20.96,0.9,0,Good,Rented,North,Approved,Non-Default
CUST001235,Male,38,Graduate,Unemployed,Divorced,0,41956.0,653.0,1,LN001235,Personal,395131.0,36,18.08,14300.79,51.38,13.7,2,Good,Owned,North,Approved,Non-Default
CUST001236,Male,31,Postgraduate,Salaried,Married,0,68768.0,744.0,3,LN001236,Auto,54979.0,12,12.21,4890.22,8.69,14.1,0,Excellent,Mortgage,South,Approved,Non-Default
CUST001237,Male,46,High School,Salaried,Married,1,49254.0,671.0,0,LN001237,Home,214021.0,48,13.45,5789.56,38.54,10.1,0,Good,Rented,South,Approved,Default
CUST001238,Female,34,Postgraduate,Self-employed,Single,3,106599.0,807.0,1,LN001238,Home,250425.0,24,12.52,11849.28,12.23,6.9,1,Excellent,Mortgage,South,Approved,Non-Default
CUST001239,Female,52,High School,Self-employed,Single,2,26705.0,547.0,1,LN001239,Personal,186113.0,60,17.0,4625.39,28.25,4.6,0,Poor,Owned,West,Approved,Non-Default
CUST001240,Male,41,Graduate,Salaried,Single,0,67801.0,743.0,0,LN001240,Personal,496959.0,48,15.34,13916.54,40.71,0.0,1,Excellent,Rented,South,Approved,Non-Default
CUST001241,Female,33,Graduate,Self-employed,Single,0,46813.0,622.0,2,LN001241,Home,294745.0,60,16.48,7243.01,18.78,1.1,0,Fair,Owned,South,Approved,Non-Default
CUST001242,Female,64,Graduate,Salaried,Divorced,0,55609.0,696.0,0,LN001242,Personal,304023.0,12,16.86,27708.15,66.64,2.0,0,Good,Owned,East,Rejected,Non-Default
CUST001243,Male,43,Postgraduate,Self-employed,Married,0,50003.0,777.0,1,LN001243,Auto,151472.0,24,12.16,7141.64,29.09,3.6,0,Excellent,Mortgage,East,Approved,Non-Default
CUST001244,Female,37,Postgraduate,Self-employed,Single,3,75319.0,686.0,0,LN001244,Education,216848.0,48,15.03,6038.34,22.33,5.0,0,Good,Rented,West,Approved,Non-Default
CUST001245,Male,26,Graduate,Salaried,Married,1,26961.0,603.0,1,LN001245,Auto,142838.0,36,16.1,5028.82,28.37,0.8,1,Fair,Mortgage,North,Approved,Non-Default
CUST001246,Male,40,High School,Self-employed,Single,1,29483.0,762.0,3,LN001246,Home,252079.0,60,12.71,5698.22,44.69,3.8,0,Excellent,Owned,East,Approved,Non-Default
CUST001247,Male,39,High School,Salaried,Married,1,49392.0,755.0,1,LN001247,Home,117455.0,24,12.55,5559.23,34.59,11.0,0,Excellent,Owned,North,Approved,Non-Default
CUST001248,Female,32,Graduate,Salaried,Married,2,28058.0,775.0,1,LN001248,Auto,166898.0,24,12.63,7905.66,56.88,7.4,0,Excellent,Owned,South,Approved,Non-Default
CUST001249,Female,24,Graduate,Self-employed,Single,0,69240.0,702.0,3,LN001249,Personal,106061.0,60,15.0,2523.18,19.81,11.9,0,Excellent,Owned,East,Approved,Non-Default
CUST001250,Female,35,High School,Salaried,Married,1,32888.0,566.0,1,LN001250,Personal,311140.0,60,15.5,7483.91,28.43,14.1,0,Fair,Owned,South,Approved,Default
CUST001251,Male,41,Graduate,Salaried,Married,1,31702.0,807.0,1,LN001251,Personal,669038.0,36,16.36,23640.47,75.0,8.7,0,Excellent,Rented,West,Approved,Non-Default
CUST001252,Female,55,Graduate,Self-employed,Single,1,34790.0,641.0,1,LN001252,Personal,132996.0,48,15.3,3721.63,5.0,0.0,0,Fair,Mortgage,South,Approved,Non-Default
CUST001253,Male,39,Postgraduate,Self-employed,Married,1,62619.0,686.0,2,LN001253,Home,185382.0,60,15.99,4507.15,10.64,2.4,0,Good,Owned,East,Approved,Non-Default
CUST001254,Female,46,Postgraduate,Salaried,Married,3,47832.0,683.0,0,LN001254,Business,111419.0,12,14.58,10034.42,25.22,4.1,0,Good,Owned,South,Approved,Non-Default
CUST001255,Male,55,Graduate,Self-employed,Single,0,84852.0,620.0,3,LN001255,Home,143222.0,48,13.27,3861.51,5.0,6.9,0,Fair,Rented,East,Approved,Non-Default
CUST001256,Female,21,Graduate,,Married,1,50174.0,763.0,0,LN001256,Home,98478.0,24,15.8,4812.38,14.99,12.9,0,Excellent,Rented,North,Approved,Non-Default
CUST001257,Male,28,High School,Salaried,Married,0,94608.0,675.0,1,LN001257,Auto,433715.0,36,14.22,14869.74,28.61,5.0,0,Good,Owned,North,Approved,Non-Default
CUST001258,Male,30,Graduate,Salaried,Divorced,2,37398.0,749.0,1,LN001258,Home,203091.0,48,13.44,5492.88,17.12,11.8,0,Excellent,Owned,North,Approved,Non-Default
CUST001259,Male,53,High School,Self-employed,Single,2,45346.0,610.0,1,LN001259,Personal,117413.0,36,15.51,4099.55,26.98,9.7,1,Fair,Mortgage,West,Approved,Non-Default
CUST001260,Female,27,Graduate,Self-employed,Single,0,73075.0,659.0,0,LN001260,Home,81923.0,72,16.13,1782.93,5.0,13.0,1,Good,Mortgage,East,Approved,Non-Default
CUST001261,Male,21,High School,Self-employed,Married,0,54451.0,756.0,1,LN001261,Home,184622.0,36,15.31,6428.04,16.5,9.4,0,Excellent,Rented,West,Approved,Non-Default
CUST001262,Female,49,Graduate,Self-employed,Married,0,41141.0,718.0,2,LN001262,Home,91314.0,36,13.84,3113.8,29.53,12.5,1,Excellent,Mortgage,North,Approved,Non-Default
CUST001263,Female,34,Graduate,Salaried,Married,1,35750.0,680.0,1,LN001263,Home,93225.0,72,15.09,1975.8,5.0,2.8,0,Good,Mortgage,West,Approved,Non-Default
CUST001264,Male,35,High School,Self-employed,Married,3,51386.0,681.0,1,LN001264,Home,364822.0,60,13.95,8479.32,38.01,9.4,0,Good,Owned,North,Approved,Non-Default
CUST001265,Male,31,Postgraduate,Unemployed,Single,3,44127.0,656.0,0,LN001265,Education,89737.0,36,15.47,3131.46,16.41,16.8,0,Good,Owned,South,Approved,Non-Default
CUST001266,Male,29,Postgraduate,Unemployed,Single,1,44999.0,688.0,0,LN001266,Home,574826.0,48,14.59,15878.62,55.14,8.1,0,Good,Mortgage,South,Approved,Non-Default
CUST001267,Female,43,Graduate,Salaried,Married,0,48153.0,816.0,1,LN001267,Home,66023.0,24,11.5,3092.54,11.0,10.0,1,Excellent,Owned,South,Rejected,Non-Default
CUST001268,Female,50,Postgraduate,Salaried,Single,0,55439.0,784.0,3,LN001268,Auto,220642.0,12,10.74,19473.96,50.75,11.1,1,Excellent,Rented,East,Approved,Non-Default
CUST001269,Female,51,Postgraduate,Salaried,Single,2,74066.0,772.0,0,LN001269,Personal,624041.0,12,14.68,56230.7,75.0,5.5,0,Excellent,Owned,North,Approved,Default
CUST001270,Male,22,Graduate,Salaried,Single,0,126739.0,687.0,1,LN001270,Home,49042.0,48,14.76,1358.92,19.5,6.7,0,Good,Mortgage,North,Approved,Non-Default
CUST001271,Male,43,High School,Self-employed,Married,0,53877.0,761.0,1,LN001271,Education,211111.0,12,13.67,18922.28,36.31,15.9,0,Excellent,Rented,East,Approved,Non-Default
CUST001272,Male,52,High School,Salaried,Single,1,36775.0,821.0,1,LN001272,Personal,62120.0,36,14.81,2147.63,8.55,3.8,1,Excellent,Mortgage,West,Approved,Non-Default
CUST001273,Male,35,High School,Salaried,Married,3,24318.0,651.0,1,LN001273,Personal,72012.0,36,17.92,2600.52,28.98,12.1,0,Good,Mortgage,West,Approved,Default
CUST001274,Male,42,Postgraduate,Self-employed,Married,0,87556.0,776.0,0,LN001274,Home,51861.0,60,11.72,1146.29,23.17,11.9,0,Excellent,Owned,North,Approved,Non-Default
CUST001275,Female,35,Postgraduate,Salaried,Married,0,68033.0,731.0,0,LN001275,Personal,339615.0,60,16.84,8411.12,28.95,13.8,0,Excellent,Owned,West,Rejected,Non-Default
CUST001276,Male,34,,Salaried,Single,0,47854.0,758.0,0,LN001276,Education,230300.0,48,15.35,6450.35,26.48,9.9,0,Excellent,Rented,West,Approved,Default
CUST001277,Male,21,Graduate,Unemployed,Single,0,94824.0,631.0,0,LN001277,Business,59694.0,48,15.5,1676.5,27.97,2.3,0,Fair,Rented,North,Approved,Non-Default
CUST001278,Female,59,Postgraduate,Salaried,Single,2,46884.0,714.0,2,LN001278,Home,140971.0,60,12.47,3169.41,22.61,5.2,0,Excellent,Owned,North,Approved,Non-Default
CUST001279,Female,34,Graduate,Self-employed,Married,2,34304.0,658.0,1,LN001279,Auto,291809.0,36,14.39,10028.7,39.52,6.5,0,Good,Owned,South,Approved,Non-Default
CUST001280,Male,51,Graduate,Unemployed,Single,2,54836.0,657.0,2,LN001280,Auto,219800.0,24,12.3,10377.57,31.75,18.0,0,Good,Owned,East,Rejected,Non-Default
CUST001281,Female,21,Graduate,Unemployed,Divorced,0,71765.0,726.0,0,LN001281,Auto,71588.0,24,15.64,3492.87,17.41,9.9,0,Excellent,Owned,South,Approved,Non-Default
CUST001282,Female,44,High School,Salaried,Divorced,0,55253.0,660.0,3,LN001282,Auto,254970.0,12,14.27,22925.43,61.83,5.1,0,Good,Rented,West,Approved,Non-Default
CUST001283,Male,36,Graduate,Salaried,Single,0,64585.0,749.0,1,LN001283,Home,182038.0,72,14.09,3759.81,11.06,0.0,1,Excellent,Rented,North,Approved,Non-Default
CUST001284,Female,24,High School,Salaried,Single,0,71755.0,765.0,3,LN001284,Personal,557591.0,24,15.59,27192.28,59.91,12.8,0,Excellent,Owned,West,Approved,Non-Default
CUST001285,Male,48,Graduate,Self-employed,Married,0,62032.0,597.0,1,LN001285,Education,147598.0,24,14.51,7122.22,23.49,1.4,0,Fair,Rented,North,Approved,Non-Default
CUST001286,Male,33,Graduate,Salaried,Single,1,42711.0,634.0,1,LN001286,Education,92799.0,36,15.35,3232.84,23.75,8.4,0,Fair,Owned,North,Approved,Non-Default
CUST001287,Male,30,Graduate,Unemployed,Single,0,77167.0,686.0,2,LN001287,Education,222449.0,72,16.51,4888.01,13.59,15.1,0,Good,Rented,West,Approved,Non-Default
CUST001288,Female,37,Graduate,Unemployed,Married,1,44139.0,703.0,2,LN001288,Home,121913.0,36,17.73,4390.95,30.26,10.5,0,Excellent,Rented,West,Approved,Non-Default
CUST001289,Female,35,Graduate,Self-employed,Married,0,70756.0,636.0,0,LN001289,Home,382582.0,24,15.17,18581.03,25.7,6.7,0,Fair,Owned,North,Approved,Non-Default
CUST001290,Female,37,High School,Self-employed,Married,0,44893.0,717.0,1,LN001290,Home,104593.0,72,14.67,2192.92,17.71,10.1,0,Excellent,Mortgage,South,Rejected,Non-Default
CUST001291,Female,46,Graduate,Salaried,Single,2,88127.0,644.0,0,LN001291,Auto,40258.0,48,14.87,1117.76,21.13,10.7,0,Fair,Owned,South,Approved,Non-Default
CUST001292,Male,38,High School,Salaried,Married,1,57473.0,694.0,1,LN001292,Personal,102795.0,36,17.7,3700.83,18.35,19.1,0,Good,Owned,West,Rejected,Non-Default
CUST001293,Female,28,Postgraduate,Salaried,Single,1,48653.0,604.0,1,LN001293,Home,571054.0,36,15.66,19980.84,47.83,1.5,1,Fair,Mortgage,West,Approved,Non-Default
CUST001294,Male,55,Graduate,Unemployed,Married,0,40438.0,667.0,1,LN001294,Personal,167278.0,36,17.13,5974.75,23.72,0.0,2,Good,Mortgage,North,Approved,Default
CUST001295,Female,57,Graduate,Salaried,Married,2,49726.0,736.0,0,LN001295,Business,135901.0,72,15.63,2920.33,21.29,1.6,0,Excellent,Mortgage,South,Approved,Non-Default
CUST001296,Female,31,Graduate,Self-employed,Married,2,125426.0,605.0,2,LN001296,Home,361017.0,48,14.99,10045.54,24.22,5.5,0,Fair,Rented,East,Approved,Non-Default
CUST001297,Male,21,Graduate,Salaried,Married,3,42491.0,613.0,2,LN001297,Home,208150.0,36,17.64,7487.58,31.03,0.0,2,Fair,Mortgage,East,Approved,Default
CUST001298,Male,44,High School,Self-employed,Married,2,82787.0,713.0,0,LN001298,Personal,178989.0,36,17.41,6418.03,26.79,12.1,1,Excellent,Owned,East,Approved,Non-Default
CUST001299,Female,34,Graduate,Self-employed,Married,1,51012.0,704.0,0,LN001299,Personal,192852.0,48,14.47,5315.55,21.06,5.7,0,Excellent,Owned,West,Approved,Non-Default
CUST001300,Female,41,Graduate,Self-employed,Single,2,88149.0,746.0,0,LN001300,Business,122266.0,60,14.69,2888.84,23.17,5.2,0,Excellent,Rented,West,Approved,Non-Default
CUST001301,Male,33,Graduate,Self-employed,Single,1,29196.0,844.0,0,LN001301,Auto,144174.0,48,11.86,3786.75,32.85,10.6,0,Excellent,Owned,South,Approved,Non-Default
CUST001302,Female,54,Graduate,Self-employed,Married,0,41138.0,616.0,0,LN001302,Personal,131998.0,36,17.89,4764.76,26.09,6.2,0,Fair,Mortgage,West,Approved,Non-Default
CUST001303,Female,32,Graduate,Salaried,Married,3,45040.0,643.0,0,LN001303,Education,361087.0,48,15.64,10166.85,26.63,17.3,0,Fair,Rented,North,Approved,Non-Default
CUST001304,Female,46,Graduate,Self-employed,Married,2,49133.0,655.0,0,LN001304,Business,151238.0,36,17.13,5401.84,10.46,0.0,0,Good,Rented,West,Approved,Non-Default
CUST001305,Male,46,Graduate,Self-employed,Married,2,47066.0,804.0,0,LN001305,Home,143208.0,60,12.74,3239.39,5.0,16.7,0,Excellent,Owned,West,Approved,Non-Default
CUST001306,Female,55,High School,Self-employed,Married,0,36384.0,804.0,0,LN001306,Auto,488711.0,60,14.01,11373.98,43.5,5.2,1,Excellent,Owned,South,Approved,Non-Default
CUST001307,Male,38,Postgraduate,Self-employed,Married,2,89206.0,678.0,0,LN001307,Education,171363.0,24,14.45,8264.11,23.25,4.0,0,Good,Owned,South,Approved,Default
CUST001308,Male,34,Graduate,Salaried,Married,1,35690.0,659.0,2,LN001308,Education,314910.0,60,15.15,7516.5,32.02,12.1,0,Good,Owned,South,Rejected,Non-Default
CUST001309,Male,35,High School,Salaried,Married,0,18096.0,579.0,3,LN001309,Personal,300484.0,60,16.66,7412.98,46.3,11.8,0,Fair,Rented,North,Approved,Non-Default
CUST001310,Male,52,High School,Self-employed,Married,0,66552.0,730.0,0,LN001310,Auto,316000.0,60,13.53,7276.0,25.19,0.0,0,Excellent,Owned,West,Approved,Non-Default
CUST001311,Male,54,Graduate,Self-employed,Married,1,64124.0,595.0,0,LN001311,Home,230290.0,48,15.5,6467.66,25.39,8.3,0,Fair,Mortgage,North,Approved,Non-Default
CUST001312,Female,58,Graduate,Salaried,Married,0,41867.0,708.0,0,LN001312,Education,308816.0,24,15.42,15035.15,49.0,14.4,0,Excellent,Rented,West,Approved,Non-Default
CUST001313,Male,36,Graduate,Salaried,Single,0,42206.0,672.0,1,LN001313,Personal,161802.0,24,14.77,7827.57,43.12,13.3,0,Good,Mortgage,West,Approved,Non-Default
CUST001314,Female,40,Postgraduate,Salaried,Married,1,45716.0,759.0,1,LN001314,Education,343822.0,36,14.08,11764.38,44.82,10.1,0,Excellent,Owned,West,Approved,Non-Default
CUST001315,Female,44,Postgraduate,Salaried,Married,1,129443.0,635.0,1,LN001315,Personal,226105.0,36,16.87,8046.64,7.29,8.7,0,Fair,Rented,North,Approved,Non-Default
CUST001316,Female,41,Graduate,Self-employed,Married,0,55006.0,653.0,2,LN001316,Personal,265020.0,36,14.02,9060.33,32.66,4.8,0,Good,Owned,South,Approved,Non-Default
CUST001317,Male,55,Graduate,Self-employed,Single,2,63353.0,792.0,3,LN001317,Home,138805.0,36,12.5,4643.53,22.96,5.3,0,Excellent,Owned,North,Rejected,Non-Default
CUST001318,Male,54,High School,Salaried,Single,2,132522.0,627.0,0,LN001318,Home,82132.0,60,14.6,1936.71,12.58,17.1,1,Fair,Mortgage,South,Approved,Non-Default
CUST001319,Female,49,Graduate,Salaried,Single,0,50829.0,715.0,1,LN001319,Auto,244401.0,12,15.32,22096.14,67.73,8.7,1,Excellent,Rented,North,Approved,Non-Default
CUST001320,Male,38,Postgraduate,Unemployed,Single,2,37677.0,681.0,1,LN001320,Personal,116917.0,36,14.12,4002.76,17.4,1.5,0,Good,Rented,North,Approved,Non-Default
CUST001321,Male,37,Graduate,Salaried,Single,2,50928.0,637.0,2,LN001321,Personal,170645.0,36,18.38,6201.8,26.15,1.5,0,Fair,Owned,North,Approved,Non-Default
CUST001322,Female,39,High School,Unemployed,Married,2,92375.0,608.0,0,LN001322,Business,113744.0,36,17.13,4062.65,24.13,0.0,0,Fair,Rented,South,Approved,Default
CUST001323,Female,44,High School,Salaried,Divorced,1,90007.0,738.0,3,LN001323,Personal,236964.0,48,15.6,6667.18,7.69,9.5,1,Excellent,Owned,South,Approved,Non-Default
CUST001324,Male,58,High School,Salaried,Single,2,40794.0,709.0,1,LN001324,Home,203581.0,60,12.92,4623.76,22.47,0.0,0,Excellent,Owned,North,Approved,Non-Default
CUST001325,Male,48,Graduate,Salaried,Married,1,52111.0,713.0,2,LN001325,Auto,162013.0,24,12.28,7647.72,19.05,12.6,0,Excellent,Mortgage,East,Approved,Non-Default
CUST001326,Female,30,Graduate,Salaried,Single,3,60866.0,619.0,1,LN001326,Home,158194.0,36,13.79,5390.57,15.16,0.0,2,Fair,Rented,East,Approved,Default
CUST001327,Female,33,High School,Unemployed,Single,0,75938.0,709.0,0,LN001327,Personal,475100.0,60,15.03,11310.08,12.83,7.0,0,Excellent,Owned,North,Approved,Non-Default
CUST001328,Male,37,Graduate,Salaried,Married,0,35920.0,627.0,0,LN001328,Education,407447.0,60,14.46,9578.03,49.16,0.0,0,Fair,Rented,East,Approved,Default
CUST001329,Male,54,Graduate,Unemployed,Single,1,42952.0,742.0,1,LN001329,Auto,80602.0,36,13.63,2740.32,5.0,17.5,0,Excellent,Rented,North,Approved,Non-Default
CUST001330,Male,48,Graduate,Self-employed,Single,2,47743.0,629.0,1,LN001330,Home,382449.0,36,15.65,13379.78,38.55,0.0,0,Fair,Owned,South,Rejected,Non-Default
CUST001331,Female,50,Graduate,Self-employed,Married,0,82383.0,597.0,0,LN001331,Personal,365103.0,72,17.12,8146.6,5.0,9.7,0,Fair,Owned,North,Approved,Non-Default
CUST001332,Male,36,Graduate,Self-employed,Divorced,2,54361.0,735.0,1,LN001332,Auto,218136.0,24,11.45,10212.48,24.23,1.6,0,Excellent,Owned,West,Approved,Non-Default
CUST001333,Male,26,High School,Unemployed,Single,1,72031.0,750.0,0,LN001333,Home,340033.0,60,12.9,7719.4,25.66,2.0,0,Excellent,Rented,West,Approved,Non-Default
CUST001334,Female,38,High School,Salaried,Married,1,79827.0,731.0,1,LN001334,Auto,237459.0,48,12.18,6274.21,23.53,10.4,0,Excellent,Owned,West,Approved,Non-Default
CUST001335,Female,46,Postgraduate,Salaried,Single,0,26161.0,653.0,3,LN001335,Business,240184.0,36,13.33,8130.98,43.0,10.3,0,Good,Rented,South,Approved,Non-Default
CUST001336,Female,53,Postgraduate,Self-employed,Married,1,31347.0,684.0,1,LN001336,Business,137540.0,36,16.57,4874.29,22.63,11.2,0,Good,Owned,East,Approved,Default
CUST001337,Male,46,High School,Unemployed,Married,1,94535.0,649.0,2,LN001337,Personal,326899.0,48,17.68,9548.08,11.4,6.0,1,Fair,Rented,West,Approved,Non-Default
CUST001338,Male,49,Postgraduate,Self-employed,Married,0,68432.0,672.0,0,LN001338,Education,181977.0,12,14.12,16349.47,39.25,9.9,0,Good,Owned,West,Approved,Non-Default
CUST001339,Male,36,Graduate,Self-employed,Single,0,46963.0,755.0,1,LN001339,Business,203249.0,48,12.71,5423.45,18.47,14.7,0,Excellent,Owned,North,Approved,Non-Default
CUST001340,Female,37,High School,Salaried,Single,2,76574.0,632.0,0,LN001340,Auto,431302.0,12,12.56,38433.74,72.63,21.1,0,Fair,Rented,East,Approved,Non-Default
CUST001341,Male,41,Graduate,Self-employed,Married,1,19894.0,697.0,3,LN001341,Personal,279134.0,60,15.21,6671.39,52.42,17.7,1,Good,Rented,South,Approved,Default
CUST001342,Female,36,High School,Self-employed,Married,3,32887.0,836.0,0,LN001342,Personal,39918.0,36,12.59,1337.13,9.74,4.9,0,Excellent,Owned,East,Approved,Non-Default
CUST001343,Male,44,Graduate,Salaried,Divorced,0,83741.0,675.0,1,LN001343,Home,237428.0,36,14.44,8165.56,23.8,2.9,0,Good,Owned,South,Rejected,Non-Default
CUST001344,Male,43,High School,Salaried,Single,0,104168.0,699.0,1,LN001344,Personal,76832.0,12,15.98,6970.31,14.42,16.3,1,Good,Owned,West,Approved,Non-Default
CUST001345,Male,29,Graduate,Salaried,Married,0,71948.0,605.0,0,LN001345,Home,267489.0,48,16.6,7663.16,17.55,6.2,0,Fair,Owned,East,Approved,Non-Default
CUST001346,Male,55,Graduate,Salaried,Married,0,33334.0,666.0,0,LN001346,Personal,193373.0,36,17.21,6914.5,36.95,4.6,0,Good,Mortgage,East,Approved,Default
CUST001347,Female,31,Graduate,Salaried,Married,2,48932.0,692.0,2,LN001347,Business,177753.0,60,17.29,4445.38,26.6,13.6,0,Good,Rented,South,Approved,Non-Default
CUST001348,Male,50,Postgraduate,Self-employed,Married,1,55779.0,610.0,1,LN001348,Auto,167934.0,60,15.0,3995.14,19.36,4.8,1,Fair,Owned,South,Approved,Default
CUST001349,Male,34,Graduate,Salaried,Married,0,21135.0,649.0,2,LN001349,Business,94016.0,24,16.0,4603.32,33.52,13.1,0,Fair,Mortgage,West,Approved,Non-Default
CUST001350,Male,41,High School,Salaried,Married,0,51059.0,726.0,0,LN001350,Business,543015.0,12,17.34,49613.21,75.0,18.8,0,Excellent,Owned,West,Approved,Non-Default
CUST001351,Female,39,High School,Salaried,Married,0,60501.0,831.0,3,LN001351,Education,169211.0,36,13.38,5732.41,10.14,12.5,0,Excellent,Owned,East,Approved,Non-Default
CUST001352,Female,21,Postgraduate,Salaried,Single,1,84295.0,568.0,1,LN001352,Personal,140279.0,36,18.47,5104.56,10.68,10.2,0,Fair,Mortgage,South,Approved,Non-Default
CUST001353,Female,43,High School,Salaried,Single,3,81479.0,799.0,1,LN001353,Auto,128685.0,60,14.0,2994.27,23.25,0.0,0,Excellent,Mortgage,North,Approved,Non-Default
CUST001354,Female,28,Graduate,Salaried,Married,1,53381.0,705.0,1,LN001354,Auto,74969.0,48,14.25,2058.05,10.45,6.6,0,Excellent,Rented,East,Approved,Non-Default
CUST001355,Female,21,Graduate,Salaried,Divorced,0,66621.0,680.0,2,LN001355,Education,134448.0,24,16.0,6582.99,22.8,11.7,1,Good,Mortgage,East,Approved,Non-Default
CUST001356,Female,53,High School,Unemployed,Single,1,51608.0,696.0,2,LN001356,Business,174784.0,36,15.75,6123.34,20.63,13.0,0,Good,Owned,West,Approved,Non-Default
CUST001357,Female,33,Graduate,Salaried,Married,1,113882.0,586.0,0,LN001357,Home,141241.0,48,14.06,3863.87,12.3,6.7,0,Fair,Mortgage,East,Approved,Non-Default
CUST001358,Male,21,High School,Salaried,Divorced,2,71460.0,694.0,2,LN001358,Personal,59891.0,60,14.63,1413.2,5.96,13.4,0,Good,Owned,East,Approved,Non-Default
CUST001359,Male,68,Graduate,Salaried,Married,1,76651.0,850.0,3,LN001359,Home,186677.0,24,13.43,8912.72,28.44,5.8,0,Excellent,Owned,North,Approved,Non-Default
CUST001360,Female,50,High School,Self-employed,Married,1,55245.0,664.0,1,LN001360,Personal,461751.0,60,17.29,11547.83,41.9,2.6,2,Good,Rented,South,Approved,Non-Default
CUST001361,Female,36,Graduate,Unemployed,Married,0,52274.0,672.0,0,LN001361,Education,77390.0,36,15.21,2690.72,9.19,0.0,0,Good,Owned,East,Approved,Non-Default
CUST001362,Male,32,High School,Salaried,Single,1,43464.0,702.0,0,LN001362,Personal,63554.0,24,16.8,3136.15,17.89,0.5,0,Excellent,Rented,South,Approved,Non-Default
CUST001363,Male,45,Graduate,Self-employed,Single,1,31379.0,705.0,1,LN001363,Auto,214624.0,36,14.48,7385.47,40.53,17.1,0,Excellent,Rented,South,Approved,Default
CUST001364,Male,21,Graduate,Salaried,Married,1,73297.0,733.0,1,LN001364,Business,322425.0,60,13.55,7427.26,14.37,8.7,0,Excellent,Owned,South,Approved,Non-Default
CUST001365,Female,29,,Salaried,Married,1,73285.0,677.0,0,LN001365,Home,275602.0,36,16.12,9705.68,21.68,6.1,0,Good,Rented,West,Approved,Default
CUST001366,Female,34,High School,Salaried,Single,0,38001.0,657.0,1,LN001366,Education,158794.0,36,15.42,5537.36,35.17,18.7,0,Good,Mortgage,East,Approved,Non-Default
CUST001367,Male,42,Graduate,Salaried,Divorced,1,55146.0,704.0,1,LN001367,Personal,216146.0,48,16.37,6166.67,27.11,1.7,0,Excellent,Mortgage,East,Approved,Non-Default
CUST001368,Female,52,High School,Salaried,Married,0,59815.0,602.0,1,LN001368,Home,300831.0,72,15.72,6479.29,18.92,0.0,0,Fair,Rented,West,Approved,Non-Default
CUST001369,Male,43,High School,Salaried,Married,2,31333.0,567.0,0,LN001369,Home,453008.0,24,15.29,22027.31,75.0,9.7,0,Fair,Owned,South,Approved,Non-Default
CUST001370,Female,43,Graduate,Salaried,Married,1,39333.0,669.0,2,LN001370,Home,199704.0,60,15.79,4834.16,30.3,14.2,0,Good,Owned,West,Approved,Non-Default
CUST001371,Female,31,Graduate,Self-employed,Married,2,46074.0,710.0,0,LN001371,Home,241940.0,60,13.39,5553.3,24.09,8.8,0,Excellent,Owned,West,Approved,Non-Default
CUST001372,Male,36,Graduate,Self-employed,Divorced,0,98357.0,698.0,0,LN001372,Education,46807.0,48,13.13,1258.74,8.2,8.6,0,Good,Mortgage,North,Approved,Non-Default
CUST001373,Female,55,High School,Salaried,Married,1,148554.0,672.0,2,LN001373,Personal,80777.0,24,18.41,4048.74,11.62,12.3,0,Good,Owned,North,Approved,Non-Default
CUST001374,Female,44,High School,Salaried,Married,1,123575.0,746.0,0,LN001374,Home,498775.0,12,14.16,44821.13,58.64,17.0,2,Excellent,Rented,South,Approved,Non-Default
CUST001375,Male,36,High School,Salaried,Married,1,125518.0,702.0,0,LN001375,Personal,156996.0,48,16.83,4516.33,5.0,5.0,0,Excellent,Owned,South,Approved,Non-Default
CUST001376,Male,45,Graduate,Salaried,Married,0,104675.0,809.0,1,LN001376,Business,184138.0,36,11.89,6106.35,17.08,4.2,0,Excellent,Rented,South,Approved,Non-Default
CUST001377,Male,34,Graduate,Self-employed,Married,1,55937.0,642.0,1,LN001377,Education,267382.0,36,14.63,9220.51,36.3,18.0,0,Fair,Rented,West,Approved,Non-Default
CUST001378,Male,42,High School,Unemployed,Divorced,0,63377.0,640.0,2,LN001378,Personal,166467.0,72,16.46,3653.27,16.56,6.3,0,Fair,Owned,North,Approved,Non-Default
CUST001379,Female,34,Graduate,Salaried,Married,0,39014.0,700.0,0,LN001379,Auto,161493.0,36,14.14,5530.44,22.59,7.1,1,Excellent,Owned,East,Approved,Non-Default
CUST001380,Female,60,Graduate,Self-employed,Married,1,24642.0,692.0,2,LN001380,Education,71434.0,24,16.95,3530.14,26.8,9.3,0,Good,Owned,South,Approved,Non-Default
CUST001381,Male,27,Graduate,Salaried,Single,3,90258.0,758.0,1,LN001381,Personal,118855.0,24,16.41,5842.82,16.61,12.1,0,Excellent,Owned,South,Approved,Non-Default
CUST001382,Female,39,Graduate,Self-employed,Married,0,52766.0,657.0,0,LN001382,Home,192742.0,36,15.89,6765.77,26.41,8.4,0,Good,Mortgage,East,Approved,Non-Default
CUST001383,Female,42,Graduate,Unemployed,Single,0,101296.0,632.0,3,LN001383,Personal,148864.0,72,14.37,3097.02,12.33,10.5,1,Fair,Owned,South,Approved,Non-Default
CUST001384,Female,55,High School,Salaried,Divorced,0,47231.0,683.0,1,LN001384,Home,120107.0,24,14.42,5790.54,23.45,8.7,0,Good,Rented,North,Approved,Non-Default
CUST001385,Female,27,Graduate,Salaried,Single,0,109254.0,655.0,0,LN001385,Personal,153078.0,12,17.87,14024.72,8.59,0.0,0,Good,Rented,North,Approved,Non-Default
CUST001386,Male,34,High School,Salaried,Single,0,32522.0,708.0,0,LN001386,Home,189141.0,48,16.19,5378.73,29.41,3.4,0,Excellent,Rented,South,Approved,Non-Default
CUST001387,Female,40,Graduate,Salaried,Married,1,48498.0,783.0,1,LN001387,Auto,262637.0,36,13.7,8938.09,21.06,1.6,1,Excellent,Mortgage,West,Approved,Non-Default
CUST001388,Male,51,High School,Salaried,Married,0,42513.0,617.0,0,LN001388,Home,296527.0,72,18.87,6909.78,38.29,6.1,0,Fair,Mortgage,East,Approved,Non-Default
CUST001389,Female,67,Graduate,Self-employed,Married,2,123360.0,693.0,1,LN001389,Education,69243.0,36,15.87,2429.94,14.32,16.8,0,Good,Mortgage,South,Approved,Non-Default
CUST001390,Female,34,High School,Salaried,Single,0,33689.0,671.0,0,LN001390,Business,137545.0,60,15.48,3306.94,17.8,6.5,0,Good,Rented,North,Approved,Non-Default
CUST001391,Male,38,Graduate,Salaried,Married,1,64775.0,651.0,2,LN001391,Personal,226972.0,24,17.13,11236.19,32.1,2.5,0,Good,Rented,South,Approved,Non-Default
CUST001392,Female,63,Postgraduate,Salaried,Single,3,67598.0,637.0,2,LN001392,Personal,132719.0,36,17.2,4745.02,12.57,6.6,1,Fair,Rented,South,Approved,Non-Default
CUST001393,Female,41,High School,Salaried,Married,0,35214.0,620.0,2,LN001393,Education,83367.0,24,13.55,3984.99,21.59,15.1,0,Fair,Owned,East,Approved,Default
CUST001394,Female,30,Postgraduate,Salaried,Divorced,0,61285.0,786.0,1,LN001394,Education,124326.0,12,13.42,11128.97,33.04,4.5,0,Excellent,Mortgage,North,Approved,Non-Default
CUST001395,Male,46,High School,Self-employed,Married,0,47885.0,718.0,0,LN001395,Home,55247.0,60,16.71,1364.43,10.24,6.8,0,Excellent,Rented,West,Approved,Non-Default
CUST001396,Male,41,High School,Unemployed,Single,1,54678.0,618.0,1,LN001396,Personal,528984.0,36,15.96,18587.06,47.23,4.5,0,Fair,Owned,East,Approved,Default
CUST001397,Male,31,Graduate,Salaried,Married,2,85985.0,718.0,0,LN001397,Home,165930.0,48,14.37,4565.14,15.89,9.5,0,Excellent,Owned,North,Approved,Non-Default
CUST001398,Male,48,High School,Self-employed,Married,2,87674.0,765.0,0,LN001398,Personal,229121.0,36,17.94,8276.38,20.82,17.0,0,Excellent,Owned,East,Rejected,Default
CUST001399,Male,47,Graduate,Self-employed,Married,0,43784.0,743.0,2,LN001399,Home,56329.0,24,14.91,2728.8,11.91,10.0,0,Excellent,Rented,West,Approved,Default
CUST001400,Male,36,Postgraduate,Self-employed,Divorced,3,19304.0,529.0,1,LN001400,Personal,112464.0,60,18.51,2887.14,30.01,15.7,0,Poor,Owned,South,Approved,Default
CUST001401,Female,53,High School,Self-employed,Divorced,0,45581.0,697.0,0,LN001401,Business,137566.0,24,16.97,6799.59,24.04,9.1,0,Good,Rented,North,Approved,Non-Default
CUST001402,Female,25,Graduate,Salaried,Married,0,47329.0,775.0,2,LN001402,Auto,303359.0,72,9.94,5610.81,15.98,7.5,0,Excellent,Owned,North,Approved,Non-Default
CUST001403,Male,39,Graduate,Salaried,Single,2,23349.0,763.0,2,LN001403,Education,298531.0,48,11.48,7785.46,56.31,16.1,0,Excellent,Rented,West,Approved,Non-Default
CUST001404,Male,41,Graduate,Salaried,Married,0,55816.0,692.0,0,LN001404,Business,108066.0,60,15.73,2612.48,17.78,3.3,0,Good,Owned,West,Approved,Non-Default
CUST001405,Female,56,Graduate,Salaried,Single,2,50135.0,612.0,0,LN001405,Auto,100251.0,12,15.62,9077.84,16.09,9.2,0,Fair,Rented,West,Approved,Non-Default
CUST001406,Female,32,Graduate,Salaried,Married,0,29050.0,750.0,0,LN001406,Personal,282604.0,60,14.84,6699.42,25.9,8.0,0,Excellent,Rented,South,Rejected,Non-Default
CUST001407,Female,46,Graduate,Self-employed,Married,0,37828.0,747.0,0,LN001407,Auto,397881.0,72,16.39,8716.43,40.8,10.6,0,Excellent,Owned,North,Approved,Non-Default
CUST001408,Male,46,Graduate,Salaried,Single,1,102848.0,665.0,1,LN001408,Personal,129226.0,12,17.79,11834.53,22.81,16.6,0,Good,Owned,West,Approved,Non-Default
CUST001409,Male,49,Graduate,Salaried,Single,1,37199.0,755.0,1,LN001409,Auto,334466.0,24,12.18,15772.61,49.25,10.1,0,Excellent,Owned,West,Approved,Non-Default
CUST001410,Male,47,Graduate,Salaried,Single,1,50407.0,814.0,2,LN001410,Personal,211644.0,60,13.4,4859.0,14.82,4.9,0,Excellent,Mortgage,East,Rejected,Non-Default
CUST001411,Male,46,High School,Salaried,Married,0,82979.0,653.0,1,LN001411,Personal,256244.0,12,18.79,23588.9,44.59,12.8,0,Good,Rented,North,Approved,Non-Default
CUST001412,Male,36,Postgraduate,Salaried,Married,0,54291.0,514.0,1,LN001412,Business,181949.0,36,17.02,6488.79,19.95,11.0,0,Poor,Rented,East,Rejected,Non-Default
CUST001413,Male,47,Graduate,Salaried,Married,2,76157.0,724.0,1,LN001413,Business,192172.0,48,14.77,5325.91,12.69,5.5,1,Excellent,Rented,East,Approved,Non-Default
CUST001414,Male,49,Graduate,Salaried,Married,1,71768.0,727.0,3,LN001414,Personal,209587.0,24,16.36,10298.12,31.29,14.8,0,Excellent,Owned,East,Approved,Non-Default
CUST001415,Female,54,High School,Unemployed,Married,2,59885.0,700.0,0,LN001415,Auto,74541.0,60,14.07,1737.15,9.02,0.6,0,Excellent,Mortgage,West,Approved,Non-Default
CUST001416,Male,29,High School,Salaried,Married,0,54024.0,685.0,0,LN001416,Education,79545.0,12,13.61,7127.53,41.53,13.2,0,Good,Owned,East,Approved,Non-Default
CUST001417,Female,33,Graduate,Self-employed,Married,0,75210.0,777.0,0,LN001417,Personal,117978.0,60,14.9,2800.5,16.32,18.2,0,Excellent,Rented,North,Rejected,Default
CUST001418,Male,43,Graduate,Self-employed,Married,2,125551.0,529.0,0,LN001418,Education,230178.0,60,17.26,5752.74,12.02,15.4,0,Poor,Owned,West,Approved,Non-Default
CUST001419,Male,44,Postgraduate,Salaried,Married,1,48702.0,769.0,1,LN001419,Auto,149194.0,36,13.39,5055.01,27.26,6.8,0,Excellent,Mortgage,West,Approved,Non-Default
CUST001420,Female,45,Graduate,Self-employed,Married,1,34057.0,802.0,0,LN001420,Personal,278404.0,12,15.55,25200.59,75.0,9.2,0,Excellent,Owned,West,Approved,Non-Default
CUST001421,Female,32,Graduate,Salaried,Divorced,1,103734.0,628.0,2,LN001421,Business,130063.0,24,15.71,6350.28,23.2,4.0,1,Fair,Owned,East,Approved,Non-Default
CUST001422,Male,31,High School,Salaried,Single,3,69809.0,578.0,2,LN001422,Home,240151.0,36,14.35,8248.67,29.35,1.3,0,Fair,Owned,West,Approved,Non-Default
CUST001423,Male,40,High School,Self-employed,Single,1,84838.0,730.0,1,LN001423,Home,577085.0,48,14.9,16031.47,21.91,14.3,0,Excellent,Rented,East,Rejected,Non-Default
CUST001424,Male,60,Graduate,Self-employed,Single,0,48407.0,683.0,1,LN001424,Education,147558.0,36,15.56,5155.7,24.29,0.0,0,Good,Rented,West,Approved,Non-Default
CUST001425,Female,33,Graduate,Unemployed,Married,0,84430.0,707.0,0,LN001425,Auto,277096.0,36,13.56,9411.38,24.77,8.4,0,Excellent,Owned,South,Approved,Non-Default
CUST001426,Female,24,Postgraduate,Salaried,Single,1,47909.0,563.0,0,LN001426,Auto,182223.0,48,14.69,5042.81,31.99,15.4,0,Fair,Rented,North,Approved,Non-Default
CUST001427,Male,40,High School,Salaried,Married,2,83490.0,644.0,0,LN001427,Personal,135340.0,36,17.79,4878.62,21.54,11.2,1,Fair,Rented,West,Approved,Non-Default
CUST001428,Female,42,Postgraduate,Salaried,Married,3,60473.0,666.0,1,LN001428,Auto,294988.0,36,14.7,10182.57,16.38,11.4,0,Good,Rented,North,Approved,Non-Default
CUST001429,Male,46,High School,Salaried,Single,0,67049.0,753.0,0,LN001429,Auto,461674.0,36,12.28,15396.0,35.51,6.5,0,Excellent,Rented,South,Approved,Non-Default
CUST001430,Male,21,Postgraduate,Salaried,Married,0,39467.0,822.0,1,LN001430,Business,494454.0,36,14.15,16935.31,59.49,12.0,0,Excellent,Mortgage,South,Approved,Default
CUST001431,Female,21,Graduate,Self-employed,Single,0,68806.0,684.0,2,LN001431,Business,331160.0,36,16.26,11685.16,33.5,6.6,0,Good,Rented,East,Approved,Non-Default
CUST001432,Male,51,Graduate,Salaried,Single,2,98541.0,720.0,0,LN001432,Home,163904.0,72,16.21,3574.36,15.18,0.0,0,Excellent,Mortgage,South,Approved,Non-Default
CUST001433,Female,28,High School,Self-employed,Single,0,49191.0,754.0,3,LN001433,Education,224226.0,48,17.26,6500.25,27.49,4.0,0,Excellent,Owned,West,Approved,Non-Default
CUST001434,Male,51,Graduate,Self-employed,Married,2,37200.0,677.0,0,LN001434,Education,330604.0,36,15.64,11564.38,30.74,13.8,1,Good,Mortgage,South,Rejected,Non-Default
CUST001435,Male,38,Postgraduate,Self-employed,Married,0,49722.0,656.0,0,LN001435,Home,77254.0,24,14.35,3721.97,5.0,8.2,0,Good,Rented,South,Approved,Non-Default
CUST001436,Female,41,High School,Self-employed,Single,0,69523.0,623.0,1,LN001436,Personal,295817.0,24,17.91,14755.54,32.8,17.5,2,Fair,Owned,West,Approved,Non-Default
CUST001437,Female,30,High School,Salaried,Single,3,56851.0,738.0,2,LN001437,Personal,160049.0,48,18.85,4772.82,10.43,1.8,0,Excellent,Mortgage,East,Rejected,Non-Default
CUST001438,Female,41,Graduate,Unemployed,Single,1,40114.0,756.0,1,LN001438,Personal,87993.0,24,13.64,4209.85,18.94,14.8,0,Excellent,Rented,North,Approved,Non-Default
CUST001439,Female,21,Graduate,Self-employed,Married,1,35761.0,787.0,0,LN001439,Business,282989.0,12,14.66,25496.73,75.0,11.6,0,Excellent,Rented,East,Approved,Default
CUST001440,Female,37,High School,Salaried,Divorced,1,33360.0,674.0,3,LN001440,Auto,424395.0,48,14.32,11665.46,51.83,9.3,2,Good,Rented,West,Approved,Non-Default
CUST001441,Female,42,Graduate,Salaried,Single,0,34931.0,677.0,0,LN001441,Personal,95370.0,24,17.87,4755.27,28.54,6.2,0,Good,Owned,West,Approved,Default
CUST001442,Male,45,Postgraduate,Self-employed,Married,3,67418.0,744.0,1,LN001442,Personal,215928.0,72,15.48,4622.27,23.86,12.0,0,Excellent,Mortgage,South,Approved,Non-Default
CUST001443,Female,34,Graduate,Salaried,Single,0,52140.0,655.0,2,LN001443,Home,227542.0,48,16.18,6469.6,33.56,4.1,0,Good,Owned,South,Approved,Non-Default
CUST001444,Male,47,Graduate,Salaried,Single,3,89379.0,678.0,0,LN001444,Auto,136952.0,48,14.41,3770.64,23.55,10.4,0,Good,Mortgage,South,Approved,Default
CUST001445,Male,59,Graduate,Self-employed,Single,2,41983.0,669.0,1,LN001445,Auto,188311.0,72,17.08,4197.6,12.7,5.9,0,Good,Rented,East,Approved,Non-Default
CUST001446,Female,44,Graduate,Salaried,Married,0,169955.0,653.0,0,LN001446,Business,444301.0,48,14.47,12246.19,8.52,2.4,0,Good,Owned,West,Rejected,Non-Default
CUST001447,Female,32,High School,Unemployed,Married,1,23320.0,759.0,1,LN001447,Personal,260192.0,36,13.81,8868.75,58.78,12.8,0,Excellent,Rented,South,Approved,Non-Default
CUST001448,Female,41,Graduate,Salaried,Married,1,42746.0,598.0,1,LN001448,Personal,134749.0,48,16.14,3828.49,20.41,6.9,0,Fair,Rented,East,Approved,Non-Default
CUST001449,Male,33,High School,Salaried,Married,1,100958.0,771.0,0,LN001449,Auto,161795.0,60,11.65,3570.49,11.7,7.8,0,Excellent,Owned,West,Approved,Non-Default
CUST001450,Female,57,High School,Self-employed,Married,2,49772.0,778.0,0,LN001450,Education,34090.0,36,14.98,1181.41,18.4,7.3,1,Excellent,Owned,West,Approved,Non-Default
CUST001451,Female,40,Graduate,Self-employed,Divorced,1,75930.0,758.0,2,LN001451,Education,160674.0,48,13.59,4357.68,5.0,9.0,0,Excellent,Owned,East,Rejected,Non-Default
CUST001452,Male,34,Postgraduate,Self-employed,Married,0,125859.0,755.0,3,LN001452,Home,134947.0,12,14.92,12174.99,18.21,12.1,0,Excellent,Rented,North,Rejected,Non-Default
CUST001453,Female,31,Graduate,Salaried,Single,1,28966.0,719.0,0,LN001453,Personal,390250.0,12,15.28,35274.89,75.0,7.6,0,Excellent,Mortgage,South,Approved,Default
CUST001454,Female,23,Postgraduate,Salaried,Married,2,120654.0,738.0,0,LN001454,Business,46732.0,24,16.82,2306.5,5.36,0.0,0,Excellent,Owned,North,Approved,Non-Default
CUST001455,Male,46,Graduate,Self-employed,Married,1,43029.0,710.0,2,LN001455,Personal,94211.0,48,16.41,2689.79,12.74,16.1,0,Excellent,Owned,South,Approved,Non-Default
CUST001456,Female,26,Graduate,Self-employed,Married,1,107472.0,695.0,0,LN001456,Personal,69879.0,48,17.93,2050.14,18.67,4.6,0,Good,Owned,North,Approved,Non-Default
CUST001457,Male,45,Graduate,Salaried,Married,2,91533.0,749.0,0,LN001457,Personal,183212.0,60,16.22,4476.8,5.67,8.8,3,Excellent,Rented,North,Approved,Non-Default
CUST001458,Female,51,Graduate,Salaried,Married,1,24862.0,611.0,0,LN001458,Auto,305297.0,12,13.91,27398.81,75.0,13.0,0,Fair,Mortgage,South,Approved,Non-Default
CUST001459,Female,42,Graduate,Salaried,Married,2,46601.0,620.0,1,LN001459,Education,303020.0,60,18.04,7701.31,29.15,2.8,0,Fair,Rented,West,Approved,Non-Default
CUST001460,Female,36,Graduate,Salaried,Married,3,72074.0,850.0,2,LN001460,Auto,172772.0,60,11.41,3791.91,11.12,9.3,1,Excellent,Rented,South,Approved,Default
CUST001461,Male,55,Graduate,Unemployed,Single,1,36388.0,681.0,1,LN001461,Auto,23707.0,48,12.8,633.65,5.0,7.8,0,Good,Rented,West,Rejected,Default
CUST001462,Female,41,High School,Salaried,Married,1,23371.0,699.0,1,LN001462,Home,291901.0,36,16.94,10398.35,46.12,11.4,0,Good,Rented,South,Rejected,Non-Default
CUST001463,Female,45,High School,Self-employed,Married,3,66543.0,679.0,1,LN001463,Personal,241663.0,36,15.86,8479.46,22.09,7.6,0,Good,Rented,West,Approved,Non-Default
CUST001464,Male,38,Postgraduate,Salaried,Married,3,22131.0,623.0,0,LN001464,Education,135012.0,48,15.28,3776.68,33.79,2.6,0,Fair,Owned,East,Approved,Non-Default
CUST001465,Female,59,Graduate,Salaried,Single,0,63593.0,745.0,0,LN001465,Education,56228.0,36,15.22,1955.23,5.0,8.1,0,Excellent,Rented,South,Rejected,Non-Default
CUST001466,Female,41,Graduate,Salaried,Single,0,75415.0,678.0,0,LN001466,Business,214707.0,24,15.35,10446.16,25.24,13.3,0,Good,Mortgage,South,Approved,Non-Default
CUST001467,Female,46,High School,Salaried,Married,2,48353.0,577.0,1,LN001467,Business,323668.0,72,17.2,7236.53,13.53,1.5,0,Fair,Rented,West,Approved,Non-Default
CUST001468,Female,51,High School,Self-employed,Single,1,37884.0,739.0,0,LN001468,Auto,90524.0,36,12.8,3041.4,16.1,6.2,2,Excellent,Rented,South,Approved,Non-Default
CUST001469,Male,27,Graduate,Self-employed,Married,1,46954.0,592.0,3,LN001469,Home,105749.0,36,16.6,3749.22,15.15,3.5,0,Fair,Mortgage,South,Approved,Non-Default
CUST001470,Male,40,Graduate,Salaried,Married,2,65878.0,607.0,3,LN001470,Home,403929.0,24,15.6,19700.51,31.32,11.1,0,Fair,Rented,East,Approved,Default
CUST001471,Male,60,Graduate,Self-employed,Single,0,57048.0,802.0,2,LN001471,Personal,99718.0,36,14.18,3416.85,24.74,6.7,0,Excellent,Rented,North,Approved,Non-Default
CUST001472,Male,21,Graduate,Unemployed,Divorced,2,86282.0,663.0,1,LN001472,Personal,138566.0,12,14.89,12499.54,30.27,8.0,0,Good,Owned,East,Approved,Non-Default
CUST001473,Female,36,Graduate,Salaried,Single,1,44094.0,619.0,0,LN001473,Business,164115.0,36,17.8,5916.7,23.42,4.7,0,Fair,Owned,West,Approved,Non-Default
CUST001474,Male,49,High School,Salaried,Single,0,25717.0,786.0,1,LN001474,Auto,64772.0,60,12.32,1451.31,13.05,17.9,0,Excellent,Rented,West,Approved,Non-Default
CUST001475,Male,44,Graduate,Salaried,Married,2,53119.0,697.0,0,LN001475,Personal,83481.0,60,16.62,2057.7,16.77,0.0,0,Good,Owned,North,Rejected,Non-Default
CUST001476,Male,48,Postgraduate,Salaried,Married,1,40568.0,714.0,0,LN001476,Personal,97792.0,24,15.29,4755.09,29.16,4.1,1,Excellent,Rented,West,Approved,Non-Default
CUST001477,Male,34,Graduate,Self-employed,Single,2,52325.0,731.0,1,LN001477,Personal,300927.0,36,15.88,10561.88,34.44,8.5,0,Excellent,Owned,North,Approved,Non-Default
CUST001478,Female,40,Graduate,Salaried,Married,0,41770.0,634.0,1,LN001478,Personal,201731.0,12,17.49,18445.77,56.77,0.6,0,Fair,Rented,West,Approved,Non-Default
CUST001479,Female,42,Graduate,Salaried,Married,3,75985.0,788.0,0,LN001479,Home,573235.0,36,13.51,19455.67,38.95,12.2,0,Excellent,Rented,East,Approved,Non-Default
CUST001480,Male,45,Graduate,Self-employed,Single,0,39791.0,716.0,2,LN001480,Business,179740.0,36,14.67,6201.74,22.46,0.0,0,Excellent,Mortgage,South,Rejected,Default
CUST001481,Female,27,Graduate,Salaried,Married,2,128102.0,685.0,3,LN001481,Auto,130253.0,60,16.19,3180.66,21.28,8.6,0,Good,Owned,West,Approved,Non-Default
CUST001482,Male,37,Graduate,Unemployed,Single,1,65622.0,684.0,2,LN001482,Auto,87373.0,72,15.92,1891.43,5.69,10.2,0,Good,Owned,North,Approved,Non-Default
CUST001483,Female,40,High School,Salaried,Single,2,47028.0,597.0,1,LN001483,Home,495898.0,48,17.02,14314.29,36.41,8.1,0,Fair,Owned,South,Approved,Non-Default
CUST001484,Male,23,High School,Unemployed,Single,1,113598.0,570.0,0,LN001484,Home,268453.0,24,16.78,13244.56,19.78,13.6,0,Fair,Owned,West,Approved,Non-Default
CUST001485,Female,50,High School,Unemployed,Married,3,69240.0,776.0,0,LN001485,Home,148279.0,12,12.94,13239.7,34.7,16.1,0,Excellent,Owned,West,Approved,Non-Default
CUST001486,Female,22,Postgraduate,Self-employed,Married,1,84232.0,792.0,2,LN001486,Home,115976.0,24,15.04,5625.49,10.29,10.2,0,Excellent,Owned,North,Approved,Non-Default
CUST001487,Male,42,High School,Salaried,Divorced,3,51929.0,709.0,3,LN001487,Personal,129627.0,24,14.78,6271.64,11.12,7.1,0,Excellent,Owned,West,Approved,Non-Default
CUST001488,Male,54,High School,Salaried,Divorced,2,55540.0,688.0,0,LN001488,Personal,303235.0,72,16.6,6678.3,17.05,8.0,0,Good,Owned,South,Approved,Non-Default
CUST001489,Male,50,Graduate,Unemployed,Single,0,67935.0,788.0,2,LN001489,Education,85746.0,48,13.0,2300.35,8.41,6.8,0,Excellent,Mortgage,West,Approved,Non-Default
CUST001490,Male,40,Postgraduate,Salaried,Married,3,43023.0,664.0,0,LN001490,Auto,72521.0,60,13.62,1673.18,20.52,0.0,0,Good,Mortgage,West,Approved,Non-Default
CUST001491,Female,31,High School,Salaried,Married,1,60295.0,692.0,0,LN001491,Personal,144025.0,48,17.5,4193.2,19.64,5.6,0,Good,Mortgage,North,Rejected,Non-Default
CUST001492,Male,44,Graduate,Salaried,Married,1,25084.0,684.0,1,LN001492,Business,27339.0,36,17.61,983.03,16.69,3.4,2,Good,Mortgage,North,Approved,Default
CUST001493,Female,35,Graduate,Self-employed,Single,0,37863.0,696.0,2,LN001493,Auto,521580.0,60,13.5,12001.48,46.04,2.0,0,Good,Rented,East,Approved,Non-Default
CUST001494,Male,34,Graduate,Self-employed,Divorced,3,54983.0,752.0,1,LN001494,Auto,121662.0,12,13.4,10889.36,18.04,9.2,0,Excellent,Owned,North,Approved,Non-Default
CUST001495,Female,37,Graduate,Self-employed,Married,0,70019.0,708.0,1,LN001495,Education,141085.0,24,13.06,6711.41,22.97,16.1,0,Excellent,Mortgage,West,Approved,Non-Default
CUST001496,Male,36,Graduate,Salaried,Single,1,65468.0,720.0,2,LN001496,Education,144711.0,36,14.98,5015.04,18.73,4.7,0,Excellent,Owned,West,Approved,Non-Default
CUST001497,Female,35,High School,Salaried,Married,0,31924.0,717.0,2,LN001497,Home,171539.0,60,13.34,3932.96,16.62,12.1,0,Excellent,Rented,East,Approved,Non-Default
CUST001498,Female,29,High School,Salaried,Single,2,44589.0,795.0,1,LN001498,Auto,145196.0,24,13.44,6932.93,36.33,4.1,1,Excellent,Rented,East,Approved,Non-Default
CUST001499,Female,42,Graduate,Self-employed,Single,2,72944.0,739.0,1,LN001499,Auto,76542.0,36,14.19,2623.09,15.4,4.6,0,Excellent,Rented,East,Approved,Non-Default
CUST001500,Female,39,High School,Self-employed,Married,0,33620.0,719.0,1,LN001500,Education,37499.0,48,15.36,1050.48,5.0,8.5,0,Excellent,Owned,East,Approved,Non-Default
CUST001501,Female,49,Postgraduate,Unemployed,Single,1,50374.0,607.0,1,LN001501,Personal,194575.0,24,16.78,9599.67,37.93,2.9,0,Fair,Owned,West,Approved,Non-Default
CUST001502,Female,57,High School,Salaried,Married,0,32122.0,755.0,0,LN001502,Home,92672.0,36,12.96,3120.7,12.86,10.4,0,Excellent,Rented,South,Approved,Default
CUST001503,Male,53,Graduate,Salaried,Single,1,35597.0,658.0,0,LN001503,Personal,76999.0,36,16.35,2720.38,16.21,11.8,1,Good,Rented,South,Rejected,Non-Default
CUST001504,Male,53,Graduate,Salaried,Married,1,18049.0,651.0,1,LN001504,Business,158348.0,72,16.03,3437.48,32.18,11.5,1,Good,Rented,West,Rejected,Default
CUST001505,Female,47,Graduate,Salaried,Married,0,43387.0,715.0,0,LN001505,Personal,146270.0,24,16.73,7212.96,23.36,0.0,1,Excellent,Mortgage,West,Approved,Non-Default
CUST001506,Female,44,Graduate,Salaried,Single,1,42871.0,684.0,3,LN001506,Personal,344110.0,48,17.36,9993.52,34.52,0.0,0,Good,Rented,West,Approved,Non-Default
CUST001507,Male,36,High School,Unemployed,Divorced,2,50596.0,647.0,1,LN001507,Auto,231389.0,36,16.15,8152.1,28.24,9.8,1,Fair,Mortgage,South,Approved,Non-Default
CUST001508,Female,40,High School,Salaried,Single,2,72380.0,663.0,0,LN001508,Personal,158455.0,12,15.3,14324.32,32.52,10.0,0,Good,Owned,East,Approved,Non-Default
CUST001509,Male,27,Postgraduate,Salaried,Married,2,63591.0,721.0,2,LN001509,Auto,143846.0,60,15.77,3480.5,10.69,16.4,0,Excellent,Rented,South,Approved,Non-Default
CUST001510,Female,33,Graduate,Unemployed,Single,1,52215.0,704.0,0,LN001510,Auto,167549.0,72,14.22,3472.24,14.0,13.8,2,Excellent,Rented,West,Approved,Non-Default
CUST001511,Male,56,Graduate,Self-employed,Single,2,46979.0,657.0,2,LN001511,Personal,124976.0,24,14.84,6050.17,15.21,5.2,0,Good,Mortgage,North,Approved,Non-Default
CUST001512,Male,48,Graduate,Salaried,Single,0,130302.0,731.0,2,LN001512,Auto,126418.0,36,13.31,4278.42,19.95,7.8,0,Excellent,Rented,East,Approved,Non-Default
CUST001513,Male,42,Graduate,Unemployed,Married,0,51591.0,694.0,2,LN001513,Auto,320111.0,12,15.19,28921.39,75.0,0.7,1,Good,Owned,North,Rejected,Non-Default
CUST001514,Female,43,High School,Self-employed,Married,2,38120.0,657.0,0,LN001514,Business,234081.0,36,16.09,8240.0,38.86,2.7,0,Good,Mortgage,South,Approved,Non-Default
CUST001515,Female,32,Postgraduate,Self-employed,Married,1,83087.0,624.0,0,LN001515,Personal,50463.0,60,17.71,1273.48,11.36,13.0,0,Fair,Rented,West,Approved,Non-Default
CUST001516,Female,49,Graduate,Salaried,Married,1,34041.0,592.0,3,LN001516,Personal,101053.0,36,18.29,3668.03,5.0,0.0,0,Fair,Rented,East,Approved,Non-Default
CUST001517,Female,47,High School,Unemployed,Single,1,55758.0,694.0,1,LN001517,Education,243332.0,48,16.73,6987.41,24.25,9.6,0,Good,Owned,South,Rejected,Non-Default
CUST001518,Male,41,Postgraduate,Salaried,Single,1,47662.0,758.0,0,LN001518,Auto,328101.0,12,13.74,29419.12,75.0,12.1,0,Excellent,Rented,West,Approved,Non-Default
CUST001519,Female,29,Postgraduate,Self-employed,Married,0,51627.0,703.0,2,LN001519,Personal,556694.0,24,15.03,27000.16,61.06,8.3,1,Excellent,Rented,West,Approved,Non-Default
CUST001520,Male,40,Graduate,Self-employed,Married,2,46833.0,605.0,2,LN001520,Education,112998.0,72,12.96,2265.95,7.48,7.2,1,Fair,Owned,East,Approved,Non-Default
CUST001521,Male,56,Graduate,Salaried,Married,1,27761.0,693.0,3,LN001521,Personal,700909.0,60,15.41,16825.8,75.0,4.4,0,Good,Rented,West,Approved,Default
CUST001522,Female,45,Graduate,Salaried,Married,0,79324.0,704.0,0,LN001522,Home,438975.0,36,13.39,14873.4,17.44,0.0,0,Excellent,Rented,West,Approved,Non-Default
CUST001523,Male,46,Graduate,Salaried,Single,2,57213.0,606.0,0,LN001523,Home,175536.0,72,15.7,3778.76,26.26,9.8,0,Fair,Owned,East,Approved,Non-Default
CUST001524,Female,45,Graduate,Salaried,Married,1,56053.0,757.0,0,LN001524,Personal,46403.0,24,15.02,2250.37,18.99,10.8,0,Excellent,Owned,East,Approved,Non-Default
CUST001525,Male,26,Graduate,Self-employed,Married,1,88128.0,709.0,0,LN001525,Personal,69937.0,36,15.27,2433.65,12.97,11.7,0,Excellent,Owned,East,Approved,Non-Default
CUST001526,Female,33,High School,Salaried,Married,3,91347.0,816.0,3,LN001526,Home,150687.0,60,10.59,3245.57,17.61,0.0,0,Excellent,Mortgage,East,Approved,Non-Default
CUST001527,Male,43,Postgraduate,Salaried,Divorced,2,89970.0,689.0,3,LN001527,Home,487395.0,36,14.58,16795.63,21.47,8.0,1,Good,Owned,South,Approved,Default
CUST001528,Male,47,Graduate,Self-employed,Single,0,56330.0,631.0,0,LN001528,Home,250378.0,12,14.31,22517.26,60.11,0.0,0,Fair,Owned,North,Approved,Non-Default
CUST001529,Male,39,Graduate,Self-employed,Single,1,69145.0,794.0,1,LN001529,Home,137747.0,48,14.37,3789.76,17.84,10.4,2,Excellent,Mortgage,South,Rejected,Non-Default
CUST001530,Female,49,High School,Salaried,Divorced,0,68731.0,649.0,2,LN001530,Personal,80384.0,36,16.4,2841.96,14.69,6.7,0,Fair,Mortgage,North,Approved,Non-Default
CUST001531,Female,50,High School,Unemployed,Married,0,81042.0,553.0,1,LN001531,Auto,512603.0,24,15.84,25059.47,43.53,0.9,0,Fair,Rented,East,Approved,Default
CUST001532,Male,35,Postgraduate,Salaried,Single,2,93600.0,753.0,0,LN001532,Personal,74261.0,60,13.43,1706.06,9.64,14.9,0,Excellent,Mortgage,West,Approved,Non-Default
CUST001533,Male,44,Graduate,Salaried,Married,2,45755.0,659.0,3,LN001533,Auto,82411.0,12,14.91,7434.78,22.74,17.5,1,Good,Rented,North,Rejected,Non-Default
CUST001534,Female,21,Graduate,Self-employed,Single,3,59189.0,702.0,1,LN001534,Business,156515.0,36,15.23,5443.29,17.96,10.8,1,Excellent,Owned,West,Approved,Non-Default
CUST001535,Female,43,Graduate,Self-employed,Single,3,83870.0,737.0,0,LN001535,Auto,280871.0,60,17.84,7107.85,14.69,0.0,0,Excellent,Rented,East,Approved,Non-Default
CUST001536,Female,40,Graduate,Self-employed,Divorced,0,57880.0,518.0,0,LN001536,Home,190138.0,60,16.68,4692.77,20.29,18.7,0,Poor,Rented,North,Approved,Non-Default
CUST001537,Male,36,High School,Salaried,Married,3,42575.0,768.0,1,LN001537,Home,194078.0,60,13.93,4508.82,26.96,3.4,0,Excellent,Owned,North,Approved,Non-Default
CUST001538,Male,34,High School,Salaried,Divorced,3,60930.0,691.0,0,LN001538,Home,261147.0,72,12.45,5166.79,25.08,0.0,0,Good,Mortgage,South,Approved,Non-Default
CUST001539,Male,41,High School,Salaried,Single,0,81406.0,661.0,2,LN001539,Education,75343.0,24,14.49,3634.9,26.59,11.2,0,Good,Rented,North,Approved,Non-Default
CUST001540,Male,35,Graduate,Salaried,Married,3,42243.0,725.0,1,LN001540,Business,249850.0,48,15.29,6990.3,31.3,5.0,0,Excellent,Mortgage,West,Approved,Default
CUST001541,Male,37,Postgraduate,Salaried,Married,0,71321.0,850.0,0,LN001541,Home,64816.0,36,10.62,2110.35,7.63,0.0,0,Excellent,Mortgage,North,Approved,Non-Default
CUST001542,Male,28,Graduate,Salaried,Married,0,74128.0,714.0,1,LN001542,Home,172344.0,12,12.64,15364.2,24.73,7.1,0,Excellent,Rented,South,Approved,Non-Default
CUST001543,Female,45,High School,Salaried,Single,0,57948.0,669.0,3,LN001543,Personal,391130.0,48,17.67,11422.11,28.32,0.0,0,Good,Owned,North,Approved,Non-Default
CUST001544,Female,25,High School,Salaried,Divorced,2,27915.0,656.0,0,LN001544,Business,123560.0,72,13.48,2511.77,7.15,6.2,1,Good,Mortgage,West,Approved,Non-Default
CUST001545,Female,27,Graduate,Salaried,Single,1,134472.0,663.0,2,LN001545,Home,81987.0,48,16.83,2358.53,8.23,6.3,1,Good,Mortgage,North,Approved,Non-Default
CUST001546,Female,58,Postgraduate,Unemployed,Married,0,38671.0,739.0,0,LN001546,Personal,209085.0,36,17.19,7474.24,27.8,8.7,2,Excellent,Owned,West,Approved,Default
CUST001547,Female,46,Graduate,Unemployed,Married,1,73965.0,733.0,1,LN001547,Home,95623.0,12,14.56,8610.93,18.49,0.0,1,Excellent,Rented,West,Approved,Non-Default
CUST001548,Female,54,Graduate,Salaried,Married,0,75276.0,691.0,1,LN001548,Personal,500310.0,60,16.55,12313.26,30.52,6.2,0,Good,Rented,North,Approved,Non-Default
CUST001549,Female,36,Graduate,Self-employed,Divorced,0,69716.0,731.0,2,LN001549,Auto,249298.0,36,13.12,8414.25,17.95,11.1,0,Excellent,Owned,East,Approved,Non-Default
CUST001550,Male,31,High School,Self-employed,Single,0,52001.0,618.0,1,LN001550,Personal,360019.0,48,16.81,10353.01,31.12,8.4,1,Fair,Rented,East,Rejected,Non-Default
CUST001551,Female,45,High School,Salaried,Married,3,40638.0,745.0,2,LN001551,Auto,251221.0,60,13.25,5748.25,30.45,13.5,0,Excellent,Owned,East,Rejected,Non-Default
CUST001552,Male,60,Graduate,Unemployed,Married,2,45804.0,729.0,1,LN001552,Auto,299504.0,36,12.92,10079.94,41.39,0.0,0,Excellent,Owned,West,Approved,Non-Default
CUST001553,Female,21,Graduate,Self-employed,Married,3,64538.0,614.0,0,LN001553,Home,146091.0,48,15.03,4068.04,12.48,8.5,0,Fair,Owned,West,Approved,Non-Default
CUST001554,Male,27,Graduate,Salaried,Single,1,89144.0,619.0,0,LN001554,Home,119812.0,12,16.38,10892.2,20.77,10.9,0,Fair,Owned,West,Approved,Non-Default
CUST001555,Female,21,Postgraduate,Salaried,Divorced,0,70592.0,766.0,1,LN001555,Personal,209697.0,48,15.32,5870.1,9.83,13.5,0,Excellent,Mortgage,South,Approved,Non-Default
CUST001556,Male,27,Postgraduate,Salaried,Single,2,39813.0,667.0,1,LN001556,Personal,548648.0,48,14.39,15100.17,50.39,6.9,0,Good,Rented,West,Rejected,Non-Default
CUST001557,Male,39,Graduate,Salaried,Married,1,41886.0,623.0,1,LN001557,Business,364479.0,48,18.18,10740.88,36.43,14.6,0,Fair,Rented,East,Approved,Non-Default
CUST001558,Female,50,Postgraduate,Salaried,Married,0,36138.0,700.0,0,LN001558,Business,95572.0,36,15.79,3350.13,12.06,0.0,0,Excellent,Mortgage,West,Approved,Non-Default
CUST001559,Female,47,High School,Salaried,Married,1,37394.0,629.0,1,LN001559,Personal,207372.0,36,15.35,7224.21,32.62,8.3,0,Fair,Mortgage,East,Approved,Non-Default
CUST001560,Female,39,Graduate,Salaried,Married,0,39633.0,807.0,1,LN001560,Home,92454.0,36,12.56,3095.58,5.53,12.8,0,Excellent,Owned,East,Rejected,Non-Default
CUST001561,Male,36,High School,Salaried,Married,2,130352.0,654.0,0,LN001561,Auto,75326.0,60,15.01,1792.4,10.46,7.5,0,Good,Owned,East,Approved,Non-Default
CUST001562,Female,41,High School,Salaried,Single,1,44927.0,648.0,1,LN001562,Auto,101762.0,24,14.9,4929.26,19.88,21.6,0,Fair,Rented,East,Approved,Non-Default
CUST001563,Female,21,Graduate,Salaried,Married,3,62794.0,663.0,1,LN001563,Personal,101144.0,36,17.08,3610.09,15.16,8.7,0,Good,Owned,North,Approved,Non-Default
CUST001564,Male,41,Graduate,Self-employed,Married,2,91198.0,678.0,0,LN001564,Business,113753.0,24,15.83,5560.47,22.41,0.0,0,Good,Rented,East,Approved,Non-Default
CUST001565,Female,30,Graduate,Self-employed,Single,3,63334.0,641.0,2,LN001565,Home,88483.0,48,14.86,2456.27,5.0,4.4,0,Fair,Mortgage,West,Approved,Non-Default
CUST001566,Male,32,Postgraduate,Salaried,Single,0,52872.0,668.0,3,LN001566,Auto,249398.0,36,14.97,8641.8,14.92,7.1,2,Good,Owned,East,Approved,Non-Default
CUST001567,Female,45,Postgraduate,Self-employed,Married,0,49898.0,449.0,1,LN001567,Auto,164400.0,48,19.87,4991.37,20.13,5.2,0,Poor,Owned,East,Approved,Non-Default
CUST001568,Male,48,High School,Salaried,Married,0,94797.0,629.0,0,LN001568,Business,280421.0,72,16.65,6183.64,23.75,3.8,0,Fair,Rented,North,Approved,Non-Default
CUST001569,Female,46,Graduate,Salaried,Single,1,51655.0,619.0,1,LN001569,Personal,116626.0,72,18.29,2679.14,5.49,5.5,0,Fair,Owned,East,Approved,Non-Default
CUST001570,Female,37,Graduate,Self-employed,Single,0,42371.0,685.0,0,LN001570,Home,371949.0,48,16.1,10560.2,39.67,15.8,1,Good,Owned,North,Approved,Default
CUST001571,Male,37,Graduate,Salaried,Married,0,75045.0,596.0,0,LN001571,Auto,177923.0,48,15.51,4997.85,23.7,8.3,0,Fair,Rented,West,Approved,Non-Default
CUST001572,Female,44,Graduate,Unemployed,Single,1,36603.0,711.0,0,LN001572,Business,75222.0,48,16.28,2142.62,20.98,1.8,2,Excellent,Rented,North,Approved,Non-Default
CUST001573,Male,38,Graduate,Self-employed,Single,0,117209.0,759.0,0,LN001573,Personal,173134.0,72,15.42,3700.53,13.28,0.0,0,Excellent,Owned,West,Approved,Non-Default
CUST001574,Male,27,Graduate,Salaried,Married,1,45544.0,708.0,3,LN001574,Auto,83575.0,72,15.0,1767.19,7.07,0.0,1,Excellent,Rented,East,Approved,Default
CUST001575,Female,52,High School,Unemployed,Single,1,52267.0,723.0,2,LN001575,Home,256181.0,60,13.74,5926.41,16.22,7.6,2,Excellent,Mortgage,East,Approved,Non-Default
CUST001576,Male,35,High School,Self-employed,Single,3,65082.0,726.0,1,LN001576,Auto,291734.0,48,13.01,7827.94,23.54,9.6,0,Excellent,Rented,South,Approved,Non-Default
CUST001577,Female,24,Postgraduate,Self-employed,Married,2,99656.0,640.0,0,LN001577,Business,229171.0,36,15.85,8040.01,24.54,11.0,0,Fair,Mortgage,North,Approved,Non-Default
CUST001578,Female,24,High School,Salaried,Married,3,87900.0,697.0,2,LN001578,Education,118434.0,12,15.49,10717.06,14.77,3.3,0,Good,Mortgage,North,Rejected,Non-Default
CUST001579,Male,37,High School,Salaried,Married,3,38819.0,650.0,2,LN001579,Personal,438714.0,12,18.06,40233.82,75.0,11.6,0,Good,Rented,South,Approved,Non-Default
CUST001580,Male,52,Graduate,Salaried,Single,2,36114.0,697.0,3,LN001580,Personal,322361.0,60,16.77,7971.69,32.67,10.0,0,Good,Mortgage,West,Approved,Non-Default
CUST001581,Male,53,High School,Unemployed,Married,2,40309.0,659.0,0,LN001581,Education,121832.0,24,15.22,5919.97,38.09,14.2,1,Good,Owned,East,Approved,Non-Default
CUST001582,Female,46,Postgraduate,Salaried,Married,2,63080.0,716.0,1,LN001582,Personal,125203.0,60,14.58,2951.04,19.21,4.1,0,Excellent,Owned,East,Approved,Non-Default
CUST001583,Female,28,High School,Self-employed,Married,1,34208.0,850.0,2,LN001583,Education,341730.0,72,11.6,6610.02,25.18,5.1,0,Excellent,Rented,West,Rejected,Default
CUST001584,Male,41,High School,Salaried,Single,2,46016.0,595.0,1,LN001584,Home,747705.0,24,15.27,36349.7,75.0,4.9,0,Fair,Rented,East,Approved,Non-Default
CUST001585,Male,53,Postgraduate,Salaried,Single,0,75508.0,665.0,0,LN001585,Education,132662.0,12,12.24,11801.76,23.62,14.8,0,Good,Rented,East,Approved,Non-Default
CUST001586,Female,28,Graduate,Self-employed,Married,2,56138.0,596.0,3,LN001586,Home,938614.0,12,13.41,84015.1,75.0,12.4,0,Fair,Rented,East,Rejected,Non-Default
CUST001587,Female,37,High School,Salaried,Single,1,61441.0,675.0,0,LN001587,Auto,115361.0,36,15.42,4022.79,12.71,7.2,0,Good,Mortgage,South,Approved,Non-Default
CUST001588,Male,35,Graduate,Salaried,Married,0,26377.0,630.0,0,LN001588,Home,60981.0,60,15.74,1474.53,5.0,3.6,0,Fair,Owned,East,Approved,Non-Default
CUST001589,Female,62,Graduate,Salaried,Single,0,47716.0,736.0,0,LN001589,Home,571768.0,36,13.39,19372.7,65.06,14.9,0,Excellent,Owned,North,Approved,Non-Default
CUST001590,Male,52,Postgraduate,Self-employed,Married,2,79692.0,708.0,0,LN001590,Home,320713.0,36,13.54,10889.69,22.26,0.3,0,Excellent,Owned,West,Approved,Default
CUST001591,Male,47,Graduate,Self-employed,Single,0,44973.0,759.0,0,LN001591,Business,186638.0,24,15.07,9055.66,25.47,13.3,1,Excellent,Mortgage,West,Approved,Non-Default
CUST001592,Male,59,Graduate,Self-employed,Married,2,68842.0,578.0,0,LN001592,Home,109580.0,12,16.69,9978.1,27.24,13.3,0,Fair,Mortgage,West,Approved,Non-Default
CUST001593,Female,43,Graduate,Salaried,Single,2,32749.0,674.0,2,LN001593,Education,102828.0,36,14.98,3563.56,28.49,13.7,1,Good,Mortgage,North,Approved,Non-Default
CUST001594,Male,42,High School,Unemployed,Divorced,0,76338.0,787.0,1,LN001594,Home,335027.0,60,12.28,7499.98,22.47,0.0,0,Excellent,Rented,East,Approved,Non-Default
CUST001595,Male,57,High School,Salaried,Single,1,31919.0,732.0,2,LN001595,Personal,145098.0,60,15.93,3523.11,21.63,9.3,0,Excellent,Rented,East,Rejected,Non-Default
CUST001596,Male,39,High School,Salaried,Single,3,37468.0,587.0,0,LN001596,Auto,224144.0,24,16.0,10974.79,45.65,7.8,0,Fair,Owned,East,Approved,Default
CUST001597,Female,26,Graduate,Salaried,Married,1,44296.0,705.0,3,LN001597,Personal,161622.0,24,14.5,7798.17,29.88,4.0,0,Excellent,Owned,East,Rejected,Non-Default
CUST001598,Female,52,High School,Self-employed,Married,0,37562.0,767.0,1,LN001598,Education,377333.0,24,13.01,17940.87,56.5,0.0,3,Excellent,Mortgage,North,Approved,Non-Default
CUST001599,Male,36,Graduate,Self-employed,Married,0,36025.0,659.0,0,LN001599,Business,181914.0,24,16.89,8984.63,34.86,9.8,0,Good,Mortgage,North,Approved,Non-Default
CUST001600,Female,56,Graduate,Salaried,Married,2,28753.0,682.0,0,LN001600,Personal,46081.0,24,13.84,2209.0,11.71,3.7,0,Good,Owned,West,Approved,Non-Default
CUST001601,Male,21,High School,Salaried,Divorced,0,97152.0,732.0,0,LN001601,Personal,606036.0,72,15.85,13096.04,30.63,0.0,0,Excellent,Rented,South,Rejected,Non-Default
CUST001602,Female,52,High School,Self-employed,Divorced,0,56694.0,720.0,1,LN001602,Personal,46966.0,36,15.43,1638.0,14.35,1.5,0,Excellent,Rented,North,Rejected,Non-Default
CUST001603,Female,44,High School,Salaried,Single,0,40227.0,703.0,2,LN001603,Auto,171390.0,24,12.88,8138.54,24.15,3.4,1,Excellent,Rented,West,Approved,Non-Default
CUST001604,Male,36,Graduate,Self-employed,Single,1,71696.0,647.0,2,LN001604,Home,146978.0,24,11.94,6914.65,14.89,10.3,1,Fair,Rented,East,Approved,Non-Default
CUST001605,Female,37,Graduate,Salaried,Married,2,54491.0,670.0,3,LN001605,Personal,213030.0,60,16.67,5256.62,23.18,5.2,0,Good,Owned,North,Approved,Non-Default
CUST001606,Female,46,Graduate,Self-employed,Single,2,54680.0,758.0,0,LN001606,Business,196913.0,12,15.64,17832.56,47.91,3.0,0,Excellent,Rented,East,Approved,Non-Default
CUST001607,Female,39,High School,Salaried,Married,1,48004.0,702.0,0,LN001607,Auto,109931.0,36,15.22,3822.65,23.77,15.2,0,Excellent,Rented,West,Approved,Non-Default
CUST001608,Female,43,Postgraduate,Salaried,Single,0,35443.0,720.0,2,LN001608,Personal,102487.0,72,14.33,2129.97,18.72,5.8,0,Excellent,Rented,North,Approved,Default
CUST001609,Female,39,High School,Salaried,Married,0,68614.0,620.0,1,LN001609,Home,235141.0,60,14.7,5557.03,23.21,3.9,0,Fair,Owned,East,Approved,Non-Default
CUST001610,Female,42,Graduate,Salaried,Single,1,46374.0,748.0,0,LN001610,Education,136954.0,48,15.86,3871.5,30.22,15.9,0,Excellent,Owned,West,Rejected,Non-Default
CUST001611,Female,47,Graduate,Salaried,Married,0,40025.0,743.0,0,LN001611,Auto,170114.0,60,14.15,3971.5,32.94,1.9,0,Excellent,Owned,East,Approved,Non-Default
CUST001612,Female,24,Graduate,Salaried,Single,1,84744.0,513.0,2,LN001612,Personal,84676.0,36,16.99,3018.51,16.02,9.3,0,Poor,Mortgage,East,Approved,Non-Default
CUST001613,Female,38,Graduate,Salaried,Married,3,72425.0,635.0,0,LN001613,Auto,236627.0,36,13.21,7996.85,18.72,0.2,1,Fair,Owned,South,Rejected,Non-Default
CUST001614,Female,43,High School,Salaried,Single,0,28925.0,707.0,1,LN001614,Auto,360598.0,36,14.39,12392.8,52.26,1.4,0,Excellent,Mortgage,East,Approved,Non-Default
CUST001615,Male,34,Graduate,Salaried,Married,2,48174.0,562.0,0,LN001615,Home,129659.0,60,17.63,3266.44,21.56,2.8,0,Fair,Mortgage,East,Approved,Non-Default
CUST001616,Male,58,High School,Salaried,Married,0,45668.0,609.0,2,LN001616,Personal,274841.0,36,16.28,9700.63,37.51,0.0,0,Fair,Rented,East,Approved,Non-Default
CUST001617,Female,32,High School,Salaried,Single,1,35460.0,734.0,1,LN001617,Auto,89126.0,48,15.52,2504.0,25.41,6.7,0,Excellent,Mortgage,East,Approved,Non-Default
CUST001618,Male,37,High School,Unemployed,Divorced,2,65519.0,669.0,0,LN001618,Business,117510.0,36,17.6,4224.73,15.86,13.1,0,Good,Owned,West,Rejected,Non-Default
CUST001619,Female,33,High School,Self-employed,Divorced,0,21658.0,769.0,1,LN001619,Personal,60123.0,48,17.39,1747.01,18.75,0.0,1,Excellent,Mortgage,South,Rejected,Default
CUST001620,Female,49,Graduate,Salaried,Married,2,25162.0,792.0,1,LN001620,Home,468904.0,60,11.79,10380.82,59.22,8.8,0,Excellent,Owned,West,Approved,Default
CUST001621,Male,44,Graduate,Salaried,Married,1,43749.0,617.0,0,LN001621,Personal,43315.0,12,17.05,3951.56,20.82,7.9,0,Fair,Rented,West,Approved,Non-Default
CUST001622,Female,59,Graduate,Salaried,Married,2,22848.0,756.0,1,LN001622,Personal,67392.0,60,16.28,1648.89,10.39,0.0,0,Excellent,Mortgage,North,Rejected,Non-Default
CUST001623,Male,32,Graduate,Salaried,Married,1,34508.0,738.0,1,LN001623,Auto,64123.0,36,13.2,2166.74,5.0,5.3,2,Excellent,Rented,North,Approved,Non-Default
CUST001624,Male,30,Graduate,Salaried,Married,2,46189.0,677.0,1,LN001624,Home,95468.0,48,14.79,2646.79,6.87,6.5,0,Good,Rented,East,Approved,Non-Default
CUST001625,Female,39,Postgraduate,Salaried,Married,1,44823.0,725.0,1,LN001625,Education,679219.0,60,13.56,15649.73,40.93,11.4,1,Excellent,Rented,North,Approved,Default
CUST001626,Male,43,Graduate,Self-employed,Married,0,27496.0,717.0,1,LN001626,Personal,61065.0,36,15.98,2146.26,34.59,2.5,1,Excellent,Rented,North,Approved,Non-Default
CUST001627,Female,50,High School,Salaried,Divorced,2,49301.0,600.0,0,LN001627,Personal,638540.0,12,17.64,58432.0,75.0,11.0,2,Fair,Rented,North,Approved,Non-Default
CUST001628,Male,48,Postgraduate,Unemployed,Single,0,54890.0,671.0,1,LN001628,Auto,238387.0,36,16.3,8416.33,27.01,14.3,0,Good,Mortgage,East,Approved,Non-Default
CUST001629,Female,34,Postgraduate,Salaried,Single,0,39960.0,644.0,0,LN001629,Personal,172856.0,72,17.29,3873.4,20.11,14.0,0,Fair,Rented,South,Approved,Non-Default
CUST001630,Male,38,Graduate,Salaried,Divorced,1,48447.0,535.0,2,LN001630,Personal,284956.0,36,18.65,10395.0,36.83,12.3,0,Poor,Rented,South,Approved,Non-Default
CUST001631,Male,35,Postgraduate,Unemployed,Single,1,30243.0,573.0,1,LN001631,Business,139107.0,36,15.49,4855.64,26.17,7.3,1,Fair,Rented,North,Approved,Non-Default
CUST001632,Female,55,Graduate,Salaried,Single,1,66787.0,759.0,2,LN001632,Business,84460.0,24,14.99,4094.78,17.81,8.6,0,Excellent,Rented,West,Approved,Non-Default
CUST001633,Female,28,High School,Salaried,Divorced,0,36683.0,788.0,3,LN001633,Personal,203683.0,60,15.08,4854.16,35.91,8.1,0,Excellent,Rented,West,Approved,Non-Default
CUST001634,Male,53,Graduate,Self-employed,Married,2,39051.0,731.0,0,LN001634,Personal,96214.0,36,15.41,3354.64,25.14,14.6,0,Excellent,Rented,West,Rejected,Non-Default
CUST001635,Female,34,Graduate,Salaried,Married,2,154161.0,613.0,0,LN001635,Auto,167035.0,24,16.64,8229.72,10.59,0.0,0,Fair,Owned,North,Approved,Non-Default
CUST001636,Male,44,Graduate,Salaried,Married,0,56490.0,682.0,0,LN001636,Business,220881.0,24,15.5,10762.33,33.1,1.3,1,Good,Owned,East,Approved,Non-Default
CUST001637,Female,40,High School,Salaried,Married,2,37758.0,705.0,1,LN001637,Business,128493.0,60,16.03,3126.75,20.32,21.6,0,Excellent,Rented,West,Approved,Default
CUST001638,Male,39,Graduate,Unemployed,Single,1,29711.0,608.0,0,LN001638,Auto,68260.0,72,13.44,1386.16,5.0,8.0,2,Fair,Rented,North,Approved,Non-Default
CUST001639,Male,21,Graduate,Salaried,Single,0,43978.0,785.0,1,LN001639,Home,199460.0,36,13.33,6752.34,34.66,0.0,0,Excellent,Rented,East,Approved,Non-Default
CUST001640,Female,30,Graduate,Self-employed,Married,0,33597.0,621.0,1,LN001640,Personal,119818.0,36,16.72,4255.16,16.73,11.0,0,Fair,Owned,East,Approved,Non-Default
CUST001641,Male,47,High School,Salaried,Married,2,39148.0,696.0,0,LN001641,Business,110035.0,48,16.87,3167.67,22.4,15.3,1,Good,Mortgage,North,Approved,Non-Default
CUST001642,Female,21,High School,Unemployed,Married,1,34820.0,709.0,0,LN001642,Business,65066.0,48,16.07,1846.32,24.55,0.0,0,Excellent,Owned,South,Approved,Non-Default
CUST001643,Male,57,Graduate,Salaried,Divorced,1,52980.0,709.0,0,LN001643,Personal,252752.0,48,16.12,7178.61,26.34,14.2,0,Excellent,Rented,North,Approved,Non-Default
CUST001644,Female,51,Postgraduate,Salaried,Married,2,36961.0,671.0,2,LN001644,Personal,441557.0,12,18.31,40547.12,75.0,1.4,2,Good,Owned,North,Approved,Default
CUST001645,Female,33,Postgraduate,Salaried,Married,1,57432.0,654.0,1,LN001645,Personal,57647.0,36,16.27,2034.39,14.28,15.2,0,Good,Owned,West,Rejected,Non-Default
CUST001646,Male,53,Graduate,,Married,0,45530.0,739.0,0,LN001646,Auto,236340.0,48,13.72,6425.19,40.18,4.8,0,Excellent,Rented,South,Approved,Non-Default
CUST001647,Male,38,Postgraduate,Salaried,Married,2,28935.0,652.0,1,LN001647,Auto,487367.0,24,16.21,23911.94,75.0,19.0,0,Good,Owned,North,Approved,Non-Default
CUST001648,Male,34,Graduate,Salaried,Married,0,94997.0,653.0,0,LN001648,Personal,166460.0,36,16.14,5863.75,20.31,5.6,0,Good,Rented,West,Approved,Non-Default
CUST001649,Male,58,Postgraduate,Self-employed,Married,2,19871.0,719.0,0,LN001649,Education,51205.0,48,14.33,1407.74,22.07,10.7,0,Excellent,Rented,West,Approved,Non-Default
CUST001650,Female,53,Graduate,Salaried,Married,1,57595.0,665.0,0,LN001650,Personal,238905.0,60,16.38,5858.05,15.54,5.6,0,Good,Mortgage,North,Approved,Non-Default
CUST001651,Female,34,Graduate,Self-employed,Single,0,57858.0,609.0,1,LN001651,Personal,246755.0,72,16.69,5446.75,29.28,3.2,1,Fair,Owned,South,Approved,Default
CUST001652,Male,40,High School,Salaried,Single,1,73812.0,705.0,1,LN001652,Auto,550345.0,60,15.43,13217.22,35.9,3.4,0,Excellent,Rented,East,Rejected,Non-Default
CUST001653,Female,51,Graduate,Salaried,Single,1,44371.0,747.0,0,LN001653,Business,288154.0,24,14.44,13895.08,46.92,0.0,0,Excellent,Owned,South,Approved,Non-Default
CUST001654,Male,41,Postgraduate,Self-employed,Married,3,38063.0,748.0,0,LN001654,Personal,108717.0,48,16.36,3101.15,24.16,16.5,0,Excellent,Rented,North,Approved,Non-Default
CUST001655,Male,39,High School,Salaried,Divorced,0,45879.0,531.0,1,LN001655,Education,621106.0,24,16.16,30458.79,75.0,13.0,0,Poor,Owned,North,Approved,Non-Default
CUST001656,Male,30,High School,Salaried,Single,0,105229.0,731.0,2,LN001656,Education,124132.0,48,13.67,3371.58,16.25,0.0,0,Excellent,Owned,West,Approved,Non-Default
CUST001657,Male,40,Graduate,Self-employed,Married,2,146092.0,669.0,2,LN001657,Personal,101490.0,48,17.7,2965.38,21.63,4.3,0,Good,Rented,South,Approved,Non-Default
CUST001658,Male,55,Graduate,Self-employed,Divorced,1,52998.0,779.0,3,LN001658,Auto,161796.0,36,13.39,5481.99,8.17,4.6,0,Excellent,Owned,West,Approved,Non-Default
CUST001659,Male,40,Postgraduate,Salaried,Married,2,55696.0,702.0,2,LN001659,Auto,79652.0,12,13.47,7131.88,25.62,11.3,0,Excellent,Rented,South,Approved,Default
CUST001660,Female,40,Graduate,Unemployed,Married,1,60520.0,683.0,1,LN001660,Home,146751.0,36,14.89,5079.27,12.53,7.6,0,Good,Owned,South,Approved,Non-Default
CUST001661,Male,42,Graduate,Self-employed,Married,0,23951.0,767.0,0,LN001661,Home,326832.0,36,14.69,11280.19,61.96,0.0,0,Excellent,Rented,West,Approved,Non-Default
CUST001662,Female,40,Graduate,Salaried,Single,3,36018.0,734.0,0,LN001662,Home,300032.0,24,13.18,14289.45,60.82,3.6,0,Excellent,Owned,West,Approved,Non-Default
CUST001663,Female,48,Postgraduate,Salaried,Single,1,53445.0,641.0,1,LN001663,Home,211113.0,36,17.66,7596.28,34.38,7.7,0,Fair,Rented,North,Approved,Non-Default
CUST001664,Female,44,Graduate,Salaried,Divorced,2,80913.0,672.0,1,LN001664,Education,248136.0,24,16.26,12180.36,20.64,0.0,0,Good,Rented,East,Rejected,Non-Default
CUST001665,Male,38,High School,Self-employed,Divorced,1,24502.0,656.0,0,LN001665,Home,90923.0,48,13.68,2470.03,28.42,11.9,0,Good,Rented,West,Rejected,Non-Default
CUST001666,Female,23,Graduate,Unemployed,Single,0,112452.0,751.0,1,LN001666,Auto,120906.0,24,11.79,5679.62,8.91,1.5,0,Excellent,Mortgage,East,Rejected,Non-Default
CUST001667,Male,59,High School,Salaried,Married,1,80372.0,813.0,1,LN001667,Personal,211802.0,48,14.01,5788.86,10.85,3.9,0,Excellent,Rented,North,Rejected,Non-Default
CUST001668,Female,36,High School,Self-employed,Married,2,37918.0,666.0,0,LN001668,Auto,179755.0,48,15.78,5074.08,22.53,3.3,0,Good,Owned,North,Approved,Non-Default
CUST001669,Male,43,Graduate,Salaried,Single,3,61444.0,794.0,2,LN001669,Home,230774.0,12,11.86,20488.88,50.51,3.7,2,Excellent,Rented,North,Approved,Non-Default
CUST001670,Male,41,High School,Salaried,Married,0,80281.0,639.0,1,LN001670,Personal,52464.0,60,14.06,1222.38,9.58,3.7,0,Fair,Owned,East,Approved,Non-Default
CUST001671,Female,40,Graduate,Self-employed,Single,2,50893.0,702.0,2,LN001671,Home,361594.0,24,15.19,17565.14,45.63,1.5,0,Excellent,Mortgage,South,Approved,Non-Default
CUST001672,Female,55,Graduate,Self-employed,Single,1,68306.0,679.0,3,LN001672,Business,160432.0,72,16.39,3514.6,23.59,0.0,0,Good,Rented,South,Approved,Non-Default
CUST001673,Male,22,Postgraduate,Unemployed,Married,1,54378.0,613.0,0,LN001673,Home,231783.0,36,15.58,8100.82,25.78,9.1,1,Fair,Rented,South,Approved,Non-Default
CUST001674,Female,43,Graduate,Salaried,Married,1,96104.0,669.0,2,LN001674,Auto,66882.0,48,15.17,1867.14,5.28,6.7,0,Good,Owned,North,Approved,Non-Default
CUST001675,Female,36,High School,Self-employed,Single,3,58982.0,660.0,0,LN001675,Auto,68758.0,24,13.53,3286.02,15.82,7.3,0,Good,Owned,East,Approved,Non-Default
CUST001676,Male,37,Graduate,Self-employed,Single,3,53481.0,766.0,1,LN001676,Personal,188251.0,60,15.94,4571.9,9.3,2.0,2,Excellent,Mortgage,South,Approved,Non-Default
CUST001677,Male,28,Graduate,Self-employed,Married,0,58959.0,784.0,1,LN001677,Personal,20173.0,24,14.6,974.29,13.4,11.9,0,Excellent,Owned,West,Approved,Non-Default
CUST001678,Female,43,Graduate,Self-employed,Divorced,1,44329.0,661.0,2,LN001678,Auto,270395.0,72,13.46,5493.81,20.78,0.0,1,Good,Owned,North,Approved,Non-Default
CUST001679,Male,46,High School,Unemployed,Single,1,112750.0,718.0,1,LN001679,Home,170002.0,24,13.96,8159.07,18.79,0.0,0,Excellent,Owned,West,Approved,Non-Default
CUST001680,Female,30,High School,Salaried,Single,2,49628.0,768.0,1,LN001680,Auto,215106.0,60,14.01,5006.26,15.7,19.7,0,Excellent,Rented,East,Approved,Non-Default
CUST001681,Female,48,High School,Unemployed,Divorced,0,40257.0,534.0,1,LN001681,Auto,373031.0,36,13.92,12734.83,47.66,9.2,0,Poor,Mortgage,North,Approved,Non-Default
CUST001682,Female,40,High School,Salaried,Divorced,2,38682.0,741.0,1,LN001682,Personal,121864.0,72,14.92,2571.52,9.95,12.8,0,Excellent,Rented,North,Approved,Default
CUST001683,Male,40,High School,Unemployed,Single,2,57285.0,713.0,0,LN001683,Business,100915.0,36,16.66,3580.84,13.57,8.3,1,Excellent,Rented,South,Approved,Default
CUST001684,Male,37,Graduate,Salaried,Divorced,0,53604.0,803.0,0,LN001684,Home,269864.0,72,13.06,5425.83,16.66,12.3,3,Excellent,Owned,South,Approved,Non-Default
CUST001685,Female,28,Graduate,Salaried,Married,0,41659.0,661.0,0,LN001685,Auto,65092.0,24,15.46,3170.34,18.72,10.2,0,Good,Owned,North,Approved,Non-Default
CUST001686,Male,70,High School,Salaried,Married,1,48954.0,651.0,1,LN001686,Auto,188324.0,36,16.8,6695.53,24.95,4.4,0,Good,Owned,South,Approved,Non-Default
CUST001687,Male,59,Graduate,Self-employed,Divorced,0,58562.0,737.0,1,LN001687,Home,271723.0,24,14.15,13065.47,43.93,10.9,0,Excellent,Rented,East,Approved,Non-Default
CUST001688,Male,33,Postgraduate,Salaried,Married,1,105673.0,686.0,0,LN001688,Personal,299334.0,36,14.28,10271.28,17.4,7.9,0,Good,Owned,North,Approved,Non-Default
CUST001689,Female,21,Postgraduate,Self-employed,Single,1,75843.0,765.0,3,LN001689,Auto,248210.0,24,13.16,11819.02,32.89,9.8,0,Excellent,Owned,East,Rejected,Non-Default
CUST001690,Male,55,High School,Salaried,Married,1,70010.0,743.0,2,LN001690,Home,950645.0,60,14.47,22352.17,55.89,4.8,1,Excellent,Mortgage,North,Approved,Default
CUST001691,Male,45,Graduate,Salaried,Single,2,32458.0,639.0,3,LN001691,Education,106604.0,24,15.11,5174.44,24.22,5.6,0,Fair,Rented,North,Approved,Non-Default
CUST001692,Male,29,Graduate,Self-employed,Single,1,78768.0,628.0,1,LN001692,Education,139089.0,60,16.32,3406.07,10.89,0.5,0,Fair,Owned,North,Approved,Non-Default
CUST001693,Female,37,Graduate,Self-employed,Divorced,1,68438.0,697.0,0,LN001693,Business,114472.0,36,17.15,4089.79,5.0,23.5,0,Good,Owned,East,Approved,Non-Default
CUST001694,Male,36,High School,Salaried,Married,1,38677.0,698.0,1,LN001694,Auto,79541.0,60,14.67,1878.52,14.12,0.0,1,Good,Rented,West,Approved,Non-Default
CUST001695,Female,45,Graduate,Unemployed,Single,2,60202.0,697.0,2,LN001695,Auto,219372.0,36,14.24,7523.21,15.33,1.1,0,Good,Rented,North,Approved,Non-Default
CUST001696,Female,42,Graduate,Salaried,Married,1,52182.0,819.0,0,LN001696,Auto,148455.0,48,13.64,4029.99,30.19,17.1,0,Excellent,Owned,East,Approved,Non-Default
CUST001697,Male,26,High School,Salaried,Divorced,1,43506.0,675.0,0,LN001697,Business,240839.0,12,15.12,21751.36,75.0,3.9,0,Good,Rented,North,Approved,Non-Default
CUST001698,Female,40,Postgraduate,Self-employed,Married,1,48253.0,748.0,0,LN001698,Home,158893.0,36,13.32,5378.26,17.78,10.0,1,Excellent,Rented,East,Approved,Non-Default
CUST001699,Female,27,Postgraduate,Unemployed,Married,1,24961.0,690.0,1,LN001699,Home,219353.0,36,15.0,7603.94,32.59,7.7,0,Good,Owned,South,Approved,Non-Default
CUST001700,Female,44,Graduate,Salaried,Single,0,139640.0,672.0,2,LN001700,Home,164356.0,36,14.47,5654.89,19.23,5.2,1,Good,Rented,East,Approved,Non-Default
CUST001701,Male,39,Postgraduate,Self-employed,Married,0,18000.0,733.0,2,LN001701,Home,255840.0,36,14.46,8801.27,46.4,6.1,0,Excellent,Mortgage,North,Approved,Non-Default
CUST001702,Female,35,Postgraduate,Self-employed,Married,0,65607.0,656.0,0,LN001702,Auto,417085.0,72,16.32,9120.98,32.16,23.5,0,Good,Rented,West,Approved,Non-Default
CUST001703,Male,40,High School,Salaried,Single,2,36785.0,778.0,2,LN001703,Auto,123529.0,24,12.63,5851.35,27.96,15.7,1,Excellent,Rented,East,Approved,Non-Default
CUST001704,Female,37,Postgraduate,Self-employed,Single,2,38189.0,624.0,2,LN001704,Home,46673.0,24,16.13,2288.16,11.31,7.9,0,Fair,Rented,West,Approved,Default
CUST001705,Male,36,Graduate,Self-employed,Married,2,47268.0,663.0,0,LN001705,Personal,241793.0,24,16.14,11855.12,41.28,3.2,0,Good,Mortgage,West,Approved,Non-Default
CUST001706,Female,45,Graduate,Salaried,Single,1,75541.0,720.0,0,LN001706,Home,161391.0,24,14.24,7767.16,27.4,12.0,0,Excellent,Rented,North,Approved,Non-Default
CUST001707,Female,42,Graduate,,Married,1,43759.0,641.0,1,LN001707,Education,223983.0,60,16.0,5446.83,21.49,2.1,0,Fair,Mortgage,North,Approved,Non-Default
CUST001708,Female,47,Graduate,Salaried,Married,1,95698.0,699.0,2,LN001708,Personal,404321.0,24,16.34,19862.56,42.26,15.1,0,Good,Owned,North,Approved,Non-Default
CUST001709,Female,55,Postgraduate,Salaried,Married,3,40588.0,743.0,0,LN001709,Education,335043.0,36,12.91,11274.4,34.41,14.6,0,Excellent,Owned,East,Approved,Non-Default
CUST001710,Male,42,High School,Self-employed,Single,1,58703.0,623.0,0,LN001710,Home,175568.0,36,13.92,5993.68,17.09,13.7,0,Fair,Owned,South,Approved,Non-Default
CUST001711,Female,29,Graduate,Salaried,Married,2,72269.0,694.0,0,LN001711,Home,218612.0,72,16.21,4767.41,14.62,1.9,0,Good,Owned,South,Approved,Non-Default
CUST001712,Male,46,High School,Salaried,Divorced,0,82688.0,675.0,2,LN001712,Business,218305.0,36,15.48,7619.03,5.0,18.0,0,Good,Mortgage,South,Approved,Non-Default
CUST001713,Female,55,Postgraduate,Salaried,Married,2,41892.0,549.0,3,LN001713,Personal,83928.0,24,17.4,4165.74,23.0,10.4,2,Poor,Rented,North,Approved,Non-Default
CUST001714,Female,45,Postgraduate,Salaried,Married,0,91270.0,698.0,1,LN001714,Personal,106824.0,12,15.95,9689.71,18.72,2.5,0,Good,Rented,North,Approved,Non-Default
CUST001715,Female,28,Graduate,Self-employed,Single,2,53903.0,627.0,0,LN001715,Home,59123.0,24,14.02,2839.22,27.02,13.5,0,Fair,Rented,West,Approved,Non-Default
CUST001716,Male,41,Postgraduate,Salaried,Divorced,3,74133.0,617.0,1,LN001716,Home,392718.0,72,16.17,8555.58,32.69,14.8,0,Fair,Rented,West,Approved,Non-Default
CUST001717,Male,36,Graduate,Salaried,Divorced,2,67823.0,843.0,1,LN001717,Education,280105.0,36,11.68,9260.74,19.22,8.5,0,Excellent,Rented,West,Approved,Non-Default
CUST001718,Female,37,High School,Unemployed,Married,0,58949.0,711.0,1,LN001718,Education,475821.0,24,15.33,23145.64,54.71,3.2,1,Excellent,Owned,North,Approved,Default
CUST001719,Female,42,Graduate,Salaried,Married,2,45470.0,703.0,3,LN001719,Personal,104330.0,36,15.09,3621.23,26.04,10.9,0,Excellent,Rented,North,Approved,Non-Default
CUST001720,Female,39,Graduate,Salaried,Divorced,0,72386.0,701.0,2,LN001720,Education,107890.0,24,16.65,5316.2,26.42,1.1,0,Excellent,Owned,North,Approved,Default
CUST001721,Male,39,Graduate,Self-employed,Single,0,26029.0,634.0,0,LN001721,Business,113281.0,24,17.9,5649.98,37.83,10.8,0,Fair,Rented,East,Approved,Non-Default
CUST001722,Male,29,High School,Self-employed,Married,1,29351.0,781.0,1,LN001722,Home,78674.0,36,14.55,2709.95,8.73,3.2,0,Excellent,Rented,South,Approved,Non-Default
CUST001723,Male,52,Postgraduate,Salaried,Single,1,91991.0,765.0,0,LN001723,Education,322315.0,24,14.27,15516.42,19.36,3.6,1,Excellent,Mortgage,East,Approved,Non-Default
CUST001724,Male,32,Graduate,Salaried,Divorced,0,88840.0,737.0,1,LN001724,Personal,216029.0,12,14.93,19491.28,37.16,6.3,0,Excellent,Owned,North,Approved,Non-Default
CUST001725,Male,50,Graduate,Salaried,Single,1,75923.0,690.0,0,LN001725,Business,222845.0,12,14.92,20105.2,45.91,1.1,0,Good,Rented,South,Approved,Default
CUST001726,Female,41,High School,Salaried,Married,0,28889.0,648.0,0,LN001726,Home,325457.0,36,14.54,11208.9,49.17,0.0,0,Fair,Owned,South,Approved,Non-Default
CUST001727,Male,48,Postgraduate,Salaried,Married,1,69368.0,748.0,2,LN001727,Auto,268847.0,48,14.79,7453.63,28.09,10.1,0,Excellent,Rented,West,Approved,Non-Default
CUST001728,Female,29,Graduate,Salaried,Married,2,37752.0,740.0,1,LN001728,Personal,269139.0,12,14.71,24255.22,75.0,4.0,1,Excellent,Mortgage,South,Approved,Non-Default
CUST001729,Female,34,High School,Unemployed,Single,0,31761.0,677.0,1,LN001729,Personal,324490.0,24,15.85,15864.79,74.97,0.0,1,Good,Rented,South,Approved,Default
CUST001730,Male,39,Graduate,Self-employed,Married,2,59563.0,663.0,1,LN001730,Business,66767.0,12,18.33,6131.69,16.05,8.0,1,Good,Owned,South,Approved,Non-Default
CUST001731,Female,34,Postgraduate,Salaried,Divorced,3,70441.0,822.0,1,LN001731,Education,255437.0,48,10.28,6512.94,20.59,6.1,0,Excellent,Owned,South,Approved,Non-Default
CUST001732,Female,38,High School,Self-employed,Married,0,24071.0,664.0,1,LN001732,Education,51719.0,72,14.11,1068.76,14.49,1.1,0,Good,Mortgage,West,Rejected,Default
CUST001733,Male,30,Graduate,Salaried,Single,1,70806.0,693.0,1,LN001733,Auto,56420.0,36,16.24,1990.25,5.0,18.4,1,Good,Rented,East,Approved,Default
CUST001734,Female,40,High School,Self-employed,Single,2,120817.0,743.0,0,LN001734,Home,402316.0,48,16.03,11407.93,14.8,0.1,0,Excellent,Rented,North,Approved,Non-Default
CUST001735,Male,38,Graduate,Self-employed,Married,2,65903.0,646.0,1,LN001735,Auto,277096.0,36,16.04,9747.35,15.62,15.9,0,Fair,Mortgage,West,Approved,Default
CUST001736,Female,38,High School,Self-employed,Single,0,80253.0,770.0,1,LN001736,Home,260998.0,36,13.57,8865.88,36.21,9.9,0,Excellent,Owned,East,Approved,Non-Default
CUST001737,Female,34,High School,Salaried,Married,0,62032.0,718.0,2,LN001737,Personal,136565.0,36,17.16,4879.8,18.8,10.3,0,Excellent,Rented,West,Approved,Non-Default
CUST001738,Female,44,Graduate,Self-employed,Married,0,22616.0,662.0,1,LN001738,Home,100962.0,72,14.64,2115.15,21.67,6.0,0,Good,Owned,East,Approved,Non-Default
CUST001739,Male,45,Graduate,Salaried,Married,0,97421.0,577.0,0,LN001739,Personal,103775.0,36,17.06,3702.96,13.26,6.2,0,Fair,Rented,West,Approved,Non-Default
CUST001740,Male,31,Graduate,Unemployed,Single,1,43500.0,686.0,0,LN001740,Personal,394699.0,36,15.46,13771.45,39.72,6.5,0,Good,Rented,East,Approved,Non-Default
CUST001741,Male,49,High School,Salaried,Divorced,0,51123.0,577.0,0,LN001741,Home,323724.0,36,14.33,11116.08,31.66,15.5,1,Fair,Mortgage,North,Approved,Default
CUST001742,Male,33,Postgraduate,Salaried,Single,0,70752.0,725.0,2,LN001742,Home,580818.0,60,16.32,14223.31,32.87,0.0,1,Excellent,Owned,West,Approved,Non-Default
CUST001743,Male,30,High School,Salaried,Divorced,1,76703.0,598.0,2,LN001743,Auto,328607.0,48,15.81,9280.87,17.39,21.3,0,Fair,Rented,South,Approved,Non-Default
CUST001744,Male,40,High School,Salaried,Married,1,55267.0,850.0,0,LN001744,Personal,106295.0,24,14.12,5109.56,23.14,16.8,0,Excellent,Mortgage,North,Approved,Non-Default
CUST001745,Male,37,Graduate,Unemployed,Married,0,46995.0,616.0,3,LN001745,Personal,153478.0,24,16.68,7564.72,24.57,0.0,0,Fair,Owned,South,Approved,Non-Default
CUST001746,Male,54,Graduate,Salaried,Single,2,84251.0,637.0,1,LN001746,Education,321630.0,12,14.74,28990.34,38.37,8.6,0,Fair,Mortgage,East,Approved,Non-Default
CUST001747,Male,27,High School,Unemployed,Married,3,39050.0,740.0,1,LN001747,Business,106253.0,72,13.27,2148.11,27.56,14.2,2,Excellent,Rented,East,Approved,Non-Default
CUST001748,Male,30,Graduate,Salaried,Single,3,32879.0,599.0,1,LN001748,Home,69391.0,12,17.32,6339.33,25.7,8.9,0,Fair,Owned,West,Approved,Non-Default
CUST001749,Female,37,High School,Self-employed,Single,1,70371.0,622.0,2,LN001749,Education,145147.0,48,13.73,3946.73,7.19,8.2,0,Fair,Rented,West,Approved,Non-Default
CUST001750,Female,38,High School,Unemployed,Married,1,62639.0,600.0,0,LN001750,Auto,482419.0,36,16.0,16960.42,38.38,3.9,0,Fair,Mortgage,West,Approved,Non-Default
CUST001751,Female,35,Graduate,Self-employed,Married,0,54007.0,681.0,0,LN001751,Auto,131728.0,36,13.04,4440.98,15.89,0.8,0,Good,Rented,West,Approved,Default
CUST001752,Female,50,Graduate,Self-employed,Single,2,73667.0,601.0,1,LN001752,Education,148447.0,48,14.81,4117.11,23.93,5.4,0,Fair,Rented,South,Approved,Non-Default
CUST001753,Female,32,High School,Self-employed,Married,0,75673.0,649.0,0,LN001753,Auto,252200.0,60,13.89,5853.88,10.05,12.8,0,Fair,Owned,West,Approved,Non-Default
CUST001754,Female,33,Graduate,Salaried,Married,0,30732.0,797.0,1,LN001754,Education,217923.0,72,13.75,4461.34,20.11,9.1,0,Excellent,Owned,North,Approved,Default
CUST001755,Female,28,Graduate,Salaried,Single,2,79497.0,809.0,0,LN001755,Auto,157119.0,24,11.38,7350.73,11.36,1.8,0,Excellent,Owned,South,Approved,Non-Default
CUST001756,Male,55,Graduate,Salaried,Married,0,26066.0,589.0,0,LN001756,Personal,101741.0,36,16.23,3588.48,45.71,0.2,0,Fair,Owned,South,Approved,Non-Default
CUST001757,Female,42,High School,Salaried,Married,2,66253.0,604.0,2,LN001757,Personal,161639.0,60,17.62,4071.23,5.0,5.1,0,Fair,Mortgage,South,Approved,Non-Default
CUST001758,Male,29,Graduate,Salaried,Single,0,89244.0,608.0,0,LN001758,Education,344645.0,36,14.46,11856.3,18.36,10.0,0,Fair,Rented,North,Approved,Non-Default
CUST001759,Female,51,High School,Unemployed,Single,0,83061.0,809.0,1,LN001759,Home,301051.0,36,12.14,10019.34,34.1,9.1,0,Excellent,Rented,North,Rejected,Non-Default
CUST001760,Female,52,Graduate,Self-employed,Married,0,24109.0,766.0,2,LN001760,Business,219358.0,36,12.85,7375.2,55.28,13.0,0,Excellent,Owned,West,Approved,Default
CUST001761,Female,42,Graduate,Salaried,Married,1,55100.0,808.0,1,LN001761,Personal,376452.0,72,15.05,7970.31,17.51,2.0,0,Excellent,Rented,West,Approved,Non-Default
CUST001762,Male,35,Postgraduate,Self-employed,Single,1,48846.0,695.0,0,LN001762,Business,51371.0,24,14.29,2473.51,18.68,14.1,0,Good,Rented,West,Approved,Non-Default
CUST001763,Female,28,High School,Self-employed,Single,0,32993.0,742.0,0,LN001763,Personal,26935.0,24,14.69,1302.02,5.0,11.1,1,Excellent,Owned,South,Approved,Non-Default
CUST001764,Male,31,High School,Self-employed,Single,0,47737.0,532.0,2,LN001764,Home,110485.0,24,16.89,5456.79,18.71,6.0,0,Poor,Mortgage,West,Rejected,Non-Default
CUST001765,Male,29,Graduate,Self-employed,Married,2,18000.0,623.0,0,LN001765,Auto,158743.0,12,15.66,14377.36,75.0,5.1,0,Fair,Rented,South,Approved,Default
CUST001766,Male,38,Graduate,Salaried,Single,0,47028.0,643.0,3,LN001766,Auto,103221.0,60,15.4,2477.35,16.67,3.8,0,Fair,Rented,West,Approved,Non-Default
CUST001767,Male,39,High School,Salaried,Married,2,49365.0,745.0,0,LN001767,Auto,574670.0,36,13.54,19512.71,56.13,4.0,1,Excellent,Rented,West,Approved,Non-Default
CUST001768,Male,36,Postgraduate,Salaried,Married,3,29787.0,671.0,3,LN001768,Auto,55852.0,60,15.34,1338.7,10.15,1.8,2,Good,Mortgage,West,Approved,Non-Default
CUST001769,Male,41,Postgraduate,Unemployed,Married,1,102877.0,739.0,3,LN001769,Home,176770.0,36,12.31,5897.5,12.86,5.4,3,Excellent,Rented,South,Approved,Non-Default
CUST001770,Male,52,Postgraduate,Salaried,Married,3,118100.0,689.0,0,LN001770,Auto,352155.0,48,13.46,9528.04,18.27,0.6,1,Good,Rented,East,Approved,Default
CUST001771,Male,45,Postgraduate,Salaried,Married,2,74853.0,682.0,0,LN001771,Home,435233.0,72,14.19,9012.64,27.52,3.7,2,Good,Rented,West,Approved,Non-Default
CUST001772,Male,21,Graduate,Salaried,Single,0,18000.0,702.0,0,LN001772,Education,144488.0,48,14.79,4005.85,45.44,1.4,1,Excellent,Rented,South,Approved,Default
CUST001773,Female,33,Graduate,Self-employed,Single,1,47518.0,770.0,0,LN001773,Personal,205011.0,36,14.0,7006.79,32.39,9.4,1,Excellent,Rented,West,Approved,Non-Default
CUST001774,Female,53,Postgraduate,Salaried,Divorced,2,97563.0,760.0,0,LN001774,Education,155138.0,24,16.57,7638.36,23.35,6.9,0,Excellent,Rented,South,Approved,Non-Default
CUST001775,Female,32,Postgraduate,Salaried,Married,0,68302.0,630.0,1,LN001775,Education,136119.0,36,12.54,4556.29,16.36,6.8,0,Fair,Rented,South,Rejected,Non-Default
CUST001776,Male,51,High School,Self-employed,Single,1,106233.0,617.0,0,LN001776,Education,72532.0,24,17.41,3600.45,24.92,15.8,0,Fair,Owned,West,Approved,Non-Default
CUST001777,Male,43,Graduate,Salaried,Single,0,96413.0,645.0,3,LN001777,Business,120469.0,48,15.41,3377.83,5.0,12.6,1,Fair,Owned,South,Approved,Non-Default
CUST001778,Male,47,High School,Salaried,Divorced,2,62813.0,683.0,1,LN001778,Education,70503.0,36,13.44,2390.49,5.0,12.7,0,Good,Owned,East,Approved,Non-Default
CUST001779,Female,34,Graduate,Salaried,Single,2,74320.0,753.0,0,LN001779,Auto,63628.0,36,13.17,2149.09,5.0,4.4,0,Excellent,Rented,East,Rejected,Non-Default
CUST001780,Female,34,Graduate,Salaried,Single,2,88284.0,662.0,2,LN001780,Auto,100692.0,60,11.76,2227.65,12.39,15.8,0,Good,Mortgage,East,Approved,Non-Default
CUST001781,Female,21,High School,Salaried,Single,1,45426.0,634.0,3,LN001781,Auto,182521.0,12,15.48,16515.41,50.32,9.5,0,Fair,Owned,West,Rejected,Default
CUST001782,Female,51,Graduate,Self-employed,Single,2,45947.0,698.0,3,LN001782,Auto,131601.0,48,14.72,3643.9,21.41,5.1,1,Good,Rented,North,Approved,Non-Default
CUST001783,Male,52,Postgraduate,Unemployed,Married,3,86447.0,723.0,2,LN001783,Personal,433270.0,36,14.7,14955.87,33.84,7.9,0,Excellent,Mortgage,South,Approved,Non-Default
CUST001784,Female,29,Graduate,Salaried,Married,2,44889.0,693.0,0,LN001784,Personal,90543.0,36,17.1,3232.61,20.82,10.4,0,Good,Rented,West,Approved,Non-Default
CUST001785,Male,31,High School,Salaried,Divorced,1,86019.0,788.0,1,LN001785,Business,50793.0,48,13.69,1380.11,5.0,13.0,0,Excellent,Mortgage,South,Approved,Non-Default
CUST001786,Male,47,Graduate,Unemployed,Married,3,38081.0,569.0,1,LN001786,Auto,185055.0,24,15.57,9022.89,35.18,18.0,2,Fair,Mortgage,North,Approved,Default
CUST001787,Female,61,Graduate,Self-employed,Married,0,126447.0,740.0,1,LN001787,Education,198311.0,12,14.03,17808.57,23.46,9.8,0,Excellent,Rented,South,Approved,Non-Default
CUST001788,Male,66,High School,Unemployed,Married,0,53551.0,573.0,1,LN001788,Personal,93413.0,12,17.03,8521.04,28.4,5.3,0,Fair,Rented,North,Approved,Default
CUST001789,Male,25,Graduate,Salaried,Divorced,2,35770.0,686.0,0,LN001789,Education,124491.0,12,16.17,11305.19,40.81,11.1,0,Good,Mortgage,West,Approved,Non-Default
CUST001790,Female,57,Postgraduate,Salaried,Married,0,141735.0,617.0,2,LN001790,Personal,237444.0,60,17.47,5961.27,13.82,9.1,0,Fair,Rented,East,Approved,Non-Default
CUST001791,Male,36,High School,Salaried,Single,1,36047.0,704.0,2,LN001791,Auto,184315.0,36,13.46,6251.22,39.57,3.5,0,Excellent,Rented,East,Approved,Non-Default
CUST001792,Female,45,Graduate,Salaried,Divorced,0,37466.0,641.0,1,LN001792,Auto,304714.0,36,16.26,10752.0,59.08,1.5,0,Fair,Rented,South,Rejected,Non-Default
CUST001793,Female,38,Graduate,Unemployed,Divorced,1,60071.0,750.0,1,LN001793,Home,286333.0,12,12.88,25558.37,42.18,6.8,0,Excellent,Rented,West,Approved,Non-Default
CUST001794,Male,26,High School,Self-employed,Married,2,91431.0,708.0,0,LN001794,Education,65681.0,36,11.13,2154.36,6.47,8.4,0,Excellent,Rented,West,Approved,Non-Default
CUST001795,Female,31,High School,Salaried,Married,1,44512.0,726.0,3,LN001795,Home,54228.0,60,14.16,1266.29,15.22,4.4,0,Excellent,Owned,North,Rejected,Non-Default
CUST001796,Male,57,Graduate,Salaried,Married,1,50382.0,646.0,1,LN001796,Education,108787.0,12,14.0,9767.67,22.21,7.7,1,Fair,Rented,East,Approved,Non-Default
CUST001797,Male,44,High School,Salaried,Single,2,38939.0,621.0,0,LN001797,Personal,88873.0,36,15.35,3096.07,12.84,0.0,0,Fair,Rented,North,Approved,Non-Default
CUST001798,Female,21,Postgraduate,Salaried,Married,1,48884.0,698.0,0,LN001798,Business,301417.0,48,16.04,8548.42,23.3,9.0,2,Good,Owned,North,Approved,Non-Default
CUST001799,Male,46,High School,Salaried,Married,2,99566.0,653.0,1,LN001799,Personal,63177.0,60,16.07,1538.69,9.45,7.0,2,Good,Mortgage,North,Approved,Non-Default
CUST001800,Male,55,Graduate,Unemployed,Married,1,121243.0,679.0,1,LN001800,Auto,136746.0,36,14.44,4702.93,24.06,1.4,0,Good,Rented,South,Approved,Non-Default
CUST001801,Male,38,Postgraduate,Salaried,Married,1,88047.0,664.0,1,LN001801,Business,282790.0,24,16.49,13912.58,20.0,4.2,3,Good,Rented,North,Rejected,Non-Default
CUST001802,Female,57,Postgraduate,Salaried,Married,0,40138.0,670.0,0,LN001802,Auto,296929.0,24,13.63,14204.57,40.81,2.1,0,Good,Mortgage,East,Approved,Default
CUST001803,Female,41,Graduate,Salaried,Married,0,24817.0,650.0,0,LN001803,Personal,119440.0,36,18.83,4367.94,28.24,7.5,0,Good,Rented,East,Approved,Non-Default
CUST001804,Male,34,High School,Salaried,Single,1,63578.0,773.0,2,LN001804,Auto,114559.0,48,13.1,3079.02,5.15,20.1,0,Excellent,Rented,North,Rejected,Non-Default
CUST001805,Female,45,Graduate,Salaried,Divorced,0,95446.0,640.0,2,LN001805,Personal,141634.0,48,16.19,4027.74,20.07,7.8,0,Fair,Rented,West,Rejected,Non-Default
CUST001806,Male,38,High School,Salaried,Married,0,45829.0,828.0,2,LN001806,Education,302634.0,72,13.28,6119.92,16.7,9.4,0,Excellent,Rented,South,Approved,Non-Default
CUST001807,Female,33,Graduate,Salaried,Single,2,54695.0,718.0,2,LN001807,Home,118521.0,12,15.02,10698.62,37.94,11.2,1,Excellent,Rented,South,Approved,Non-Default
CUST001808,Male,42,Postgraduate,Self-employed,Married,1,21822.0,783.0,2,LN001808,Business,443666.0,12,13.06,39639.53,75.0,10.3,0,Excellent,Rented,East,Approved,Non-Default
CUST001809,Female,40,High School,Self-employed,Married,2,52941.0,665.0,2,LN001809,Home,244748.0,60,14.11,5708.82,26.33,10.8,0,Good,Rented,West,Approved,Non-Default
CUST001810,Female,53,Graduate,Salaried,Married,0,23085.0,768.0,0,LN001810,Home,296204.0,60,13.43,6804.93,38.73,6.2,1,Excellent,Rented,West,Approved,Non-Default
CUST001811,Female,26,High School,Salaried,Single,2,81037.0,680.0,1,LN001811,Business,184681.0,48,15.08,5147.3,9.5,9.0,0,Good,Owned,South,Approved,Non-Default
CUST001812,Female,24,Postgraduate,Salaried,Single,2,38540.0,639.0,0,LN001812,Auto,373832.0,36,14.27,12825.77,47.63,8.2,0,Fair,Owned,West,Approved,Non-Default
CUST001813,Female,35,Graduate,Self-employed,Single,2,62752.0,652.0,0,LN001813,Business,148735.0,60,16.05,3620.9,12.86,9.4,2,Good,Owned,North,Approved,Non-Default
CUST001814,Female,35,High School,Salaried,Single,0,57571.0,645.0,1,LN001814,Auto,249102.0,24,15.2,12101.8,31.91,1.7,0,Fair,Mortgage,East,Approved,Non-Default
CUST001815,Female,41,Graduate,Salaried,Divorced,0,53942.0,736.0,0,LN001815,Home,58618.0,48,11.72,1535.59,15.04,10.1,0,Excellent,Owned,North,Approved,Non-Default
CUST001816,Female,39,High School,Salaried,Married,0,37370.0,705.0,3,LN001816,Home,294439.0,24,12.85,13977.43,48.35,6.5,1,Excellent,Rented,North,Rejected,Non-Default
CUST001817,Female,36,Graduate,Salaried,Married,0,24088.0,554.0,1,LN001817,Business,226894.0,48,15.62,6386.17,40.78,12.2,2,Fair,Rented,East,Approved,Default
CUST001818,Female,29,Graduate,Salaried,Single,2,60189.0,744.0,3,LN001818,Business,387817.0,36,13.71,13200.11,39.92,12.7,0,Excellent,Owned,North,Approved,Non-Default
CUST001819,Female,49,Graduate,Salaried,Married,0,98408.0,585.0,0,LN001819,Personal,271764.0,60,17.95,6893.63,21.06,23.5,1,Fair,Mortgage,East,Approved,Non-Default
CUST001820,Male,40,High School,Self-employed,Single,2,50649.0,600.0,1,LN001820,Education,256961.0,48,15.7,7242.93,26.83,4.9,0,Fair,Owned,South,Approved,Non-Default
CUST001821,Male,24,Graduate,Unemployed,Single,2,87797.0,722.0,0,LN001821,Home,158960.0,60,12.41,3569.0,5.0,0.0,0,Excellent,Rented,North,Approved,Non-Default
CUST001822,Female,47,Graduate,Self-employed,Single,0,53077.0,683.0,0,LN001822,Personal,186844.0,36,17.94,6749.24,22.85,14.1,2,Good,Owned,North,Approved,Default
CUST001823,Female,48,Graduate,Salaried,Married,0,58936.0,760.0,1,LN001823,Home,83124.0,72,11.34,1596.7,24.16,19.5,0,Excellent,Rented,North,Approved,Non-Default
CUST001824,Male,40,High School,Self-employed,Married,0,27588.0,658.0,1,LN001824,Auto,262000.0,60,15.88,6354.64,51.37,0.0,0,Good,Rented,West,Approved,Non-Default
CUST001825,Female,44,High School,Salaried,Married,1,34356.0,594.0,2,LN001825,Auto,337395.0,36,14.51,11615.11,41.97,6.5,0,Fair,Rented,East,Approved,Default
CUST001826,Male,47,Graduate,Salaried,Divorced,0,46471.0,754.0,2,LN001826,Auto,140791.0,48,14.25,3865.0,12.96,9.1,0,Excellent,Rented,East,Approved,Non-Default
CUST001827,Female,31,Graduate,Unemployed,Married,1,36024.0,639.0,2,LN001827,Auto,196328.0,48,16.13,5577.07,23.73,8.2,0,Fair,Mortgage,West,Approved,Non-Default
CUST001828,Male,36,Graduate,Salaried,Divorced,1,27801.0,628.0,0,LN001828,Home,65538.0,36,16.2,2310.6,9.31,2.3,1,Fair,Owned,West,Rejected,Non-Default
CUST001829,Male,60,Graduate,Salaried,Married,1,84650.0,735.0,0,LN001829,Business,38015.0,60,15.17,907.77,10.72,6.6,0,Excellent,Owned,South,Approved,Non-Default
CUST001830,Male,27,Graduate,Salaried,Married,1,38579.0,566.0,2,LN001830,Business,20000.0,24,17.47,993.37,15.54,8.7,0,Fair,Owned,East,Approved,Non-Default
CUST001831,Female,42,Graduate,Unemployed,Married,2,28817.0,665.0,0,LN001831,Home,336371.0,60,18.25,8587.42,52.05,12.4,0,Good,Mortgage,North,Approved,Non-Default
CUST001832,Female,25,Graduate,Salaried,Married,0,71583.0,646.0,2,LN001832,Home,125809.0,60,14.95,2989.69,7.28,10.4,0,Fair,Mortgage,South,Approved,Non-Default
CUST001833,Male,48,Postgraduate,Self-employed,Single,2,65466.0,648.0,2,LN001833,Personal,82124.0,36,17.59,2952.12,15.13,7.8,0,Fair,Owned,East,Approved,Non-Default
CUST001834,Male,51,Graduate,Salaried,Divorced,0,89763.0,693.0,2,LN001834,Home,165706.0,24,14.64,8006.21,18.62,12.4,2,Good,Rented,North,Approved,Non-Default
CUST001835,Male,52,Graduate,Salaried,Married,2,115128.0,588.0,1,LN001835,Home,55262.0,60,14.07,1287.86,5.0,12.2,1,Fair,Mortgage,West,Approved,Non-Default
CUST001836,Male,40,Graduate,Salaried,Single,2,40946.0,644.0,2,LN001836,Personal,391694.0,36,16.78,13922.11,38.99,12.2,0,Fair,Rented,North,Approved,Non-Default
CUST001837,Female,41,Graduate,Salaried,Married,2,41148.0,736.0,1,LN001837,Home,140836.0,36,14.63,4856.65,17.99,13.3,0,Excellent,Owned,North,Rejected,Non-Default
CUST001838,Female,35,Graduate,Salaried,Married,2,53598.0,769.0,0,LN001838,Education,222433.0,36,13.64,7563.4,17.51,4.8,2,Excellent,Rented,North,Approved,Non-Default
CUST001839,Female,42,High School,Salaried,Single,2,52312.0,656.0,0,LN001839,Home,82260.0,72,14.42,1713.58,16.58,9.9,0,Good,Mortgage,South,Approved,Non-Default
CUST001840,Female,49,Postgraduate,Salaried,Married,1,47494.0,711.0,0,LN001840,Auto,155427.0,60,14.1,3624.58,13.58,8.2,2,Excellent,Owned,North,Approved,Default
CUST001841,Male,24,Graduate,Salaried,Single,0,46266.0,778.0,0,LN001841,Home,236024.0,36,14.47,8120.72,43.02,15.6,1,Excellent,Mortgage,South,Approved,Non-Default
CUST001842,Male,52,High School,Salaried,Divorced,2,69244.0,657.0,0,LN001842,Personal,243584.0,36,16.97,8680.8,29.76,8.5,0,Good,Mortgage,South,Rejected,Non-Default
CUST001843,Male,39,High School,Self-employed,Married,1,36567.0,764.0,3,LN001843,Personal,435515.0,72,14.44,9077.04,41.68,7.8,2,Excellent,Rented,West,Approved,Default
CUST001844,Female,33,High School,Self-employed,Single,2,77444.0,780.0,2,LN001844,Business,160979.0,36,15.91,5652.39,27.43,10.5,0,Excellent,Rented,North,Approved,Non-Default
CUST001845,Female,48,Graduate,Salaried,Divorced,2,30454.0,799.0,0,LN001845,Business,204399.0,36,13.96,6981.9,35.93,10.5,0,Excellent,Mortgage,East,Rejected,Default
CUST001846,Male,41,High School,Self-employed,Divorced,2,44209.0,667.0,1,LN001846,Home,122535.0,24,13.4,5848.59,39.54,3.8,2,Good,Rented,North,Approved,Default
CUST001847,Male,43,Postgraduate,Salaried,Single,1,54677.0,713.0,1,LN001847,Auto,417452.0,60,12.38,9366.35,36.77,2.0,0,Excellent,Rented,West,Approved,Non-Default
CUST001848,Male,53,Graduate,Self-employed,Married,2,25261.0,768.0,1,LN001848,Home,217687.0,12,14.65,19612.13,75.0,9.3,0,Excellent,Mortgage,East,Approved,Non-Default
CUST001849,Male,24,Postgraduate,Salaried,Married,3,66792.0,725.0,1,LN001849,Personal,255292.0,24,14.97,12374.61,31.78,4.9,0,Excellent,Owned,East,Approved,Non-Default
CUST001850,Female,28,Graduate,Unemployed,Married,0,100039.0,639.0,2,LN001850,Business,325002.0,24,17.93,16214.44,29.29,4.4,0,Fair,Mortgage,West,Approved,Non-Default
CUST001851,Male,27,Graduate,Salaried,Married,2,91779.0,780.0,0,LN001851,Personal,389915.0,12,16.85,35534.35,52.86,7.7,0,Excellent,Rented,West,Approved,Non-Default
CUST001852,Male,47,Postgraduate,Self-employed,Married,0,35113.0,776.0,0,LN001852,Business,208920.0,24,12.73,9905.96,34.84,9.5,0,Excellent,Rented,North,Approved,Non-Default
CUST001853,Male,38,High School,Salaried,Married,2,117016.0,659.0,1,LN001853,Personal,366521.0,24,16.65,18060.05,23.57,3.9,0,Good,Rented,East,Approved,Default
CUST001854,Female,45,High School,Salaried,Married,1,85006.0,772.0,1,LN001854,Education,377831.0,36,14.32,12972.17,24.38,7.3,0,Excellent,Owned,East,Approved,Default
CUST001855,Male,40,Graduate,Salaried,Single,0,104551.0,795.0,0,LN001855,Education,212511.0,72,15.27,4524.77,15.67,9.3,1,Excellent,Owned,South,Approved,Non-Default
CUST001856,Male,51,Graduate,Salaried,Single,2,75239.0,649.0,1,LN001856,Auto,283756.0,48,14.61,7841.16,28.33,12.8,0,Fair,Owned,West,Approved,Non-Default
CUST001857,Female,44,High School,Self-employed,Married,1,70420.0,657.0,1,LN001857,Education,63609.0,48,13.89,1734.7,30.81,9.0,0,Good,Owned,West,Approved,Non-Default
CUST001858,Male,28,High School,Self-employed,Married,2,80643.0,730.0,2,LN001858,Personal,135717.0,24,17.61,6750.0,23.19,0.0,0,Excellent,Owned,West,Approved,Non-Default
CUST001859,Male,27,High School,Salaried,Single,2,18000.0,831.0,0,LN001859,Education,148772.0,24,12.48,7036.61,57.48,15.4,0,Excellent,Owned,East,Approved,Non-Default
CUST001860,Female,51,Graduate,Salaried,Single,1,93698.0,823.0,3,LN001860,Home,213282.0,36,13.92,7281.19,19.39,11.7,2,Excellent,Mortgage,West,Approved,Non-Default
CUST001861,Female,33,High School,Salaried,Divorced,2,25060.0,634.0,0,LN001861,Home,253123.0,36,15.72,8864.1,47.92,0.0,0,Fair,Rented,West,Approved,Non-Default
CUST001862,Male,47,Graduate,Salaried,Married,2,68106.0,682.0,3,LN001862,Business,137656.0,60,12.26,3080.2,18.25,3.0,0,Good,Owned,North,Approved,Non-Default
CUST001863,Female,36,High School,Self-employed,Married,1,61110.0,670.0,0,LN001863,Business,228488.0,60,13.64,5273.97,16.8,9.1,1,Good,Rented,South,Approved,Non-Default
CUST001864,Male,32,Graduate,Self-employed,Single,1,26642.0,703.0,1,LN001864,Home,99878.0,24,15.54,4868.41,19.69,0.0,0,Excellent,Owned,South,Approved,Non-Default
CUST001865,Female,43,High School,Salaried,Divorced,2,57395.0,636.0,1,LN001865,Home,150946.0,24,14.86,7308.83,28.08,22.2,0,Fair,Rented,South,Approved,Non-Default
CUST001866,Female,47,Graduate,Unemployed,Married,0,42887.0,714.0,0,LN001866,Personal,647911.0,12,14.94,58461.01,75.0,16.1,1,Excellent,Rented,South,Approved,Default
CUST001867,Male,45,Graduate,Self-employed,Single,2,73354.0,658.0,0,LN001867,Personal,121032.0,60,14.99,2878.71,16.38,14.7,0,Good,Owned,South,Rejected,Non-Default
CUST001868,Female,42,Graduate,Self-employed,Married,0,29030.0,698.0,1,LN001868,Home,161821.0,48,15.4,4536.48,28.3,13.9,0,Good,Owned,South,Approved,Non-Default
CUST001869,Male,48,High School,Unemployed,Married,2,49883.0,616.0,0,LN001869,Home,178264.0,36,15.95,6262.83,29.56,17.0,0,Fair,Owned,East,Approved,Non-Default
CUST001870,Female,41,Postgraduate,Self-employed,Married,0,66017.0,644.0,3,LN001870,Home,514557.0,48,16.38,14683.03,41.31,8.8,0,Fair,Mortgage,East,Approved,Non-Default
CUST001871,Female,48,Graduate,Self-employed,Single,1,35799.0,640.0,2,LN001871,Personal,58605.0,36,15.85,2056.04,17.9,1.5,0,Fair,Mortgage,East,Approved,Non-Default
CUST001872,Male,43,Graduate,Salaried,Married,0,66937.0,691.0,0,LN001872,Home,80088.0,36,15.14,2781.77,15.19,13.1,2,Good,Rented,South,Approved,Default
CUST001873,Female,43,Postgraduate,Salaried,Married,1,63546.0,677.0,2,LN001873,Home,523916.0,36,16.14,18455.56,41.2,19.4,0,Good,Rented,South,Rejected,Non-Default
CUST001874,Male,54,Graduate,Salaried,Single,0,185526.0,625.0,1,LN001874,Education,423621.0,48,15.42,11880.08,20.61,4.3,0,Fair,Mortgage,South,Approved,Default
CUST001875,Male,39,Postgraduate,Salaried,Single,0,63790.0,677.0,0,LN001875,Education,138532.0,36,15.24,4818.55,19.26,16.7,1,Good,Mortgage,West,Approved,Non-Default
CUST001876,Female,31,Postgraduate,Salaried,Single,3,64059.0,808.0,1,LN001876,Personal,48406.0,36,14.86,1674.69,13.58,14.8,2,Excellent,Rented,East,Approved,Default
CUST001877,Male,41,High School,Unemployed,Married,2,37780.0,623.0,1,LN001877,Home,213919.0,48,15.75,6035.17,20.85,5.5,0,Fair,Owned,East,Approved,Non-Default
CUST001878,Male,21,Postgraduate,Unemployed,Single,0,55266.0,828.0,0,LN001878,Home,104378.0,48,13.3,2815.77,22.22,7.1,0,Excellent,Owned,West,Approved,Non-Default
CUST001879,Male,57,Graduate,Self-employed,Married,0,49861.0,654.0,1,LN001879,Personal,106961.0,12,15.2,9664.22,25.46,0.0,2,Good,Rented,West,Approved,Non-Default
CUST001880,Female,47,Graduate,Salaried,Single,1,20840.0,745.0,2,LN001880,Business,135969.0,48,12.94,3643.66,23.56,0.9,0,Excellent,Owned,South,Approved,Non-Default
CUST001881,Female,34,High School,Self-employed,Married,1,61098.0,652.0,0,LN001881,Auto,220739.0,24,16.75,10887.34,32.44,11.7,0,Good,Owned,North,Approved,Non-Default
CUST001882,Female,54,Graduate,Self-employed,Married,0,30594.0,545.0,2,LN001882,Home,455453.0,24,16.3,22365.74,75.0,15.5,2,Poor,Rented,South,Approved,Default
CUST001883,Female,69,Postgraduate,Salaried,Single,0,59064.0,661.0,0,LN001883,Education,130446.0,36,16.2,4598.99,6.74,4.7,0,Good,Rented,South,Approved,Non-Default
CUST001884,Female,33,High School,Salaried,Married,2,104327.0,749.0,0,LN001884,Personal,147210.0,36,13.4,4988.5,9.06,7.1,0,Excellent,Owned,North,Approved,Non-Default
CUST001885,Female,35,Graduate,Salaried,Single,0,57382.0,569.0,0,LN001885,Personal,101177.0,12,18.14,9282.65,21.52,4.1,1,Fair,Owned,West,Approved,Default
CUST001886,Female,47,High School,Salaried,Married,0,43503.0,755.0,1,LN001886,Home,145453.0,72,13.09,2926.75,13.65,0.0,0,Excellent,Owned,East,Approved,Non-Default
CUST001887,Female,21,Graduate,Self-employed,Married,1,21086.0,634.0,1,LN001887,Home,98865.0,24,13.8,4737.46,18.63,2.8,0,Fair,Owned,East,Approved,Non-Default
CUST001888,Male,59,Graduate,Self-employed,Married,1,62714.0,657.0,1,LN001888,Education,50586.0,12,15.8,4584.92,17.01,13.3,1,Good,Owned,North,Approved,Non-Default
CUST001889,Female,35,Graduate,Self-employed,Single,0,48928.0,748.0,2,LN001889,Personal,578549.0,60,16.93,14356.67,41.94,5.9,0,Excellent,Rented,North,Approved,Non-Default
CUST001890,Female,38,Graduate,Salaried,Married,3,118117.0,603.0,1,LN001890,Auto,109795.0,24,15.17,5332.46,14.15,4.6,0,Fair,Rented,South,Approved,Non-Default
CUST001891,Male,42,Graduate,Salaried,Married,0,119275.0,715.0,2,LN001891,Education,403771.0,24,11.63,18937.21,26.8,15.0,2,Excellent,Mortgage,South,Approved,Non-Default
CUST001892,Female,37,High School,Self-employed,Married,3,35493.0,757.0,1,LN001892,Business,212814.0,36,15.29,7407.53,35.01,1.8,0,Excellent,Owned,North,Approved,Non-Default
CUST001893,Female,32,High School,Salaried,Single,2,62046.0,688.0,1,LN001893,Personal,295855.0,60,18.28,7557.91,30.71,13.0,1,Good,Rented,North,Approved,Non-Default
CUST001894,Male,40,Postgraduate,Salaried,Married,1,88914.0,746.0,2,LN001894,Home,99732.0,72,13.71,2039.6,14.93,7.4,0,Excellent,Owned,North,Approved,Non-Default
CUST001895,Male,48,Postgraduate,Self-employed,Married,0,48538.0,755.0,0,LN001895,Home,131277.0,60,12.81,2974.2,19.21,16.2,0,Excellent,Rented,South,Rejected,Non-Default
CUST001896,Male,34,Postgraduate,Self-employed,Single,0,59675.0,638.0,3,LN001896,Home,285584.0,12,16.34,25957.25,63.76,7.6,0,Fair,Rented,North,Approved,Default
CUST001897,Male,40,Graduate,Salaried,Married,0,93531.0,612.0,0,LN001897,Personal,119403.0,72,15.93,2585.47,5.73,25.0,1,Fair,Rented,South,Approved,Default
CUST001898,Male,30,Graduate,Salaried,Married,0,20515.0,689.0,0,LN001898,Personal,211243.0,60,16.27,5167.37,34.34,9.8,0,Good,Rented,West,Approved,Non-Default
CUST001899,Male,39,High School,Self-employed,Single,0,39732.0,801.0,2,LN001899,Auto,114994.0,36,12.77,3861.88,19.64,17.6,0,Excellent,Owned,North,Approved,Non-Default
CUST001900,Female,38,High School,Salaried,Married,0,70481.0,724.0,1,LN001900,Home,119528.0,72,14.82,2515.75,18.39,9.1,0,Excellent,Owned,West,Approved,Non-Default
CUST001901,Female,39,Graduate,Salaried,Single,3,45689.0,660.0,2,LN001901,Home,319527.0,60,14.38,7497.93,19.31,15.6,1,Good,Mortgage,South,Approved,Non-Default
CUST001902,Female,39,High School,Unemployed,Married,1,54060.0,737.0,1,LN001902,Education,370504.0,12,13.94,33256.03,75.0,10.4,0,Excellent,Rented,West,Approved,Non-Default
CUST001903,Female,39,Graduate,Salaried,Married,3,35786.0,663.0,3,LN001903,Business,237443.0,36,16.28,8380.65,37.22,4.4,0,Good,Owned,North,Approved,Non-Default
CUST001904,Female,32,Graduate,Salaried,Single,0,78293.0,677.0,0,LN001904,Education,187897.0,12,13.94,16865.43,28.74,11.2,0,Good,Rented,West,Approved,Non-Default
CUST001905,Male,23,Graduate,Salaried,Single,0,116287.0,702.0,0,LN001905,Education,176210.0,60,15.31,4220.75,16.54,11.3,0,Excellent,Owned,North,Approved,Non-Default
CUST001906,Male,43,Graduate,Self-employed,Single,0,25706.0,650.0,1,LN001906,Personal,1398888.0,48,16.11,39723.73,75.0,15.6,0,Good,Mortgage,West,Approved,Non-Default
CUST001907,Male,33,Postgraduate,Self-employed,Divorced,2,34295.0,695.0,1,LN001907,Education,123879.0,48,12.12,3269.51,20.27,11.1,2,Good,Rented,North,Approved,Default
CUST001908,Female,38,High School,Salaried,Single,0,55963.0,680.0,1,LN001908,Personal,210226.0,60,17.16,5242.76,29.33,8.6,0,Good,Mortgage,West,Approved,Default
CUST001909,Male,21,Graduate,Salaried,Single,1,91026.0,708.0,1,LN001909,Home,113697.0,48,13.34,3069.43,18.87,8.0,0,Excellent,Rented,South,Approved,Non-Default
CUST001910,Male,41,High School,Unemployed,Single,1,105231.0,633.0,2,LN001910,Auto,81974.0,72,16.22,1788.11,5.0,0.0,1,Fair,Rented,East,Approved,Non-Default
CUST001911,Male,30,High School,Unemployed,Single,0,20906.0,703.0,2,LN001911,Auto,98112.0,36,14.67,3385.25,28.67,10.8,0,Excellent,Rented,East,Approved,Non-Default
CUST001912,Male,54,Graduate,Salaried,Married,2,46841.0,691.0,0,LN001912,Home,333552.0,60,14.59,7863.57,19.51,2.0,0,Good,Rented,East,Approved,Non-Default
CUST001913,Female,45,Postgraduate,Unemployed,Married,1,62170.0,646.0,0,LN001913,Personal,119421.0,24,15.77,5834.11,8.23,11.3,2,Fair,Owned,North,Approved,Non-Default
CUST001914,Female,57,Postgraduate,Self-employed,Married,3,34029.0,728.0,1,LN001914,Personal,92935.0,60,14.3,2176.92,14.88,14.2,0,Excellent,Rented,East,Approved,Non-Default
CUST001915,Female,28,High School,Salaried,Single,1,58879.0,675.0,1,LN001915,Auto,295150.0,36,14.27,10126.28,22.48,0.0,0,Good,Owned,South,Approved,Non-Default
CUST001916,Female,34,Graduate,Salaried,Single,3,46534.0,739.0,0,LN001916,Home,306399.0,36,13.86,10451.17,32.8,13.1,2,Excellent,Rented,North,Rejected,Non-Default
CUST001917,Male,43,Graduate,Unemployed,Single,1,107431.0,740.0,1,LN001917,Education,201554.0,60,12.95,4580.82,10.6,3.2,1,Excellent,Owned,North,Approved,Non-Default
CUST001918,Female,51,Graduate,Salaried,Married,1,70946.0,680.0,3,LN001918,Personal,346965.0,24,18.1,17338.69,31.3,9.2,0,Good,Rented,West,Approved,Non-Default
CUST001919,Female,36,Graduate,Salaried,Married,1,27326.0,811.0,0,LN001919,Home,204685.0,48,14.08,5601.54,37.4,14.5,0,Excellent,Owned,North,Approved,Non-Default
CUST001920,Female,43,Graduate,Self-employed,Married,1,118068.0,622.0,1,LN001920,Home,183689.0,48,17.53,5350.86,8.51,4.9,0,Fair,Rented,North,Approved,Non-Default
CUST001921,Female,34,Graduate,Self-employed,Married,2,55320.0,702.0,2,LN001921,Personal,252388.0,60,16.58,6215.64,17.38,8.7,1,Excellent,Rented,South,Approved,Non-Default
CUST001922,Male,32,Graduate,Salaried,Married,1,30249.0,615.0,3,LN001922,Education,196998.0,24,16.27,9671.07,48.11,6.3,1,Fair,Mortgage,South,Approved,Default
CUST001923,Female,27,Graduate,Salaried,Single,0,79626.0,797.0,2,LN001923,Home,121252.0,48,10.83,3123.82,23.99,11.2,0,Excellent,Mortgage,North,Rejected,Non-Default
CUST001924,Female,56,High School,Self-employed,Single,2,112288.0,751.0,1,LN001924,Auto,268160.0,24,15.52,13068.53,5.62,14.4,0,Excellent,Owned,West,Approved,Default
CUST001925,Female,31,High School,Unemployed,Married,2,56934.0,801.0,0,LN001925,Home,1114945.0,72,12.73,22222.95,53.81,14.4,0,Excellent,Owned,South,Approved,Default
CUST001926,Female,31,Graduate,Salaried,Divorced,0,39572.0,696.0,1,LN001926,Home,64755.0,48,14.15,1774.4,8.01,8.0,0,Good,Mortgage,South,Approved,Non-Default
CUST001927,Male,34,Graduate,Salaried,Single,3,31823.0,687.0,2,LN001927,Personal,155486.0,36,16.0,5466.43,20.69,7.4,0,Good,Rented,South,Approved,Non-Default
CUST001928,Male,33,Postgraduate,Self-employed,Married,0,79796.0,668.0,0,LN001928,Auto,245532.0,60,15.02,5843.77,11.82,12.6,0,Good,Owned,East,Approved,Non-Default
CUST001929,Male,43,Graduate,Salaried,Married,1,65984.0,695.0,1,LN001929,Personal,179732.0,36,15.86,6306.43,23.28,17.2,0,Good,Mortgage,South,Approved,Non-Default
CUST001930,Male,26,Postgraduate,Self-employed,Married,1,121511.0,707.0,0,LN001930,Auto,135076.0,36,14.45,4646.15,5.02,16.2,1,Excellent,Mortgage,North,Approved,Non-Default
CUST001931,Female,29,High School,Salaried,Married,0,61292.0,721.0,1,LN001931,Home,287684.0,36,13.78,9801.65,28.64,3.0,0,Excellent,Mortgage,North,Approved,Non-Default
CUST001932,Female,24,Postgraduate,Salaried,Married,0,73601.0,583.0,2,LN001932,Personal,82089.0,60,18.46,2105.12,7.23,7.4,0,Fair,Mortgage,West,Approved,Non-Default
CUST001933,Female,39,Postgraduate,Salaried,Single,1,55768.0,755.0,0,LN001933,Auto,157764.0,36,13.6,5361.4,18.5,6.5,0,Excellent,Rented,South,Rejected,Non-Default
CUST001934,Female,35,High School,Salaried,Divorced,0,54836.0,716.0,3,LN001934,Business,143814.0,24,14.13,6913.76,32.22,3.3,0,Excellent,Rented,North,Approved,Default
CUST001935,Female,22,Graduate,Self-employed,Single,2,91586.0,706.0,0,LN001935,Home,120298.0,36,13.45,4079.44,17.04,5.0,0,Excellent,Rented,South,Approved,Default
CUST001936,Female,27,Graduate,Salaried,Divorced,2,82638.0,660.0,0,LN001936,Business,115241.0,24,17.08,5702.21,16.44,10.7,1,Good,Owned,East,Approved,Non-Default
CUST001937,Female,38,Graduate,Salaried,Single,2,48153.0,789.0,1,LN001937,Education,107743.0,48,14.77,2986.02,8.67,16.1,0,Excellent,Rented,East,Rejected,Non-Default
CUST001938,Female,47,Postgraduate,Salaried,Single,0,22149.0,715.0,0,LN001938,Personal,97997.0,48,15.21,2737.77,16.23,5.7,0,Excellent,Owned,South,Rejected,Non-Default
CUST001939,Male,45,High School,Self-employed,Married,2,39777.0,704.0,1,LN001939,Personal,277433.0,60,16.47,6816.11,18.11,0.0,0,Excellent,Owned,North,Approved,Non-Default
CUST001940,Male,46,Graduate,Salaried,Single,1,79155.0,667.0,1,LN001940,Personal,459202.0,24,14.81,22223.74,54.87,7.0,0,Good,Mortgage,North,Rejected,Non-Default
CUST001941,Female,44,Graduate,Salaried,Single,2,30260.0,640.0,3,LN001941,Home,111715.0,60,15.43,2682.97,25.15,13.7,1,Fair,Mortgage,West,Rejected,Non-Default
CUST001942,Female,33,Graduate,Salaried,Married,1,44056.0,739.0,1,LN001942,Business,307438.0,36,15.67,10758.59,34.53,0.0,0,Excellent,Mortgage,East,Approved,Non-Default
CUST001943,Female,37,Graduate,Salaried,Married,1,53193.0,744.0,1,LN001943,Personal,296650.0,24,17.52,14741.28,41.99,23.1,0,Excellent,Rented,South,Approved,Non-Default
CUST001944,Male,44,Postgraduate,Self-employed,Married,0,41109.0,529.0,0,LN001944,Home,180726.0,12,15.8,16380.33,55.95,6.1,0,Poor,Owned,West,Rejected,Non-Default
CUST001945,Male,32,Graduate,Salaried,Divorced,2,26335.0,637.0,0,LN001945,Education,249573.0,24,12.98,11862.81,63.81,12.8,0,Fair,Owned,West,Approved,Default
CUST001946,Male,42,Postgraduate,Salaried,Married,2,46433.0,741.0,0,LN001946,Business,137188.0,36,12.66,4599.97,31.16,7.0,0,Excellent,Owned,West,Approved,Non-Default
CUST001947,Female,57,Graduate,Self-employed,Married,0,90200.0,539.0,0,LN001947,Business,291721.0,12,15.64,26418.42,41.61,14.7,1,Poor,Rented,North,Approved,Default
CUST001948,Female,32,Graduate,Salaried,Married,0,85753.0,700.0,1,LN001948,Education,97236.0,36,14.07,3326.6,12.97,7.6,1,Excellent,Rented,South,Approved,Non-Default
CUST001949,Female,52,Graduate,Self-employed,Single,3,70398.0,703.0,0,LN001949,Home,169127.0,24,15.65,8252.73,27.33,0.0,0,Excellent,Mortgage,South,Approved,Non-Default
CUST001950,Female,29,Postgraduate,Self-employed,Single,0,59041.0,531.0,1,LN001950,Personal,159675.0,36,17.89,5763.83,18.56,6.6,0,Poor,Rented,North,Approved,Default
CUST001951,Male,46,High School,Salaried,Divorced,0,59842.0,770.0,0,LN001951,Personal,150436.0,36,15.97,5286.66,20.05,3.3,0,Excellent,Rented,West,Rejected,Non-Default
CUST001952,Female,23,Postgraduate,Self-employed,Single,2,34061.0,730.0,0,LN001952,Personal,221229.0,36,14.35,7598.74,43.07,15.6,0,Excellent,Rented,South,Approved,Non-Default
CUST001953,Female,26,Postgraduate,Self-employed,Married,2,55250.0,758.0,0,LN001953,Personal,209522.0,60,15.18,5004.33,14.86,0.3,1,Excellent,Owned,North,Approved,Non-Default
CUST001954,Female,47,Postgraduate,Self-employed,Single,1,53712.0,659.0,1,LN001954,Home,151936.0,72,13.54,3093.45,27.73,1.9,0,Good,Owned,South,Approved,Non-Default
CUST001955,Male,56,Graduate,Unemployed,Single,0,57340.0,668.0,2,LN001955,Personal,137519.0,72,16.72,3037.82,17.06,8.0,1,Good,Owned,South,Approved,Non-Default
CUST001956,Male,46,High School,Salaried,Married,0,45686.0,703.0,2,LN001956,Personal,273412.0,36,14.95,9471.22,26.45,0.0,1,Excellent,Owned,West,Approved,Non-Default
CUST001957,Female,45,Graduate,Self-employed,Married,3,101346.0,670.0,1,LN001957,Business,145192.0,48,17.19,4203.81,15.6,0.0,1,Good,Mortgage,South,Approved,Non-Default
CUST001958,Female,52,Postgraduate,Unemployed,Single,2,133664.0,628.0,0,LN001958,Personal,219195.0,72,17.82,4977.08,11.02,18.9,2,Fair,Rented,East,Approved,Non-Default
CUST001959,Male,50,Graduate,Salaried,Married,0,33147.0,622.0,3,LN001959,Personal,218621.0,36,18.21,7926.72,32.64,18.1,0,Fair,Owned,East,Approved,Non-Default
CUST001960,Female,41,Graduate,Salaried,Married,0,56188.0,710.0,0,LN001960,Home,153324.0,60,11.95,3406.73,26.43,5.9,1,Excellent,Rented,North,Approved,Non-Default
CUST001961,Female,44,Postgraduate,Salaried,Married,2,50505.0,618.0,1,LN001961,Home,144394.0,24,16.22,7085.17,20.78,7.2,0,Fair,Mortgage,North,Approved,Non-Default
CUST001962,Female,42,Graduate,Unemployed,Married,0,18136.0,709.0,2,LN001962,Personal,202181.0,48,17.6,5896.89,46.46,15.9,0,Excellent,Mortgage,East,Approved,Non-Default
CUST001963,Female,45,High School,Salaried,Married,1,70989.0,723.0,0,LN001963,Personal,447106.0,48,16.45,12774.39,41.75,16.1,1,Excellent,Owned,South,Approved,Default
CUST001964,Female,45,High School,Salaried,Divorced,1,57719.0,672.0,0,LN001964,Business,273351.0,36,16.85,9725.31,27.58,11.7,1,Good,Mortgage,East,Approved,Default
CUST001965,Female,31,High School,Self-employed,Married,0,43289.0,790.0,0,LN001965,Home,360852.0,36,13.28,12207.25,40.98,7.3,0,Excellent,Rented,South,Rejected,Non-Default
CUST001966,Male,41,Postgraduate,Salaried,Married,2,31712.0,570.0,1,LN001966,Home,290659.0,24,15.65,14183.01,64.51,4.9,2,Fair,Owned,North,Approved,Default
CUST001967,Male,33,High School,Self-employed,Married,2,43169.0,718.0,0,LN001967,Home,73252.0,36,14.54,2522.83,26.69,14.2,2,Excellent,Mortgage,West,Approved,Non-Default
CUST001968,Male,28,Graduate,Unemployed,Single,2,45637.0,741.0,0,LN001968,Education,307540.0,48,12.35,8151.66,25.89,16.6,0,Excellent,Rented,South,Approved,Non-Default
CUST001969,Male,54,Graduate,Salaried,Divorced,1,50170.0,636.0,2,LN001969,Education,144415.0,60,15.98,3510.36,21.51,10.8,0,Fair,Rented,East,Rejected,Non-Default
CUST001970,Male,33,High School,Self-employed,Married,3,63795.0,725.0,1,LN001970,Education,341290.0,72,11.17,6525.9,25.9,9.5,1,Excellent,Owned,West,Approved,Non-Default
CUST001971,Male,52,Graduate,Self-employed,Single,1,26163.0,652.0,0,LN001971,Auto,181637.0,24,15.3,8832.88,44.07,5.7,0,Good,Rented,North,Approved,Default
CUST001972,Female,46,High School,Self-employed,Single,1,36473.0,694.0,0,LN001972,Auto,52457.0,48,14.35,1442.69,26.69,8.9,1,Good,Owned,South,Rejected,Default
CUST001973,Male,46,High School,Salaried,Divorced,0,49515.0,596.0,2,LN001973,Education,232165.0,36,13.29,7855.03,38.45,8.3,0,Fair,Owned,West,Approved,Non-Default
CUST001974,Male,46,High School,Self-employed,Single,3,57736.0,724.0,3,LN001974,Personal,88266.0,36,15.34,3074.49,22.5,12.7,0,Excellent,Mortgage,East,Approved,Non-Default
CUST001975,Male,29,Graduate,Salaried,Single,0,41498.0,688.0,2,LN001975,Home,75152.0,60,14.62,1772.91,18.21,9.7,0,Good,Rented,West,Rejected,Non-Default
CUST001976,Male,60,High School,Unemployed,Single,1,45192.0,692.0,1,LN001976,Home,335250.0,24,15.51,16336.5,49.37,9.0,0,Good,Owned,East,Approved,Non-Default
CUST001977,Female,49,Postgraduate,Self-employed,Married,0,57534.0,850.0,2,LN001977,Auto,173833.0,36,12.02,5775.4,16.35,13.0,0,Excellent,Owned,North,Approved,Non-Default
CUST001978,Female,46,Graduate,Unemployed,Single,2,86701.0,769.0,1,LN001978,Personal,752172.0,60,14.47,17685.54,41.22,8.2,0,Excellent,Owned,East,Approved,Non-Default
CUST001979,Female,36,High School,Salaried,Married,0,124587.0,704.0,0,LN001979,Business,214037.0,60,16.66,5280.32,19.66,7.7,0,Excellent,Rented,South,Rejected,Non-Default
CUST001980,Female,50,Graduate,Self-employed,Single,1,39015.0,597.0,3,LN001980,Home,135877.0,36,16.31,4797.85,20.45,8.7,0,Fair,Owned,West,Approved,Non-Default
CUST001981,Female,33,High School,Salaried,Single,1,43162.0,655.0,1,LN001981,Auto,333917.0,36,14.65,11518.19,54.27,12.5,0,Good,Owned,South,Rejected,Non-Default
CUST001982,Female,49,Graduate,Salaried,Single,2,114373.0,624.0,1,LN001982,Home,280829.0,60,16.23,6863.58,9.98,9.9,0,Fair,Mortgage,South,Approved,Non-Default
CUST001983,Female,42,Graduate,Self-employed,Single,1,76926.0,694.0,2,LN001983,Auto,198479.0,36,16.7,7046.72,27.03,15.0,0,Good,Rented,East,Rejected,Non-Default
CUST001984,Male,28,High School,Salaried,Single,1,34223.0,681.0,0,LN001984,Home,145236.0,24,14.03,6975.26,38.17,6.8,0,Good,Rented,South,Approved,Non-Default
CUST001985,Male,52,Postgraduate,Salaried,Single,0,59701.0,782.0,2,LN001985,Personal,148176.0,48,15.46,4158.48,34.43,14.1,0,Excellent,Rented,West,Approved,Non-Default
CUST001986,Female,35,High School,Salaried,Married,2,82880.0,698.0,3,LN001986,Personal,158989.0,12,17.3,14523.2,44.02,11.4,2,Good,Mortgage,North,Rejected,Non-Default
CUST001987,Female,38,Graduate,Salaried,Married,2,87564.0,758.0,3,LN001987,Personal,335962.0,24,15.11,16307.23,25.68,11.4,0,Excellent,Rented,East,Approved,Non-Default
CUST001988,Male,32,Graduate,Self-employed,Married,2,74313.0,611.0,2,LN001988,Education,144561.0,36,13.82,4928.12,29.88,21.6,0,Fair,Rented,South,Approved,Non-Default
CUST001989,Male,23,Graduate,Unemployed,Married,0,45051.0,634.0,1,LN001989,Personal,103620.0,36,16.88,3688.15,20.43,2.3,0,Fair,Mortgage,West,Rejected,Non-Default
CUST001990,Female,35,Postgraduate,Salaried,Divorced,3,31480.0,743.0,0,LN001990,Auto,256011.0,36,13.81,8726.24,43.49,5.1,0,Excellent,Mortgage,West,Approved,Non-Default
CUST001991,Male,31,High School,Salaried,Married,2,76812.0,707.0,1,LN001991,Business,70449.0,36,13.98,2407.1,5.88,12.7,0,Excellent,Mortgage,East,Approved,Default
CUST001992,Female,31,Graduate,Unemployed,Divorced,0,39492.0,703.0,1,LN001992,Personal,743288.0,36,17.19,26570.58,75.0,12.4,0,Excellent,Rented,East,Approved,Default
CUST001993,Female,21,Graduate,Salaried,Married,0,58181.0,722.0,0,LN001993,Home,146368.0,24,13.02,6959.98,15.03,12.1,0,Excellent,Owned,North,Approved,Non-Default
CUST001994,Male,45,High School,Salaried,Single,1,60563.0,699.0,1,LN001994,Home,48759.0,60,14.86,1156.39,5.91,0.2,1,Good,Rented,North,Approved,Default
CUST001995,Female,42,Graduate,Salaried,Divorced,0,114512.0,670.0,2,LN001995,Auto,466072.0,36,15.38,16243.4,15.15,7.7,1,Good,Rented,South,Approved,Non-Default
CUST001996,Male,36,High School,Salaried,Married,0,43144.0,639.0,3,LN001996,Auto,112517.0,12,14.59,10133.84,43.28,6.2,0,Fair,Owned,North,Approved,Non-Default
CUST001997,Female,31,Postgraduate,Salaried,Married,2,31284.0,763.0,0,LN001997,Auto,176838.0,36,15.21,6148.35,26.86,5.4,0,Excellent,Owned,South,Approved,Default
CUST001998,Male,47,Graduate,Salaried,Single,0,41838.0,678.0,1,LN001998,Personal,137041.0,60,14.72,3240.09,19.46,5.0,0,Good,Mortgage,East,Approved,Non-Default
CUST001999,Female,31,Graduate,Salaried,Married,3,101892.0,661.0,0,LN001999,Home,64094.0,60,15.25,1533.22,5.93,5.3,0,Good,Mortgage,South,Rejected,Default
CUST002000,Female,30,Graduate,Salaried,Married,1,55524.0,760.0,2,LN002000,Personal,253349.0,24,15.57,12352.77,36.25,8.6,1,Excellent,Rented,South,Approved,Default
CUST002001,Male,22,High School,Self-employed,Married,0,43403.0,759.0,2,LN002001,Personal,191184.0,72,14.58,3999.11,28.72,12.9,0,Excellent,Rented,South,Approved,Non-Default
CUST002002,Female,54,High School,Salaried,Married,3,63718.0,639.0,0,LN002002,Home,665557.0,60,16.12,16227.52,49.33,0.0,0,Fair,Owned,West,Approved,Non-Default
CUST002003,Female,35,Postgraduate,Unemployed,Single,1,51061.0,677.0,1,LN002003,Education,498511.0,36,15.83,17484.36,61.0,0.7,0,Good,Owned,East,Approved,Non-Default
CUST002004,Female,48,Graduate,Salaried,Single,1,37154.0,603.0,1,LN002004,Home,373768.0,36,13.79,12736.41,49.85,13.9,1,Fair,Rented,North,Approved,Default
CUST002005,Male,44,Graduate,Unemployed,Married,3,52237.0,653.0,0,LN002005,Auto,153717.0,36,14.5,5291.09,24.25,5.6,2,Good,Owned,North,Approved,Non-Default
CUST002006,Male,26,Postgraduate,Self-employed,Married,1,49334.0,758.0,1,LN002006,Personal,486342.0,48,16.19,13830.44,32.77,10.3,0,Excellent,Owned,South,Approved,Non-Default
CUST002007,Male,41,Graduate,Salaried,Single,3,46596.0,671.0,2,LN002007,Auto,124435.0,24,14.62,6010.99,37.75,10.5,0,Good,Owned,East,Approved,Non-Default
CUST002008,Female,42,Graduate,Salaried,Married,2,33005.0,601.0,1,LN002008,Personal,303384.0,48,18.89,9053.62,45.15,3.5,0,Fair,Rented,North,Rejected,Non-Default
CUST002009,Female,50,Graduate,Self-employed,Married,2,67436.0,600.0,1,LN002009,Personal,1153151.0,60,16.45,28318.86,61.42,1.8,0,Fair,Owned,West,Approved,Non-Default
CUST002010,Female,38,High School,Unemployed,Married,0,50197.0,621.0,3,LN002010,Home,337334.0,48,16.53,9651.95,27.62,0.9,1,Fair,Mortgage,South,Approved,Non-Default
CUST002011,Female,41,High School,Self-employed,Married,1,71647.0,657.0,0,LN002011,Education,397774.0,24,15.44,19369.99,41.68,11.2,0,Good,Rented,North,Approved,Default
CUST002012,Female,36,Graduate,Salaried,Divorced,1,59892.0,751.0,0,LN002012,Auto,167853.0,24,13.0,7980.04,27.08,8.9,1,Excellent,Owned,West,Approved,Non-Default
CUST002013,Male,41,Graduate,Self-employed,Single,2,82549.0,805.0,2,LN002013,Home,107676.0,36,11.29,3539.98,15.63,0.0,0,Excellent,Rented,West,Approved,Non-Default
CUST002014,Male,41,High School,Salaried,Single,3,47124.0,640.0,1,LN002014,Personal,682625.0,48,17.12,19739.58,66.29,9.7,1,Fair,Owned,East,Approved,Non-Default
CUST002015,Female,37,High School,Salaried,Married,2,34935.0,617.0,0,LN002015,Auto,97208.0,60,14.98,2311.55,19.69,0.0,0,Fair,Owned,West,Rejected,Default
CUST002016,Female,51,High School,Self-employed,Married,3,37089.0,647.0,0,LN002016,Personal,200807.0,12,16.3,18247.91,69.8,14.8,0,Fair,Owned,West,Approved,Non-Default
CUST002017,Male,33,Graduate,Salaried,Single,0,45052.0,620.0,0,LN002017,Education,254161.0,36,15.89,8921.75,31.88,12.7,2,Fair,Rented,East,Approved,Non-Default
CUST002018,Male,66,Graduate,Salaried,Married,2,37301.0,665.0,0,LN002018,Education,272211.0,60,14.45,6397.56,29.49,12.8,0,Good,Owned,North,Rejected,Default
CUST002019,Female,41,High School,Salaried,Single,1,33857.0,714.0,1,LN002019,Personal,343745.0,72,17.47,7737.42,39.77,12.9,0,Excellent,Owned,East,Approved,Non-Default
CUST002020,Male,25,Graduate,Salaried,Divorced,0,62123.0,580.0,0,LN002020,Auto,167628.0,36,14.69,5785.46,8.3,0.0,0,Fair,Rented,North,Approved,Non-Default
CUST002021,Female,31,Graduate,Salaried,Married,1,75320.0,790.0,0,LN002021,Personal,117027.0,24,14.93,5670.36,30.26,15.5,0,Excellent,Mortgage,East,Approved,Non-Default
CUST002022,Female,45,High School,Self-employed,Single,0,52486.0,524.0,0,LN002022,Auto,300457.0,24,16.21,14741.47,43.54,10.9,0,Poor,Mortgage,North,Approved,Non-Default
CUST002023,Male,42,Graduate,Self-employed,Single,0,70633.0,723.0,2,LN002023,Personal,256692.0,72,17.08,5721.87,7.57,5.0,0,Excellent,Owned,North,Approved,Non-Default
CUST002024,Female,39,Graduate,Salaried,Married,2,32938.0,676.0,0,LN002024,Home,346792.0,36,12.66,11628.08,45.41,0.0,2,Good,Rented,East,Approved,Non-Default
CUST002025,Male,36,High School,Salaried,Single,1,53650.0,614.0,0,LN002025,Personal,104910.0,36,16.28,3702.84,11.62,6.5,0,Fair,Rented,South,Approved,Non-Default
CUST002026,Female,50,Postgraduate,Self-employed,Single,1,40311.0,638.0,1,LN002026,Personal,77009.0,60,15.48,1851.5,11.96,3.9,0,Fair,Rented,West,Approved,Non-Default
CUST002027,Female,37,Graduate,Salaried,Married,3,44184.0,674.0,0,LN002027,Business,265543.0,72,15.58,5698.89,15.11,0.0,0,Good,Mortgage,North,Approved,Non-Default
CUST002028,Male,34,High School,Salaried,Single,1,29744.0,696.0,1,LN002028,Education,183671.0,24,14.08,8825.52,39.48,0.0,0,Good,Owned,East,Rejected,Non-Default
CUST002029,Male,46,Postgraduate,Salaried,Married,1,76327.0,723.0,0,LN002029,Personal,137564.0,24,17.08,6806.76,19.35,14.2,0,Excellent,Mortgage,West,Rejected,Non-Default
CUST002030,Female,25,Postgraduate,Self-employed,Single,1,62156.0,694.0,2,LN002030,Education,207873.0,36,14.9,7195.81,13.62,12.6,0,Good,Owned,North,Approved,Non-Default
CUST002031,Male,35,Graduate,Salaried,Married,1,42498.0,692.0,3,LN002031,Personal,183967.0,24,16.47,9048.96,35.98,11.9,0,Good,Rented,South,Approved,Non-Default
CUST002032,Female,40,High School,Salaried,Married,2,73742.0,691.0,1,LN002032,Home,239938.0,36,14.27,8232.01,23.22,1.6,0,Good,Mortgage,West,Approved,Non-Default
CUST002033,Female,31,High School,Salaried,Single,1,83597.0,795.0,0,LN002033,Auto,74428.0,24,11.43,3483.81,5.0,2.8,0,Excellent,Rented,South,Approved,Non-Default
CUST002034,Male,61,Graduate,Self-employed,Married,0,34735.0,837.0,1,LN002034,Home,267393.0,60,12.96,6078.54,23.13,11.0,0,Excellent,Owned,East,Approved,Non-Default
CUST002035,Female,40,Graduate,Salaried,Married,1,25676.0,544.0,0,LN002035,Personal,197837.0,24,18.59,9933.33,50.1,14.7,1,Poor,Rented,West,Approved,Default
CUST002036,Male,27,High School,Salaried,Married,2,36359.0,724.0,0,LN002036,Home,300913.0,24,15.21,14620.3,47.87,4.4,0,Excellent,Owned,North,Approved,Default
CUST002037,Female,38,Postgraduate,Self-employed,Married,0,43915.0,718.0,1,LN002037,Personal,46826.0,60,17.94,1187.54,21.01,0.0,0,Excellent,Rented,North,Approved,Non-Default
CUST002038,Female,37,Graduate,Salaried,Divorced,1,37347.0,779.0,0,LN002038,Personal,202601.0,36,14.63,6986.58,42.47,1.5,0,Excellent,Rented,South,Approved,Non-Default
CUST002039,Female,33,Postgraduate,Salaried,Divorced,0,87026.0,721.0,0,LN002039,Home,350212.0,36,15.91,12296.86,40.5,9.7,0,Excellent,Rented,West,Approved,Non-Default
CUST002040,Female,46,High School,Salaried,Married,0,31016.0,748.0,2,LN002040,Home,169014.0,72,14.77,3552.73,17.0,10.7,1,Excellent,Owned,West,Approved,Non-Default
CUST002041,Female,46,Graduate,Unemployed,Married,3,18000.0,659.0,2,LN002041,Auto,121512.0,72,14.35,2526.67,22.32,0.0,0,Good,Mortgage,East,Approved,Non-Default
CUST002042,Male,40,Graduate,Salaried,Married,1,54781.0,680.0,2,LN002042,Home,194411.0,48,15.15,5425.4,32.9,1.3,0,Good,Rented,West,Approved,Non-Default
CUST002043,Male,45,Graduate,Salaried,Divorced,0,43250.0,617.0,2,LN002043,Auto,264586.0,60,17.23,6608.41,14.51,2.8,1,Fair,Rented,South,Approved,Non-Default
CUST002044,Male,62,High School,Unemployed,Single,0,36685.0,695.0,0,LN002044,Personal,224028.0,60,16.31,5484.89,19.69,5.4,0,Good,Rented,East,Rejected,Non-Default
CUST002045,Male,42,Graduate,Salaried,Married,0,44200.0,640.0,0,LN002045,Personal,204608.0,60,16.65,5046.61,27.8,3.9,0,Fair,Rented,North,Approved,Non-Default
CUST002046,Female,37,Graduate,Salaried,Married,1,101357.0,836.0,1,LN002046,Personal,77812.0,72,14.27,1614.65,10.67,21.7,0,Excellent,Rented,East,Approved,Non-Default
CUST002047,Female,41,Graduate,Salaried,Single,2,24898.0,597.0,1,LN002047,Business,84665.0,36,15.47,2954.46,29.3,6.1,0,Fair,Rented,North,Rejected,Default
CUST002048,Female,46,Postgraduate,Salaried,Single,2,57016.0,759.0,1,LN002048,Personal,533267.0,24,15.85,26072.21,68.67,10.2,0,Excellent,Mortgage,North,Approved,Non-Default
CUST002049,Male,48,Graduate,Salaried,Single,2,78293.0,653.0,2,LN002049,Personal,129158.0,36,14.59,4451.42,27.37,16.3,0,Good,Rented,East,Approved,Non-Default
CUST002050,Male,51,High School,Salaried,Single,1,48026.0,673.0,1,LN002050,Personal,57477.0,36,17.7,2069.29,27.93,10.2,0,Good,Mortgage,South,Approved,Non-Default
CUST002051,Male,45,Graduate,Salaried,Married,1,33203.0,671.0,0,LN002051,Personal,121542.0,24,17.49,6037.97,20.29,2.0,0,Good,Owned,South,Approved,Non-Default
CUST002052,Male,54,High School,Salaried,Divorced,0,36021.0,699.0,1,LN002052,Home,135974.0,60,16.18,3319.64,16.45,6.6,0,Good,Owned,North,Approved,Non-Default
CUST002053,Female,48,High School,Salaried,Single,0,92258.0,847.0,0,LN002053,Auto,200156.0,60,13.95,4652.09,11.01,7.0,0,Excellent,Rented,West,Approved,Non-Default
CUST002054,Female,56,Graduate,Salaried,Married,0,36952.0,644.0,1,LN002054,Personal,144410.0,60,15.92,3505.64,18.73,6.6,0,Fair,Owned,North,Approved,Non-Default
CUST002055,Male,21,Graduate,Salaried,Married,2,53149.0,626.0,0,LN002055,Education,178285.0,72,15.06,3775.65,14.07,14.8,0,Fair,Rented,North,Approved,Non-Default
CUST002056,Male,35,Graduate,Salaried,Married,1,62520.0,606.0,2,LN002056,Personal,134822.0,36,17.87,4865.35,10.36,8.7,0,Fair,Rented,North,Rejected,Default
CUST002057,Male,42,High School,Salaried,Married,0,49872.0,663.0,0,LN002057,Education,63095.0,36,15.04,2188.45,5.62,12.3,1,Good,Rented,East,Approved,Non-Default
CUST002058,Male,31,Graduate,Salaried,Divorced,2,68572.0,771.0,1,LN002058,Education,355544.0,36,13.86,12127.49,30.27,12.0,0,Excellent,Owned,East,Approved,Non-Default
CUST002059,Female,39,High School,Salaried,Married,0,19314.0,740.0,2,LN002059,Home,198250.0,48,13.73,5390.66,49.86,0.0,0,Excellent,Rented,South,Approved,Non-Default
CUST002060,Male,39,High School,Salaried,Single,3,19259.0,685.0,1,LN002060,Personal,363408.0,24,15.8,17758.88,75.0,0.0,1,Good,Rented,East,Approved,Default
CUST002061,Male,57,High School,Self-employed,Divorced,3,52245.0,648.0,1,LN002061,Home,304296.0,48,14.2,8345.9,22.36,9.5,1,Fair,Owned,East,Approved,Non-Default
CUST002062,Female,31,Graduate,Salaried,Single,1,69178.0,706.0,0,LN002062,Home,204637.0,24,12.47,9677.95,28.25,8.3,0,Excellent,Owned,West,Approved,Non-Default
CUST002063,Male,35,High School,Self-employed,Married,3,54758.0,634.0,0,LN002063,Education,489749.0,24,16.6,24120.28,63.59,6.7,0,Fair,Mortgage,South,Approved,Default
CUST002064,Female,42,Graduate,Unemployed,Single,3,44461.0,581.0,2,LN002064,Personal,58988.0,36,15.73,2065.99,9.68,12.3,0,Fair,Owned,West,Rejected,Default
CUST002065,Female,29,Graduate,Self-employed,Married,3,35741.0,606.0,2,LN002065,Personal,227681.0,36,16.91,8107.25,38.43,7.9,0,Fair,Rented,West,Approved,Default
CUST002066,Female,49,High School,Salaried,Divorced,1,34800.0,702.0,0,LN002066,Home,79454.0,60,15.93,1929.21,16.28,0.9,0,Excellent,Owned,West,Rejected,Non-Default
CUST002067,Female,37,Graduate,Salaried,Married,0,47662.0,850.0,0,LN002067,Business,208507.0,12,13.54,18676.14,44.43,0.0,0,Excellent,Mortgage,North,Approved,Non-Default
CUST002068,Female,42,High School,Salaried,Single,2,78381.0,727.0,2,LN002068,Personal,142436.0,12,16.56,12961.12,30.78,5.4,0,Excellent,Mortgage,North,Approved,Non-Default
CUST002069,Male,22,High School,Salaried,Married,2,39385.0,576.0,3,LN002069,Business,60046.0,60,16.3,1469.79,14.3,0.3,0,Fair,Rented,North,Approved,Default
CUST002070,Male,38,Graduate,Salaried,Married,2,40924.0,682.0,0,LN002070,Education,316510.0,24,15.71,15453.49,57.27,0.0,0,Good,Owned,East,Approved,Non-Default
CUST002071,Female,33,Postgraduate,Salaried,Single,0,132710.0,805.0,0,LN002071,Personal,36921.0,36,16.74,1311.56,25.93,9.5,0,Excellent,Mortgage,East,Approved,Non-Default
CUST002072,Female,49,Postgraduate,Salaried,Married,2,68614.0,725.0,1,LN002072,Education,143176.0,36,13.71,4873.27,27.25,5.7,1,Excellent,Owned,North,Approved,Default
CUST002073,Male,27,Graduate,Self-employed,Divorced,2,38026.0,602.0,0,LN002073,Personal,126380.0,24,19.14,6379.24,25.35,5.6,0,Fair,Mortgage,North,Rejected,Non-Default
CUST002074,Male,43,Postgraduate,Unemployed,Married,0,38420.0,591.0,1,LN002074,Education,231015.0,24,15.91,11301.28,40.59,2.8,0,Fair,Owned,East,Approved,Non-Default
CUST002075,Female,47,High School,Unemployed,Single,0,70349.0,529.0,0,LN002075,Personal,198430.0,48,20.66,6108.29,20.9,12.1,0,Poor,Mortgage,East,Approved,Default
CUST002076,Female,42,Postgraduate,Self-employed,Married,0,39330.0,697.0,3,LN002076,Personal,124886.0,48,15.62,3515.05,20.2,5.7,0,Good,Owned,West,Approved,Non-Default
CUST002077,Female,42,High School,Salaried,Single,0,50277.0,751.0,0,LN002077,Auto,149018.0,72,13.25,3011.1,19.93,5.6,0,Excellent,Mortgage,North,Approved,Non-Default
CUST002078,Male,45,High School,Salaried,Married,3,,683.0,1,LN002078,Education,158604.0,60,13.07,3614.41,24.43,11.1,0,Good,Rented,West,Approved,Non-Default
CUST002079,Male,41,Postgraduate,Salaried,Divorced,0,59451.0,726.0,0,LN002079,Personal,259056.0,36,14.96,8975.19,34.64,3.7,1,Excellent,Rented,North,Rejected,Non-Default
CUST002080,Male,38,High School,Salaried,Single,1,58208.0,679.0,1,LN002080,Business,154423.0,48,15.8,4360.59,15.52,0.0,2,Good,Mortgage,West,Approved,Non-Default
CUST002081,Female,33,Postgraduate,Self-employed,Single,1,105311.0,726.0,1,LN002081,Education,195024.0,60,15.38,4678.6,14.05,1.0,0,Excellent,Mortgage,East,Approved,Non-Default
CUST002082,Male,31,Graduate,Self-employed,Single,2,70521.0,762.0,0,LN002082,Home,393839.0,36,13.6,13384.1,26.46,13.3,0,Excellent,Rented,North,Approved,Non-Default
CUST002083,Female,55,High School,Self-employed,Married,0,59345.0,848.0,0,LN002083,Education,324624.0,24,13.21,15465.26,38.46,3.6,0,Excellent,Mortgage,West,Approved,Non-Default
CUST002084,Female,32,Graduate,Self-employed,Married,2,61790.0,570.0,2,LN002084,Auto,129934.0,24,17.35,6446.1,17.77,13.2,0,Fair,Owned,North,Rejected,Default
CUST002085,Male,59,Graduate,Salaried,Single,1,85175.0,618.0,0,LN002085,Personal,298888.0,60,17.73,7545.96,20.27,6.8,0,Fair,Owned,South,Approved,Non-Default
CUST002086,Male,42,Graduate,Self-employed,Divorced,1,64160.0,691.0,2,LN002086,Home,453433.0,24,14.79,21940.23,49.09,10.7,0,Good,Owned,West,Approved,Non-Default
CUST002087,Male,59,Graduate,Salaried,Divorced,0,28077.0,796.0,0,LN002087,Auto,194219.0,72,12.24,3821.3,28.95,3.6,0,Excellent,Owned,South,Approved,Non-Default
CUST002088,Female,46,High School,Salaried,Married,1,139931.0,822.0,0,LN002088,Home,216115.0,24,10.16,9988.58,5.0,6.5,0,Excellent,Owned,West,Approved,Default
CUST002089,Male,41,Postgraduate,Self-employed,Married,0,66203.0,688.0,1,LN002089,Home,156069.0,36,16.09,5493.86,17.04,5.6,2,Good,Rented,West,Approved,Non-Default
CUST002090,Male,49,Graduate,Self-employed,Married,2,46934.0,754.0,0,LN002090,Business,176305.0,48,13.54,4777.21,22.59,13.1,1,Excellent,Rented,North,Approved,Non-Default
CUST002091,Female,55,Postgraduate,Self-employed,Married,0,72709.0,688.0,0,LN002091,Home,124418.0,48,14.32,3419.91,8.61,11.8,0,Good,Owned,West,Rejected,Non-Default
CUST002092,Male,57,Postgraduate,Unemployed,Single,2,44435.0,639.0,2,LN002092,Personal,165155.0,36,17.55,5933.53,27.15,14.4,0,Fair,Mortgage,South,Rejected,Non-Default
CUST002093,Male,37,Postgraduate,Self-employed,Single,2,63794.0,655.0,0,LN002093,Home,253573.0,24,14.21,12199.94,31.27,6.7,0,Good,Mortgage,South,Approved,Non-Default
CUST002094,Female,63,Graduate,Salaried,Married,3,81821.0,666.0,1,LN002094,Personal,89380.0,60,15.88,2167.85,11.12,18.4,0,Good,Owned,East,Approved,Non-Default
CUST002095,Male,32,Postgraduate,Salaried,Single,1,26548.0,696.0,0,LN002095,Business,40399.0,12,13.69,3621.42,24.16,4.6,3,Good,Owned,East,Approved,Default
CUST002096,Male,58,Postgraduate,Self-employed,Married,3,30618.0,728.0,1,LN002096,Education,313162.0,24,14.99,15182.69,75.0,9.9,0,Excellent,Rented,North,Rejected,Non-Default
CUST002097,Male,45,Postgraduate,Salaried,Married,2,25792.0,668.0,1,LN002097,Home,160904.0,24,15.24,7820.06,40.33,7.5,0,Good,Mortgage,East,Approved,Non-Default
CUST002098,Female,40,High School,Salaried,Divorced,0,52546.0,548.0,0,LN002098,Personal,175482.0,24,19.07,8851.77,23.97,8.7,0,Poor,Mortgage,West,Approved,Default
CUST002099,Female,33,Graduate,Salaried,Single,2,43222.0,598.0,3,LN002099,Home,183382.0,24,14.46,8844.6,34.52,0.0,1,Fair,Owned,West,Approved,Non-Default
CUST002100,Male,48,High School,Salaried,Single,0,29614.0,748.0,0,LN002100,Home,166066.0,24,13.24,7913.81,33.35,16.5,0,Excellent,Owned,North,Rejected,Non-Default
CUST002101,Male,57,High School,Self-employed,Single,0,73374.0,816.0,0,LN002101,Home,238952.0,60,13.1,5449.13,34.16,8.0,1,Excellent,Owned,South,Approved,Non-Default
CUST002102,Male,47,Graduate,Salaried,Single,1,57654.0,692.0,0,LN002102,Home,114388.0,72,14.71,2400.76,21.09,7.1,0,Good,Rented,West,Approved,Non-Default
CUST002103,Female,51,High School,Salaried,Married,2,68959.0,698.0,1,LN002103,Home,158006.0,48,17.15,4571.54,16.56,10.3,0,Good,Rented,North,Approved,Default
CUST002104,Male,23,Graduate,Self-employed,Married,0,57352.0,758.0,0,LN002104,Personal,119518.0,60,15.7,2887.43,24.14,17.7,2,Excellent,Rented,South,Approved,Non-Default
CUST002105,Female,52,High School,Unemployed,Married,0,63667.0,679.0,0,LN002105,Auto,202719.0,48,13.57,5495.97,10.77,4.7,0,Good,Owned,West,Approved,Non-Default
CUST002106,Male,39,High School,Salaried,Single,2,48376.0,671.0,0,LN002106,Auto,1172870.0,60,14.57,27638.46,75.0,8.5,0,Good,Owned,East,Approved,Non-Default
CUST002107,Male,24,High School,Self-employed,Married,1,40264.0,678.0,0,LN002107,Home,496174.0,60,13.55,11429.67,57.1,11.4,0,Good,Rented,West,Approved,Non-Default
CUST002108,Female,49,High School,Salaried,Married,2,70724.0,791.0,1,LN002108,Home,159876.0,48,14.0,4368.85,5.0,16.3,0,Excellent,Rented,East,Approved,Non-Default
CUST002109,Female,54,Postgraduate,Salaried,Single,2,48615.0,850.0,0,LN002109,Business,562873.0,60,10.2,12014.85,50.18,10.2,0,Excellent,Rented,South,Approved,Non-Default
CUST002110,Female,40,Graduate,Salaried,Divorced,1,47227.0,616.0,2,LN002110,Personal,172235.0,24,14.92,8344.55,34.36,15.1,0,Fair,Owned,North,Approved,Non-Default
CUST002111,Female,48,High School,Self-employed,Single,2,51216.0,723.0,2,LN002111,Personal,235627.0,12,15.4,21311.79,50.3,0.0,0,Excellent,Rented,West,Approved,Non-Default
CUST002112,Female,29,High School,Salaried,Divorced,1,48237.0,616.0,2,LN002112,Personal,48962.0,72,17.03,1090.03,17.95,2.2,1,Fair,Owned,North,Approved,Default
CUST002113,Male,27,High School,Self-employed,Single,0,41378.0,668.0,2,LN002113,Home,361151.0,36,12.38,12061.03,51.06,7.3,1,Good,Rented,West,Approved,Non-Default
CUST002114,Female,33,High School,Salaried,Single,1,77343.0,730.0,0,LN002114,Education,379871.0,24,12.85,18033.01,37.81,14.1,0,Excellent,Rented,North,Approved,Non-Default
CUST002115,Female,27,High School,Salaried,Single,3,118447.0,652.0,0,LN002115,Personal,204580.0,36,17.78,7373.5,8.49,0.0,1,Good,Owned,East,Approved,Non-Default
CUST002116,Female,57,Graduate,Salaried,Single,1,32352.0,673.0,0,LN002116,Home,129946.0,60,17.0,3229.49,34.44,20.9,0,Good,Owned,West,Approved,Non-Default
CUST002117,Female,38,Graduate,Self-employed,Divorced,3,55501.0,769.0,2,LN002117,Business,117018.0,36,13.41,3965.95,18.84,0.8,0,Excellent,Owned,West,Approved,Non-Default
CUST002118,Female,31,High School,Self-employed,Married,0,67074.0,786.0,3,LN002118,Education,60579.0,48,14.39,1667.29,11.26,5.5,0,Excellent,Rented,East,Approved,Non-Default
CUST002119,Female,27,Graduate,Self-employed,Married,3,70104.0,606.0,1,LN002119,Auto,391220.0,36,14.72,13508.19,25.8,6.5,0,Fair,Owned,North,Approved,Non-Default
CUST002120,Female,37,High School,Salaried,Single,0,72636.0,676.0,0,LN002120,Education,248175.0,60,16.1,6048.33,11.79,0.0,0,Good,Mortgage,East,Approved,Non-Default
CUST002121,Female,34,High School,Salaried,Married,0,66899.0,673.0,0,LN002121,Business,279891.0,36,13.81,9540.2,28.06,7.3,0,Good,Rented,West,Approved,Non-Default
CUST002122,Male,21,Graduate,Unemployed,Single,0,80717.0,607.0,1,LN002122,Personal,107920.0,24,16.36,5302.68,23.64,7.3,2,Fair,Rented,East,Approved,Default
CUST002123,Male,33,Graduate,Self-employed,Single,2,61011.0,792.0,2,LN002123,Personal,210193.0,24,15.72,10263.6,25.9,5.1,0,Excellent,Rented,South,Approved,Non-Default
CUST002124,Female,51,Graduate,Salaried,Married,1,65215.0,563.0,0,LN002124,Auto,133073.0,48,14.03,3638.42,12.62,0.6,2,Fair,Owned,West,Approved,Default
CUST002125,Female,48,High School,Salaried,Married,2,101668.0,661.0,0,LN002125,Auto,273937.0,12,13.08,24477.59,27.67,11.8,0,Good,Rented,East,Approved,Non-Default
CUST002126,Female,53,Graduate,Salaried,Single,2,102791.0,762.0,1,LN002126,Auto,53938.0,24,15.1,2617.84,16.54,6.4,0,Excellent,Mortgage,West,Rejected,Non-Default
CUST002127,Male,51,Graduate,Self-employed,Single,0,46412.0,664.0,0,LN002127,Home,204617.0,36,14.26,7019.19,35.82,17.7,0,Good,Owned,West,Approved,Non-Default
CUST002128,Female,43,Graduate,Salaried,Married,0,66737.0,614.0,0,LN002128,Personal,265633.0,72,15.29,5658.73,18.8,1.7,0,Fair,Owned,East,Approved,Non-Default
CUST002129,Female,29,Graduate,Self-employed,Single,0,155609.0,634.0,1,LN002129,Personal,487840.0,12,17.94,44711.24,33.47,9.4,0,Fair,Owned,West,Approved,Non-Default
CUST002130,Female,46,High School,Salaried,Divorced,2,34644.0,850.0,1,LN002130,Home,185202.0,36,15.87,6499.27,27.29,2.2,2,Excellent,Owned,North,Approved,Non-Default
CUST002131,Female,40,High School,Salaried,Single,0,69241.0,750.0,1,LN002131,Home,46703.0,24,14.56,2254.72,18.61,3.2,0,Excellent,Owned,East,Rejected,Non-Default
CUST002132,Female,43,Graduate,Salaried,Single,1,34755.0,616.0,1,LN002132,Home,285456.0,36,15.73,9997.78,44.7,4.2,0,Fair,Owned,South,Approved,Default
CUST002133,Male,62,Postgraduate,Salaried,Single,0,96016.0,699.0,1,LN002133,Home,976755.0,60,13.8,22626.23,37.41,0.0,0,Good,Rented,East,Approved,Non-Default
CUST002134,Female,48,High School,Salaried,Divorced,1,98691.0,714.0,1,LN002134,Education,121798.0,12,14.32,10954.24,14.68,0.0,0,Excellent,Rented,West,Approved,Non-Default
CUST002135,Male,60,Graduate,Unemployed,Married,0,83221.0,659.0,3,LN002135,Education,187381.0,48,14.48,5165.69,20.28,1.0,1,Good,Rented,North,Rejected,Non-Default
CUST002136,Female,34,Graduate,Salaried,Single,2,73286.0,776.0,0,LN002136,Business,259537.0,48,14.75,7190.26,12.35,0.0,1,Excellent,Rented,West,Approved,Non-Default
CUST002137,Male,32,High School,Self-employed,Single,2,33586.0,751.0,1,LN002137,Home,139197.0,36,13.85,4747.29,26.74,0.0,0,Excellent,Owned,South,Approved,Non-Default
CUST002138,Male,41,Graduate,Salaried,Married,2,108168.0,725.0,0,LN002138,Auto,277434.0,36,13.77,9451.07,20.06,4.7,0,Excellent,Rented,North,Approved,Non-Default
CUST002139,Male,48,Graduate,Salaried,Married,0,24183.0,769.0,0,LN002139,Business,96083.0,36,14.35,3300.25,26.04,2.5,0,Excellent,Rented,South,Approved,Non-Default
CUST002140,Male,43,Graduate,Salaried,Married,1,67839.0,677.0,0,LN002140,Auto,156550.0,12,15.02,14131.42,43.9,7.6,0,Good,Mortgage,North,Approved,Non-Default
CUST002141,Female,44,High School,Self-employed,Married,2,92074.0,747.0,1,LN002141,Personal,207190.0,36,14.13,7094.35,20.84,2.9,0,Excellent,Mortgage,South,Approved,Non-Default
CUST002142,Female,60,Graduate,Unemployed,Married,0,29564.0,691.0,2,LN002142,Business,274910.0,60,15.41,6599.4,32.8,7.7,0,Good,Mortgage,North,Approved,Non-Default
CUST002143,Female,44,High School,Salaried,Married,3,78655.0,636.0,2,LN002143,Personal,333120.0,36,16.38,11774.1,24.33,12.0,0,Fair,Mortgage,East,Approved,Non-Default
CUST002144,Female,34,High School,Salaried,Married,0,48421.0,758.0,1,LN002144,Home,148637.0,36,12.73,4988.86,22.66,9.4,0,Excellent,Mortgage,East,Approved,Non-Default
CUST002145,Male,39,Graduate,Salaried,Married,1,49022.0,819.0,1,LN002145,Home,362137.0,36,11.26,11900.54,28.65,16.7,1,Excellent,Owned,North,Approved,Non-Default
CUST002146,Male,55,Postgraduate,Self-employed,Married,1,40444.0,615.0,2,LN002146,Personal,211604.0,36,15.97,7436.24,25.73,12.1,2,Fair,Rented,South,Approved,Default
CUST002147,Male,42,High School,Salaried,Married,0,86236.0,739.0,3,LN002147,Auto,170414.0,12,12.68,15195.34,23.77,1.6,0,Excellent,Owned,South,Approved,Non-Default
CUST002148,Male,40,Graduate,Salaried,Single,2,89283.0,714.0,1,LN002148,Home,247021.0,36,13.96,8437.79,16.57,11.5,0,Excellent,Rented,North,Approved,Non-Default
CUST002149,Female,25,Graduate,Salaried,Single,2,80859.0,611.0,0,LN002149,Business,207369.0,60,17.17,5172.63,11.91,2.1,0,Fair,Owned,East,Approved,Default
CUST002150,Male,52,Graduate,Salaried,Married,2,44070.0,555.0,2,LN002150,Personal,400157.0,36,17.37,14340.48,45.85,6.8,0,Fair,Rented,South,Approved,Non-Default
CUST002151,Female,42,Graduate,Salaried,Married,1,48458.0,614.0,1,LN002151,Home,196761.0,60,15.93,4777.53,17.2,6.1,0,Fair,Mortgage,West,Approved,Non-Default
CUST002152,Female,62,High School,Self-employed,Married,2,58891.0,676.0,0,LN002152,Home,384571.0,12,16.7,35019.97,75.0,0.0,0,Good,Owned,East,Rejected,Non-Default
CUST002153,Female,49,Postgraduate,Self-employed,Divorced,2,20239.0,738.0,1,LN002153,Personal,137565.0,36,16.05,4839.77,48.26,0.0,0,Excellent,Owned,North,Approved,Non-Default
CUST002154,Female,59,High School,Salaried,Married,3,31751.0,690.0,0,LN002154,Home,249326.0,60,13.52,5739.52,31.66,11.4,0,Good,Owned,South,Rejected,Non-Default
CUST002155,Female,30,Postgraduate,Salaried,Single,2,88916.0,646.0,2,LN002155,Auto,293268.0,36,13.65,9973.42,20.86,11.6,0,Fair,Mortgage,West,Approved,Non-Default
CUST002156,Male,38,Graduate,Self-employed,Single,3,36416.0,711.0,2,LN002156,Auto,399437.0,36,15.36,13917.14,59.09,5.6,1,Excellent,Owned,South,Approved,Default
CUST002157,Male,35,Postgraduate,Salaried,Single,0,41686.0,555.0,0,LN002157,Personal,106133.0,12,18.12,9736.33,30.08,1.3,1,Fair,Rented,West,Approved,Default
CUST002158,Female,56,High School,Self-employed,Married,0,31175.0,560.0,0,LN002158,Home,62796.0,36,15.29,2185.77,8.06,23.0,0,Fair,Mortgage,South,Rejected,Default
CUST002159,Female,47,High School,Salaried,Married,0,50466.0,684.0,2,LN002159,Education,534297.0,48,13.42,14445.48,43.42,18.8,0,Good,Owned,East,Approved,Non-Default
CUST002160,Male,41,Graduate,Self-employed,Married,0,41273.0,578.0,1,LN002160,Home,256892.0,36,15.12,8920.35,45.75,12.8,0,Fair,Rented,South,Approved,Non-Default
CUST002161,Male,39,Graduate,Salaried,Married,2,71842.0,689.0,1,LN002161,Home,137068.0,12,14.85,12361.83,37.88,1.1,1,Good,Rented,South,Rejected,Non-Default
CUST002162,Male,51,Graduate,Salaried,Single,0,51506.0,670.0,1,LN002162,Personal,87985.0,24,16.93,4347.22,10.44,17.0,0,Good,Mortgage,South,Approved,Non-Default
CUST002163,Female,30,High School,Salaried,Single,2,66008.0,672.0,3,LN002163,Home,143913.0,72,15.46,3079.11,8.49,7.7,1,Good,Owned,North,Approved,Non-Default
CUST002164,Male,30,Postgraduate,Salaried,Married,0,39801.0,660.0,2,LN002164,Business,565905.0,72,14.57,11834.32,34.83,8.6,0,Good,Mortgage,West,Approved,Non-Default
CUST002165,Female,34,High School,Self-employed,Married,0,58711.0,774.0,1,LN002165,Education,299380.0,72,12.68,5959.34,24.01,13.7,0,Excellent,Owned,West,Approved,Non-Default
CUST002166,Female,32,High School,Salaried,Married,0,232690.0,764.0,2,LN002166,Personal,120261.0,60,14.26,2814.5,5.41,2.7,0,Excellent,Rented,East,Approved,Non-Default
CUST002167,Male,40,Postgraduate,Self-employed,Married,0,76068.0,735.0,1,LN002167,Business,228033.0,36,15.81,7995.59,11.78,17.2,0,Excellent,Rented,West,Approved,Non-Default
CUST002168,Female,24,Graduate,Salaried,Single,1,27560.0,800.0,0,LN002168,Home,244559.0,36,11.41,8054.12,40.33,3.2,0,Excellent,Mortgage,South,Approved,Non-Default
CUST002169,Female,35,High School,Self-employed,Single,2,38552.0,676.0,1,LN002169,Personal,316882.0,36,17.55,11384.64,32.26,11.9,1,Good,Owned,North,Approved,Non-Default
CUST002170,Female,52,Postgraduate,Salaried,Single,2,44616.0,757.0,0,LN002170,Home,216049.0,24,14.33,10406.85,37.81,0.0,1,Excellent,Owned,West,Approved,Default
CUST002171,Female,62,Graduate,Salaried,Married,0,30268.0,700.0,2,LN002171,Personal,93147.0,36,16.84,3313.53,26.57,2.1,0,Excellent,Rented,West,Approved,Non-Default
CUST002172,Male,28,High School,Salaried,Married,3,51027.0,658.0,0,LN002172,Auto,287240.0,24,15.31,13969.65,38.14,19.7,0,Good,Owned,West,Rejected,Non-Default
CUST002173,Female,47,Graduate,Self-employed,Married,2,81821.0,718.0,2,LN002173,Home,247662.0,24,14.22,11916.72,23.97,2.8,0,Excellent,Rented,North,Rejected,Non-Default
CUST002174,Female,48,Postgraduate,Salaried,Married,0,45534.0,746.0,0,LN002174,Home,178468.0,72,13.08,3590.13,14.19,11.1,0,Excellent,Mortgage,South,Approved,Non-Default
CUST002175,Female,32,Postgraduate,Self-employed,Married,1,66412.0,693.0,1,LN002175,Business,129498.0,72,15.92,2803.35,10.42,1.9,0,Good,Rented,West,Approved,Non-Default
CUST002176,Female,39,Graduate,Salaried,Married,2,22733.0,691.0,1,LN002176,Personal,263106.0,36,16.84,9359.51,64.61,19.4,0,Good,Rented,East,Rejected,Non-Default
CUST002177,Male,46,High School,Salaried,Married,0,56249.0,674.0,0,LN002177,Auto,360308.0,36,15.2,12525.51,38.63,3.3,0,Good,Rented,North,Approved,Non-Default
CUST002178,Female,37,High School,Unemployed,Single,1,39922.0,692.0,1,LN002178,Personal,191118.0,60,16.19,4666.93,24.44,10.9,0,Good,Owned,North,Approved,Non-Default
CUST002179,Female,39,High School,Self-employed,Single,2,53048.0,656.0,3,LN002179,Home,105238.0,12,15.71,9533.9,18.66,6.8,3,Good,Mortgage,East,Approved,Non-Default
CUST002180,Male,48,High School,Self-employed,Divorced,1,99091.0,793.0,1,LN002180,Auto,142957.0,36,12.67,4794.09,5.0,11.4,0,Excellent,Owned,South,Approved,Non-Default
CUST002181,Female,27,High School,Salaried,Married,0,53389.0,738.0,3,LN002181,Personal,198857.0,12,15.3,17976.66,47.3,16.3,0,Excellent,Owned,West,Approved,Default
CUST002182,Female,44,Postgraduate,Self-employed,Married,1,56223.0,734.0,0,LN002182,Home,401923.0,72,13.23,8117.12,20.81,8.7,0,Excellent,Owned,North,Rejected,Default
CUST002183,Male,31,Graduate,Unemployed,Single,3,55672.0,775.0,3,LN002183,Personal,291023.0,24,17.01,14390.23,45.44,0.4,0,Excellent,Mortgage,North,Approved,Non-Default
CUST002184,Male,56,Postgraduate,Salaried,Single,0,54918.0,610.0,2,LN002184,Personal,124692.0,60,17.59,3138.61,17.52,10.0,0,Fair,Mortgage,South,Approved,Non-Default
CUST002185,Female,49,Graduate,Salaried,Married,0,23294.0,657.0,1,LN002185,Home,92611.0,36,15.43,3229.93,20.09,16.6,0,Good,Owned,East,Approved,Non-Default
CUST002186,Male,50,Postgraduate,Self-employed,Married,2,70588.0,656.0,0,LN002186,Personal,83267.0,36,15.88,2922.49,29.61,0.0,0,Good,Mortgage,South,Approved,Non-Default
CUST002187,Male,35,Postgraduate,Self-employed,Married,1,27141.0,711.0,0,LN002187,Personal,309887.0,36,15.74,10854.97,66.91,0.8,2,Excellent,Rented,West,Rejected,Non-Default
CUST002188,Male,48,Graduate,Salaried,Single,3,59472.0,749.0,0,LN002188,Personal,663892.0,36,16.5,23504.69,50.93,10.6,0,Excellent,Rented,East,Approved,Default
CUST002189,Female,27,Graduate,Unemployed,Married,0,45797.0,663.0,1,LN002189,Home,140748.0,24,15.61,6865.26,16.79,1.3,0,Good,Mortgage,South,Approved,Non-Default
CUST002190,Female,34,Graduate,Unemployed,Married,2,33104.0,650.0,2,LN002190,Auto,95873.0,36,16.73,3405.26,18.62,15.0,1,Good,Owned,North,Approved,Non-Default
CUST002191,Male,36,Postgraduate,Unemployed,Single,1,96308.0,603.0,0,LN002191,Education,824756.0,48,15.77,23276.78,25.96,4.6,2,Fair,Mortgage,South,Approved,Non-Default
CUST002192,Male,42,Graduate,Self-employed,Married,1,68718.0,697.0,0,LN002192,Personal,182849.0,48,15.96,5178.25,16.58,1.5,1,Good,Owned,West,Approved,Non-Default
CUST002193,Male,36,High School,Self-employed,Married,1,31798.0,824.0,0,LN002193,Education,183564.0,36,10.42,5959.36,44.63,8.3,0,Excellent,Rented,South,Approved,Non-Default
CUST002194,Female,34,High School,Salaried,Single,0,56131.0,748.0,0,LN002194,Business,344785.0,60,13.9,8004.68,31.44,6.0,0,Excellent,Mortgage,West,Approved,Non-Default
CUST002195,Female,56,Graduate,Salaried,Married,1,93627.0,680.0,0,LN002195,Education,307827.0,48,17.09,8896.7,25.88,5.0,0,Good,Owned,South,Approved,Non-Default
CUST002196,Male,50,High School,Self-employed,Married,1,40960.0,688.0,2,LN002196,Business,145921.0,36,15.46,5091.33,15.28,16.0,1,Good,Owned,West,Approved,Non-Default
CUST002197,Male,54,High School,Self-employed,Married,0,73922.0,733.0,0,LN002197,Home,440283.0,36,13.91,15028.59,29.92,11.4,1,Excellent,Owned,West,Rejected,Non-Default
CUST002198,Female,61,Graduate,Salaried,Married,1,50293.0,629.0,2,LN002198,Home,124672.0,60,16.53,3067.0,17.12,12.0,0,Fair,Rented,East,Rejected,Non-Default
CUST002199,Male,21,Graduate,Salaried,Married,1,88034.0,652.0,2,LN002199,Home,182220.0,12,15.25,16468.37,23.27,5.7,0,Good,Owned,North,Approved,Non-Default
CUST002200,Male,38,Graduate,Salaried,Married,2,92214.0,600.0,1,LN002200,Personal,131397.0,48,17.71,3839.9,24.67,5.4,0,Fair,Mortgage,South,Approved,Non-Default
CUST002201,Female,58,Graduate,Salaried,Single,0,132655.0,623.0,0,LN002201,Personal,348204.0,36,17.72,12539.55,10.49,7.9,1,Fair,Owned,West,Approved,Non-Default
CUST002202,Female,55,Graduate,Salaried,Divorced,3,58248.0,607.0,2,LN002202,Business,235930.0,60,18.13,6007.77,25.12,1.2,0,Fair,Owned,West,Approved,Non-Default
CUST002203,Male,50,High School,Salaried,Divorced,3,64994.0,709.0,1,LN002203,Home,76980.0,60,14.5,1811.21,14.45,9.3,0,Excellent,Rented,East,Approved,Non-Default
CUST002204,Male,31,High School,Self-employed,Divorced,1,72610.0,692.0,2,LN002204,Personal,74337.0,48,16.49,2125.43,23.0,1.4,0,Good,Owned,West,Rejected,Non-Default
CUST002205,Female,36,Graduate,Salaried,Divorced,1,30401.0,604.0,3,LN002205,Personal,248074.0,48,16.58,7104.39,39.0,10.7,0,Fair,Owned,North,Approved,Non-Default
CUST002206,Female,39,Graduate,Salaried,Single,0,129326.0,765.0,0,LN002206,Home,114136.0,60,15.16,2724.88,5.45,28.3,0,Excellent,Rented,West,Rejected,Non-Default
CUST002207,Male,52,Postgraduate,Salaried,Single,0,61564.0,670.0,0,LN002207,Personal,253937.0,24,15.9,12421.42,26.88,13.2,0,Good,Owned,West,Approved,Default
CUST002208,Female,32,Postgraduate,Self-employed,Married,0,48605.0,554.0,2,LN002208,Auto,236290.0,36,16.95,8418.5,20.57,0.0,0,Fair,Rented,East,Approved,Non-Default
CUST002209,Male,42,Graduate,Salaried,Married,1,60233.0,731.0,0,LN002209,Business,306304.0,48,15.29,8569.76,19.69,13.0,0,Excellent,Owned,East,Approved,Non-Default
CUST002210,Male,23,Graduate,Salaried,Married,0,52351.0,720.0,2,LN002210,Home,125958.0,24,12.84,5978.81,27.95,7.4,0,Excellent,Mortgage,South,Approved,Non-Default
CUST002211,Male,39,High School,Salaried,Single,0,42677.0,774.0,1,LN002211,Personal,201100.0,72,14.91,4242.44,21.66,14.1,1,Excellent,Owned,West,Approved,Default
CUST002212,Male,37,Graduate,Salaried,Single,0,25204.0,586.0,0,LN002212,Personal,250114.0,48,18.72,7441.53,52.54,18.8,0,Fair,Mortgage,North,Approved,Default
CUST002213,Male,28,Graduate,Salaried,Single,0,69828.0,649.0,1,LN002213,Personal,130497.0,36,16.79,4638.95,16.34,5.9,1,Fair,Rented,West,Approved,Non-Default
CUST002214,Female,64,High School,Salaried,Married,2,54096.0,695.0,0,LN002214,Business,293355.0,24,15.09,14236.35,38.8,0.0,0,Good,Owned,South,Approved,Non-Default
CUST002215,Female,41,High School,Salaried,Married,1,28088.0,635.0,0,LN002215,Education,181556.0,36,16.47,6425.18,31.99,12.4,0,Fair,Owned,South,Approved,Non-Default
CUST002216,Female,69,Graduate,Salaried,Married,2,51370.0,594.0,1,LN002216,Home,154696.0,48,18.04,4547.43,22.83,11.3,0,Fair,Rented,South,Approved,Non-Default
CUST002217,Male,54,Postgraduate,Salaried,Single,0,34594.0,742.0,2,LN002217,Education,373405.0,48,14.09,10220.71,34.34,11.0,1,Excellent,Owned,South,Approved,Non-Default
CUST002218,Male,37,Graduate,Self-employed,Single,3,22942.0,800.0,0,LN002218,Personal,352808.0,36,15.43,12304.63,65.2,3.5,0,Excellent,Rented,East,Approved,Non-Default
CUST002219,Female,45,Graduate,Unemployed,Married,2,74318.0,646.0,1,LN002219,Auto,613034.0,48,15.48,17210.73,45.3,6.4,0,Fair,Mortgage,West,Approved,Default
CUST002220,Female,30,High School,Salaried,Divorced,0,45694.0,,0,LN002220,Home,95999.0,60,14.16,2241.7,14.61,10.5,0,Excellent,Mortgage,East,Approved,Non-Default
CUST002221,Male,38,Graduate,Self-employed,Married,1,38124.0,692.0,0,LN002221,Home,49465.0,36,15.2,1719.57,6.08,8.1,0,Good,Mortgage,South,Approved,Non-Default
CUST002222,Male,45,High School,Self-employed,Single,1,79603.0,640.0,0,LN002222,Personal,182436.0,36,17.01,6505.25,20.72,1.7,0,Fair,Rented,South,Approved,Non-Default
CUST002223,Female,43,Graduate,Salaried,Single,1,83537.0,740.0,1,LN002223,Personal,114711.0,60,17.26,2866.93,16.29,6.5,0,Excellent,Rented,North,Approved,Non-Default
CUST002224,Female,48,Graduate,Salaried,Married,1,28057.0,714.0,2,LN002224,Education,151098.0,24,15.12,7334.85,52.93,20.6,0,Excellent,Rented,South,Approved,Non-Default
CUST002225,Female,47,High School,Salaried,Single,2,83823.0,714.0,1,LN002225,Auto,292084.0,36,15.26,10162.42,27.62,8.5,1,Excellent,Owned,West,Approved,Default
CUST002226,Male,57,High School,Salaried,Married,1,52685.0,690.0,3,LN002226,Home,96409.0,60,13.59,2222.83,25.64,13.4,0,Good,Rented,North,Approved,Non-Default
CUST002227,Female,48,High School,Self-employed,Single,2,59765.0,626.0,1,LN002227,Business,181388.0,36,18.52,6605.02,18.63,0.5,0,Fair,Rented,South,Approved,Non-Default
CUST002228,Female,51,Graduate,Salaried,Single,0,43453.0,687.0,0,LN002228,Personal,44999.0,36,16.92,1602.55,22.24,16.7,0,Good,Owned,East,Approved,Non-Default
CUST002229,Male,32,Postgraduate,Self-employed,Married,3,87521.0,682.0,3,LN002229,Education,137469.0,60,14.15,3209.36,8.12,8.4,1,Good,Rented,West,Approved,Non-Default
CUST002230,Male,30,Graduate,Self-employed,Divorced,2,30289.0,711.0,1,LN002230,Auto,324009.0,12,15.08,29256.74,75.0,8.9,0,Excellent,Rented,East,Approved,Non-Default
CUST002231,Female,44,Graduate,Self-employed,Married,0,44620.0,735.0,1,LN002231,Education,99980.0,24,14.29,4814.04,19.19,1.2,0,Excellent,Mortgage,North,Approved,Non-Default
CUST002232,Female,39,Graduate,Salaried,Married,0,41126.0,661.0,0,LN002232,Home,223241.0,36,12.77,7497.16,28.79,3.7,0,Good,Owned,West,Approved,Default
CUST002233,Male,37,Postgraduate,Salaried,Married,1,69910.0,794.0,1,LN002233,Personal,114349.0,60,14.71,2702.98,5.0,0.0,1,Excellent,Mortgage,South,Approved,Non-Default
CUST002234,Male,50,High School,Unemployed,Married,1,106625.0,663.0,1,LN002234,Home,260234.0,36,16.46,9208.27,13.17,11.0,0,Good,Owned,North,Approved,Non-Default
CUST002235,Female,35,High School,Salaried,Married,0,62422.0,817.0,0,LN002235,Education,226903.0,36,12.59,7600.53,12.31,10.5,0,Excellent,Rented,North,Approved,Non-Default
CUST002236,Male,32,Graduate,Unemployed,Married,3,137456.0,665.0,0,LN002236,Business,77400.0,72,15.01,1637.04,9.57,3.2,0,Good,Owned,West,Approved,Default
CUST002237,Male,28,Graduate,Salaried,Single,2,29466.0,850.0,1,LN002237,Personal,191475.0,24,15.64,9342.31,44.63,4.0,0,Excellent,Owned,South,Approved,Non-Default
CUST002238,Male,54,Graduate,Self-employed,Divorced,0,36856.0,622.0,2,LN002238,Personal,151222.0,60,15.74,3656.57,14.43,7.0,0,Fair,Owned,South,Approved,Non-Default
CUST002239,Male,36,Postgraduate,Salaried,Divorced,2,73239.0,744.0,2,LN002239,Personal,51449.0,24,16.03,2519.84,19.14,0.0,1,Excellent,Mortgage,North,Approved,Non-Default
CUST002240,Male,31,Graduate,Self-employed,Married,0,23292.0,603.0,2,LN002240,Personal,139419.0,60,16.38,3418.61,22.3,11.3,0,Fair,Rented,East,Rejected,Non-Default
CUST002241,Male,45,High School,Salaried,Divorced,2,82398.0,631.0,2,LN002241,Personal,283923.0,48,15.75,8010.15,26.55,16.3,1,Fair,Rented,East,Approved,Non-Default
CUST002242,Female,36,High School,Self-employed,Single,0,49220.0,819.0,1,LN002242,Business,103665.0,36,14.89,3588.0,16.42,4.2,0,Excellent,Mortgage,West,Approved,Non-Default
CUST002243,Male,49,Graduate,Unemployed,Single,0,43207.0,719.0,1,LN002243,Auto,512473.0,36,13.09,17289.46,64.65,5.9,0,Excellent,Owned,West,Rejected,Default
CUST002244,Female,45,Postgraduate,Salaried,Single,1,49706.0,724.0,3,LN002244,Home,98112.0,36,13.12,3311.45,12.43,15.5,0,Excellent,Owned,East,Approved,Non-Default
CUST002245,Female,40,Graduate,Salaried,Married,0,50430.0,712.0,0,LN002245,Education,195039.0,48,12.62,5195.7,19.01,12.1,0,Excellent,Owned,East,Rejected,Non-Default
CUST002246,Male,36,Graduate,Self-employed,Divorced,0,40523.0,746.0,0,LN002246,Personal,151431.0,60,16.78,3745.56,17.11,0.0,0,Excellent,Rented,North,Approved,Non-Default
CUST002247,Female,41,Graduate,Unemployed,Single,2,54599.0,724.0,1,LN002247,Business,128523.0,24,15.32,6251.21,18.94,1.9,0,Excellent,Owned,East,Approved,Non-Default
CUST002248,Male,52,High School,Salaried,Single,2,58972.0,816.0,1,LN002248,Business,54852.0,36,15.1,1904.15,19.28,14.4,0,Excellent,Rented,East,Approved,Non-Default
CUST002249,Male,43,High School,Salaried,Married,0,99233.0,617.0,1,LN002249,Auto,334700.0,36,15.5,11684.6,25.08,11.4,0,Fair,Owned,East,Approved,Non-Default
CUST002250,Female,50,Postgraduate,Unemployed,Married,2,32102.0,674.0,0,LN002250,Personal,52406.0,60,15.81,1269.13,17.82,14.6,0,Good,Mortgage,South,Rejected,Non-Default
CUST002251,Female,55,Graduate,Self-employed,Single,0,35377.0,730.0,0,LN002251,Personal,149740.0,36,16.14,5274.77,32.44,10.7,0,Excellent,Mortgage,East,Approved,Non-Default
CUST002252,Female,33,High School,Salaried,Single,0,55939.0,646.0,2,LN002252,Personal,148838.0,12,17.13,13583.92,42.82,7.2,0,Fair,Rented,East,Approved,Non-Default
CUST002253,Female,49,Graduate,Salaried,Married,0,62828.0,722.0,0,LN002253,Business,314022.0,60,11.54,6912.47,15.37,12.2,0,Excellent,Mortgage,South,Rejected,Non-Default
CUST002254,Male,25,Graduate,Self-employed,Single,0,52433.0,795.0,1,LN002254,Education,91669.0,48,13.27,2471.55,23.12,0.0,0,Excellent,Rented,North,Approved,Non-Default
CUST002255,Female,46,Graduate,Self-employed,Married,0,43081.0,556.0,3,LN002255,Education,270407.0,36,16.0,9506.71,35.7,10.5,0,Fair,Rented,East,Approved,Default
CUST002256,Male,55,Graduate,Salaried,Single,1,74892.0,643.0,2,LN002256,Auto,260921.0,48,13.14,7018.0,28.44,5.1,0,Fair,Rented,North,Approved,Non-Default
CUST002257,Female,51,Postgraduate,Salaried,Married,1,133514.0,617.0,0,LN002257,Education,826950.0,24,17.47,41073.28,39.74,6.2,0,Fair,Owned,West,Approved,Non-Default
CUST002258,Female,32,High School,Salaried,Single,0,45341.0,582.0,2,LN002258,Auto,213139.0,48,16.82,6130.3,22.46,0.9,1,Fair,Rented,South,Approved,Non-Default
CUST002259,Female,45,Postgraduate,Unemployed,Divorced,0,89094.0,686.0,0,LN002259,Auto,629450.0,48,15.77,17764.73,34.26,4.2,0,Good,Rented,West,Approved,Non-Default
CUST002260,Female,42,Graduate,Salaried,Married,0,59106.0,728.0,0,LN002260,Auto,50849.0,48,14.51,1402.57,23.09,19.2,0,Excellent,Owned,North,Approved,Non-Default
CUST002261,Male,48,High School,Self-employed,Single,0,73783.0,584.0,0,LN002261,Business,215318.0,12,17.05,19643.13,43.79,13.1,1,Fair,Owned,North,Approved,Non-Default
CUST002262,Female,45,Graduate,Salaried,Single,1,49037.0,743.0,0,LN002262,Home,152515.0,48,13.65,4140.97,11.71,11.5,2,Excellent,Rented,North,Approved,Non-Default
CUST002263,Female,40,Graduate,Salaried,Married,1,61122.0,640.0,2,LN002263,Home,291599.0,36,14.91,10095.53,25.4,2.3,2,Fair,Mortgage,East,Approved,Non-Default
CUST002264,Female,42,High School,Salaried,Single,0,113172.0,720.0,1,LN002264,Home,124879.0,24,12.83,5927.01,6.85,12.4,2,Excellent,Owned,West,Approved,Default
CUST002265,Female,50,Graduate,Salaried,Divorced,3,47962.0,818.0,1,LN002265,Auto,238140.0,36,11.99,7908.52,30.07,10.3,0,Excellent,Owned,West,Approved,Non-Default
CUST002266,Male,55,High School,Self-employed,Married,0,30417.0,732.0,0,LN002266,Home,299920.0,60,11.06,6529.97,30.96,6.5,1,Excellent,Mortgage,North,Approved,Non-Default
CUST002267,Male,40,Graduate,Self-employed,Single,0,60259.0,657.0,1,LN002267,Education,285904.0,36,16.12,10068.48,50.68,8.8,2,Good,Owned,North,Approved,Non-Default
CUST002268,Male,36,High School,Self-employed,Single,1,56309.0,643.0,2,LN002268,Auto,309513.0,48,16.32,8822.49,23.64,17.7,0,Fair,Owned,North,Approved,Default
CUST002269,Female,35,High School,Self-employed,Single,3,55640.0,705.0,2,LN002269,Personal,308036.0,60,13.13,7029.28,26.54,1.3,0,Excellent,Owned,North,Approved,Non-Default
CUST002270,Male,41,Graduate,Self-employed,Married,2,27917.0,604.0,1,LN002270,Home,162997.0,36,14.92,5643.96,27.68,1.4,1,Fair,Rented,East,Approved,Non-Default
CUST002271,Male,45,High School,Self-employed,Married,0,62653.0,764.0,2,LN002271,Education,89543.0,60,13.95,2081.19,16.0,4.2,0,Excellent,Mortgage,East,Approved,Default
CUST002272,Male,39,High School,Salaried,Married,0,21193.0,676.0,2,LN002272,Education,310165.0,24,14.19,14919.77,75.0,0.8,1,Good,Owned,South,Approved,Default
CUST002273,Male,45,Graduate,Salaried,Married,0,58096.0,753.0,1,LN002273,Business,57275.0,36,14.29,1965.6,15.96,14.0,0,Excellent,Rented,East,Approved,Non-Default
CUST002274,Female,57,Graduate,Salaried,Married,0,38293.0,722.0,2,LN002274,Home,599231.0,24,14.08,28793.46,75.0,1.3,0,Excellent,Owned,West,Approved,Non-Default
CUST002275,Female,44,High School,Salaried,Single,2,58142.0,614.0,2,LN002275,Business,191969.0,48,15.63,5404.15,26.8,8.2,0,Fair,Owned,North,Rejected,Non-Default
CUST002276,Female,43,Postgraduate,Salaried,Married,1,139852.0,653.0,1,LN002276,Home,205523.0,36,15.79,7204.29,5.0,6.8,0,Good,Owned,West,Approved,Non-Default
CUST002277,Female,56,Graduate,Self-employed,Married,1,55485.0,677.0,2,LN002277,Personal,267611.0,48,16.1,7597.88,27.46,10.7,0,Good,Owned,East,Approved,Non-Default
CUST002278,Female,41,High School,Self-employed,Single,3,56588.0,728.0,1,LN002278,Education,193326.0,48,16.36,5514.62,29.4,0.0,0,Excellent,Rented,West,Approved,Non-Default
CUST002279,Male,41,Graduate,Self-employed,Married,1,62767.0,682.0,0,LN002279,Education,152885.0,72,15.88,3306.26,13.95,14.7,2,Good,Owned,East,Approved,Non-Default
CUST002280,Male,40,Graduate,Self-employed,Married,1,32964.0,748.0,0,LN002280,Education,101612.0,36,15.96,3570.37,29.83,0.0,0,Excellent,Rented,East,Approved,Non-Default
CUST002281,Male,45,High School,Salaried,Divorced,1,95470.0,641.0,1,LN002281,Personal,124895.0,48,18.44,3697.57,20.96,2.3,0,Fair,Rented,East,Approved,Default
CUST002282,Female,35,High School,Unemployed,Married,0,77096.0,753.0,1,LN002282,Auto,94233.0,48,14.29,2588.79,23.01,13.2,0,Excellent,Owned,West,Approved,Non-Default
CUST002283,Female,50,Graduate,Self-employed,Married,2,48041.0,693.0,3,LN002283,Personal,274129.0,48,15.91,7756.26,21.45,13.6,0,Good,Rented,South,Rejected,Non-Default
CUST002284,Male,27,Graduate,Self-employed,Divorced,0,54667.0,671.0,1,LN002284,Auto,503546.0,36,16.0,17703.18,52.29,2.4,0,Good,Mortgage,East,Approved,Non-Default
CUST002285,Female,31,Graduate,Salaried,Married,0,33704.0,668.0,0,LN002285,Personal,253593.0,48,15.43,7113.08,34.83,19.9,0,Good,Owned,West,Approved,Non-Default
CUST002286,Female,39,Postgraduate,Self-employed,Single,1,30406.0,612.0,3,LN002286,Home,347394.0,60,16.0,8447.95,50.63,14.0,1,Fair,Rented,East,Approved,Default
CUST002287,Male,60,Postgraduate,Self-employed,Married,1,70541.0,757.0,1,LN002287,Business,300676.0,24,13.96,14430.64,32.35,1.0,0,Excellent,Rented,West,Approved,Non-Default
CUST002288,Male,42,Graduate,Unemployed,Married,0,26759.0,648.0,0,LN002288,Home,153093.0,36,14.44,5265.13,45.54,7.0,0,Fair,Mortgage,East,Approved,Non-Default
CUST002289,Male,51,Postgraduate,Self-employed,Single,1,54531.0,558.0,1,LN002289,Auto,235267.0,36,16.33,8309.67,21.1,9.3,1,Fair,Owned,East,Approved,Default
CUST002290,Female,21,Graduate,Self-employed,Married,1,45921.0,640.0,0,LN002290,Education,169135.0,36,16.3,5971.37,17.3,6.4,0,Fair,Owned,West,Approved,Non-Default
CUST002291,Female,44,Graduate,Salaried,Divorced,1,63959.0,714.0,1,LN002291,Home,208052.0,36,15.81,7294.99,29.3,5.9,0,Excellent,Rented,East,Approved,Non-Default
CUST002292,Male,41,Graduate,Self-employed,Married,0,64013.0,705.0,0,LN002292,Personal,192570.0,36,17.56,6919.44,26.69,0.0,0,Excellent,Mortgage,South,Approved,Non-Default
CUST002293,Female,40,High School,Self-employed,Single,2,63922.0,770.0,1,LN002293,Business,342109.0,36,14.35,11750.71,31.13,0.0,0,Excellent,Rented,West,Approved,Non-Default
CUST002294,Female,36,Graduate,Self-employed,Married,1,43098.0,812.0,1,LN002294,Business,152881.0,48,12.36,4053.02,22.15,5.2,0,Excellent,Owned,East,Approved,Non-Default
CUST002295,Male,29,Graduate,Self-employed,Married,0,27133.0,671.0,0,LN002295,Business,138103.0,48,15.02,3844.91,18.73,7.3,0,Good,Mortgage,North,Rejected,Non-Default
CUST002296,Male,35,High School,Unemployed,Single,1,77379.0,682.0,0,LN002296,Business,168898.0,36,15.43,5890.53,24.08,12.3,0,Good,Mortgage,North,Approved,Non-Default
CUST002297,Male,21,Graduate,Self-employed,Married,0,63269.0,752.0,1,LN002297,Auto,83560.0,60,12.62,1885.03,11.87,11.9,0,Excellent,Owned,South,Approved,Non-Default
CUST002298,Male,32,High School,Unemployed,Single,2,43494.0,620.0,0,LN002298,Business,78269.0,36,16.09,2755.18,22.65,0.1,0,Fair,Mortgage,West,Rejected,Non-Default
CUST002299,Male,26,Graduate,Self-employed,Single,0,38953.0,,0,LN002299,Home,177760.0,60,14.46,4178.68,22.05,9.0,3,Good,Owned,West,Approved,Non-Default
CUST002300,Male,51,Graduate,Self-employed,Single,0,85733.0,620.0,0,LN002300,Business,435504.0,36,16.46,15410.12,23.73,0.0,0,Fair,Owned,North,Approved,Non-Default
CUST002301,Male,28,Graduate,Salaried,Married,0,60469.0,686.0,0,LN002301,Business,241303.0,36,15.77,8456.12,17.12,12.8,1,Good,Rented,South,Approved,Non-Default
CUST002302,Male,45,High School,Salaried,Married,0,87290.0,782.0,1,LN002302,Personal,264725.0,36,16.2,9333.11,16.4,24.8,0,Excellent,Owned,West,Approved,Non-Default
CUST002303,Female,50,High School,Self-employed,Married,2,52885.0,693.0,0,LN002303,Education,299372.0,24,14.17,14397.77,40.76,0.0,0,Good,Owned,South,Approved,Non-Default
CUST002304,Male,33,Graduate,Self-employed,Divorced,0,40730.0,683.0,1,LN002304,Home,182388.0,48,14.88,5064.91,8.45,8.3,0,Good,Mortgage,South,Approved,Non-Default
CUST002305,Female,29,Graduate,Self-employed,Married,1,18000.0,716.0,1,LN002305,Education,315379.0,36,14.0,10778.91,71.5,8.0,0,Excellent,Rented,North,Rejected,Non-Default
CUST002306,Male,40,Graduate,Salaried,Single,1,55531.0,599.0,0,LN002306,Auto,131526.0,24,15.49,6407.92,5.0,11.7,0,Fair,Owned,West,Approved,Default
CUST002307,Female,50,Graduate,Salaried,Married,0,101314.0,681.0,0,LN002307,Education,386200.0,24,13.88,18520.69,34.87,4.9,0,Good,Owned,South,Approved,Non-Default
CUST002308,Female,41,Graduate,Self-employed,Married,1,31815.0,613.0,1,LN002308,Home,36042.0,24,15.23,1751.5,24.2,0.8,0,Fair,Mortgage,North,Approved,Non-Default
CUST002309,Female,39,Postgraduate,Self-employed,Married,3,65381.0,730.0,0,LN002309,Personal,214534.0,48,15.24,5996.77,11.17,5.4,0,Excellent,Mortgage,East,Approved,Non-Default
CUST002310,Male,70,High School,Salaried,Single,3,59356.0,628.0,2,LN002310,Education,160138.0,12,15.8,14514.31,35.41,2.9,0,Fair,Rented,North,Approved,Non-Default
CUST002311,Male,43,Graduate,Unemployed,Married,0,35647.0,776.0,1,LN002311,Personal,283620.0,24,15.62,13835.48,60.38,1.5,0,Excellent,Rented,West,Approved,Default
CUST002312,Female,39,Graduate,Salaried,Married,3,84433.0,643.0,2,LN002312,Home,122607.0,48,13.46,3317.3,15.61,11.3,0,Fair,Rented,West,Approved,Non-Default
CUST002313,Male,48,Graduate,Self-employed,Married,0,30525.0,742.0,2,LN002313,Home,140403.0,24,14.63,6783.01,44.95,5.8,0,Excellent,Owned,North,Approved,Non-Default
CUST002314,Male,45,Graduate,Self-employed,Married,0,148466.0,777.0,2,LN002314,Personal,171572.0,12,15.52,15527.93,29.81,6.7,1,Excellent,Mortgage,South,Approved,Non-Default
CUST002315,Female,50,Postgraduate,Unemployed,Single,1,31503.0,620.0,2,LN002315,Education,176923.0,36,14.95,6128.76,14.75,8.7,0,Fair,Mortgage,North,Approved,Non-Default
CUST002316,Female,24,Graduate,Self-employed,Married,2,60884.0,581.0,3,LN002316,Auto,282231.0,72,15.24,6004.62,10.98,8.0,0,Fair,Mortgage,North,Approved,Non-Default
CUST002317,Male,39,Graduate,Self-employed,Married,2,123897.0,738.0,3,LN002317,Personal,310709.0,36,14.99,10769.31,26.89,10.5,1,Excellent,Owned,East,Approved,Default
CUST002318,Female,48,High School,Self-employed,Divorced,1,64539.0,661.0,2,LN002318,Auto,240765.0,36,15.89,8451.51,28.43,12.5,0,Good,Owned,South,Approved,Non-Default
CUST002319,Male,32,High School,Salaried,Single,2,77652.0,664.0,2,LN002319,Personal,207858.0,60,16.75,5137.91,18.01,8.3,1,Good,Mortgage,East,Approved,Non-Default
CUST002320,Male,48,Postgraduate,Salaried,Married,1,85064.0,630.0,1,LN002320,Education,128166.0,48,14.52,3535.85,14.36,13.5,0,Fair,Owned,West,Approved,Default
CUST002321,Female,46,High School,Self-employed,Single,2,39393.0,592.0,2,LN002321,Home,112005.0,24,16.01,5484.65,29.13,0.0,1,Fair,Rented,West,Rejected,Default
CUST002322,Male,45,High School,Salaried,Married,0,50193.0,561.0,0,LN002322,Personal,198569.0,60,17.67,5006.77,15.51,1.1,0,Fair,Rented,East,Approved,Default
CUST002323,Male,30,Graduate,Self-employed,Married,1,75641.0,523.0,0,LN002323,Personal,157691.0,60,17.37,3950.47,17.57,7.4,0,Poor,Rented,West,Approved,Non-Default
CUST002324,Female,27,High School,Self-employed,Single,2,45157.0,743.0,1,LN002324,Business,235140.0,72,14.95,4965.66,21.07,8.5,0,Excellent,Rented,East,Approved,Non-Default
CUST002325,Female,29,High School,Salaried,Single,0,50340.0,722.0,1,LN002325,Education,822836.0,60,14.47,19347.04,47.55,12.5,0,Excellent,Rented,South,Approved,Non-Default
CUST002326,Male,32,Graduate,Salaried,Married,3,66142.0,742.0,0,LN002326,Home,392239.0,24,15.68,19145.32,38.75,4.0,0,Excellent,Owned,West,Rejected,Non-Default
CUST002327,Male,45,High School,Salaried,Married,0,61326.0,782.0,1,LN002327,Home,330564.0,48,13.05,8876.41,17.47,5.7,0,Excellent,Rented,East,Approved,Non-Default
CUST002328,Male,36,Postgraduate,Salaried,Divorced,0,85052.0,672.0,1,LN002328,Business,89500.0,60,12.92,2032.74,9.45,9.5,0,Good,Mortgage,East,Approved,Non-Default
CUST002329,Female,34,High School,Self-employed,Divorced,0,39070.0,592.0,0,LN002329,Business,69261.0,24,16.81,3418.1,8.85,15.4,0,Fair,Owned,South,Approved,Non-Default
CUST002330,Female,21,Postgraduate,Salaried,Married,0,20580.0,675.0,1,LN002330,Business,72795.0,36,15.7,2548.49,29.43,0.0,1,Good,Rented,North,Approved,Default
CUST002331,Female,26,Graduate,Salaried,Married,2,48931.0,740.0,2,LN002331,Business,257478.0,24,17.07,12738.96,33.63,10.8,0,Excellent,Rented,North,Approved,Non-Default
CUST002332,Female,39,Graduate,Salaried,Single,2,72649.0,714.0,0,LN002332,Personal,488280.0,24,18.22,24428.88,35.9,7.9,2,Excellent,Owned,East,Approved,Non-Default
CUST002333,Male,21,Postgraduate,Salaried,Single,2,30726.0,845.0,0,LN002333,Home,141176.0,24,12.43,6674.03,31.97,18.8,0,Excellent,Mortgage,South,Approved,Non-Default
CUST002334,Female,39,Graduate,Salaried,Single,0,61230.0,742.0,0,LN002334,Home,134984.0,60,13.57,3110.83,19.29,5.2,0,Excellent,Owned,West,Rejected,Non-Default
CUST002335,Female,40,Graduate,Unemployed,Married,1,31739.0,728.0,1,LN002335,Home,144386.0,72,12.51,2861.21,22.54,12.1,0,Excellent,Mortgage,South,Approved,Non-Default
CUST002336,Female,60,Graduate,Salaried,Married,0,83312.0,679.0,0,LN002336,Education,394371.0,12,13.35,35288.93,50.73,11.0,0,Good,Rented,West,Approved,Non-Default
CUST002337,Female,34,Graduate,Salaried,Single,3,18000.0,728.0,0,LN002337,Auto,327774.0,24,14.38,15796.28,75.0,14.5,0,Excellent,Owned,South,Rejected,Non-Default
CUST002338,Female,56,Graduate,Self-employed,Single,0,38188.0,689.0,3,LN002338,Auto,162400.0,24,15.2,7889.67,36.84,11.8,0,Good,Rented,South,Approved,Non-Default
CUST002339,Male,53,Postgraduate,Self-employed,Married,1,69076.0,716.0,0,LN002339,Personal,282502.0,60,15.52,6798.06,16.41,5.8,0,Excellent,Rented,East,Approved,Non-Default
CUST002340,Male,40,Postgraduate,Salaried,Single,3,42299.0,742.0,2,LN002340,Personal,280025.0,24,15.75,13677.47,35.49,0.0,0,Excellent,Owned,South,Approved,Non-Default
CUST002341,Female,35,High School,Self-employed,Married,1,59279.0,795.0,1,LN002341,Home,238578.0,36,13.5,8096.21,34.28,6.0,0,Excellent,Owned,East,Approved,Non-Default
CUST002342,Female,34,Graduate,Salaried,Married,1,60216.0,719.0,3,LN002342,Home,162282.0,36,13.24,5486.7,15.38,7.9,0,Excellent,Mortgage,South,Approved,Non-Default
CUST002343,Female,30,High School,Salaried,Single,0,31794.0,756.0,2,LN002343,Personal,260097.0,60,16.93,6454.29,33.81,3.4,0,Excellent,Owned,East,Rejected,Non-Default
CUST002344,Female,32,Graduate,Salaried,Married,0,59537.0,606.0,2,LN002344,Home,452212.0,60,14.68,10682.28,23.21,12.4,1,Fair,Rented,West,Rejected,Non-Default
CUST002345,Male,40,High School,Salaried,Married,2,52065.0,701.0,0,LN002345,Personal,106733.0,24,16.4,5246.4,22.57,6.4,1,Excellent,Rented,East,Approved,Non-Default
CUST002346,Male,53,High School,Unemployed,Married,2,89248.0,643.0,1,LN002346,Auto,254213.0,72,15.63,5462.69,9.6,8.3,1,Fair,Rented,West,Approved,Non-Default
CUST002347,Male,24,High School,Salaried,Married,1,62113.0,700.0,2,LN002347,Home,224010.0,36,14.22,7680.09,27.93,10.9,0,Excellent,Mortgage,South,Approved,Non-Default
CUST002348,Male,40,High School,Salaried,Married,1,40948.0,691.0,0,LN002348,Education,332295.0,48,14.34,9137.23,34.1,8.4,0,Good,Rented,East,Rejected,Non-Default
CUST002349,Male,47,Graduate,Salaried,Single,3,34880.0,,0,LN002349,Personal,65368.0,36,17.02,2331.2,15.76,5.7,0,Excellent,Owned,East,Approved,Non-Default
CUST002350,Female,32,High School,Salaried,Married,2,55678.0,619.0,0,LN002350,Personal,127275.0,60,15.5,3061.37,23.08,4.1,0,Fair,Owned,North,Approved,Non-Default
CUST002351,Male,36,High School,Salaried,Married,2,86284.0,759.0,0,LN002351,Home,126611.0,72,14.2,2622.49,14.83,16.5,0,Excellent,Rented,South,Approved,Non-Default
CUST002352,Female,28,Graduate,Self-employed,Single,0,37950.0,784.0,2,LN002352,Home,185252.0,24,12.91,8799.39,32.36,10.8,1,Excellent,Mortgage,North,Approved,Non-Default
CUST002353,Female,38,Postgraduate,Self-employed,Single,3,42443.0,702.0,2,LN002353,Home,87131.0,48,13.63,2364.84,12.51,5.4,0,Excellent,Owned,East,Approved,Non-Default
CUST002354,Female,29,High School,Salaried,Married,0,130986.0,734.0,1,LN002354,Business,89609.0,36,16.91,3190.79,17.19,11.1,1,Excellent,Owned,South,Approved,Non-Default
CUST002355,Male,42,Graduate,Salaried,Married,0,54418.0,778.0,0,LN002355,Home,265299.0,24,14.25,12769.13,28.6,5.6,2,Excellent,Owned,West,Approved,Default
CUST002356,Male,40,Graduate,Salaried,Single,1,89105.0,707.0,0,LN002356,Personal,327037.0,24,16.94,16160.02,35.03,5.2,0,Excellent,Rented,West,Approved,Non-Default
CUST002357,Female,37,Graduate,Salaried,Married,3,108143.0,722.0,2,LN002357,Personal,124226.0,72,15.41,2654.5,5.0,28.1,0,Excellent,Owned,West,Approved,Non-Default
CUST002358,Male,31,Postgraduate,Salaried,Married,1,58900.0,699.0,0,LN002358,Home,294174.0,60,15.24,7035.49,9.82,10.9,0,Good,Mortgage,South,Approved,Default
CUST002359,Male,35,Postgraduate,Salaried,Married,2,39607.0,751.0,1,LN002359,Home,267001.0,36,13.24,9027.21,31.01,11.8,0,Excellent,Owned,North,Approved,Non-Default
CUST002360,Male,30,Graduate,Salaried,Married,2,19352.0,683.0,1,LN002360,Personal,84468.0,36,16.22,2978.83,27.7,6.2,1,Good,Owned,West,Approved,Default
CUST002361,Male,47,Graduate,Salaried,Single,0,77328.0,648.0,0,LN002361,Business,548498.0,36,18.02,19835.02,47.26,9.6,1,Fair,Mortgage,North,Approved,Default
CUST002362,Female,32,High School,Salaried,Married,3,22539.0,754.0,0,LN002362,Home,105005.0,60,12.55,2365.07,25.03,0.0,0,Excellent,Mortgage,North,Approved,Non-Default
CUST002363,Male,49,Graduate,Self-employed,Single,1,44082.0,729.0,3,LN002363,Home,85237.0,72,12.51,1689.09,13.82,15.6,2,Excellent,Rented,North,Approved,Non-Default
CUST002364,Female,47,Graduate,Self-employed,Married,2,27033.0,718.0,0,LN002364,Personal,63344.0,36,15.9,2223.86,14.85,8.7,0,Excellent,Owned,East,Approved,Non-Default
CUST002365,Male,32,Postgraduate,Salaried,Married,2,60732.0,655.0,0,LN002365,Home,63538.0,48,13.85,1731.49,6.45,18.0,0,Good,Owned,North,Approved,Default
CUST002366,Male,35,Graduate,Salaried,Married,1,63433.0,683.0,1,LN002366,Education,195973.0,24,15.78,9574.86,33.72,12.5,0,Good,Rented,West,Rejected,Non-Default
CUST002367,Male,35,Graduate,Salaried,Married,0,65626.0,698.0,0,LN002367,Home,239442.0,24,15.03,11613.15,32.71,2.1,2,Good,Owned,North,Approved,Non-Default
CUST002368,Female,49,High School,Self-employed,Single,1,58746.0,726.0,0,LN002368,Personal,631610.0,36,13.33,21381.97,54.43,12.4,0,Excellent,Rented,West,Approved,Default
CUST002369,Male,50,High School,Salaried,Single,0,24264.0,733.0,0,LN002369,Home,47903.0,72,12.86,958.07,10.92,12.4,0,Excellent,Rented,East,Approved,Non-Default
CUST002370,Female,21,Postgraduate,Salaried,Divorced,3,33100.0,672.0,3,LN002370,Auto,46198.0,60,14.78,1093.72,10.23,0.0,0,Good,Rented,South,Approved,Non-Default
CUST002371,Male,40,High School,Salaried,Single,0,84277.0,711.0,1,LN002371,Business,130334.0,48,11.29,3386.94,17.95,20.4,1,Excellent,Rented,West,Rejected,Non-Default
CUST002372,Female,47,High School,Salaried,Married,3,26138.0,795.0,3,LN002372,Auto,118004.0,48,13.14,3173.96,26.17,4.6,2,Excellent,Rented,West,Approved,Default
CUST002373,Female,48,High School,Salaried,Single,3,29522.0,618.0,2,LN002373,Business,371538.0,36,17.02,13250.04,67.73,9.8,0,Fair,Rented,East,Approved,Default
CUST002374,Female,48,High School,Self-employed,Single,1,65699.0,772.0,1,LN002374,Personal,195722.0,36,15.51,6833.75,12.67,6.6,0,Excellent,Rented,South,Approved,Non-Default
CUST002375,Male,59,High School,Self-employed,Divorced,0,69843.0,684.0,0,LN002375,Business,673844.0,24,14.02,32359.56,68.8,11.6,1,Good,Mortgage,East,Approved,Default
CUST002376,Female,48,High School,Salaried,Married,1,71953.0,622.0,1,LN002376,Business,193448.0,48,15.63,5445.78,12.7,9.6,0,Fair,Rented,South,Approved,Non-Default
CUST002377,Female,21,Graduate,Salaried,Divorced,2,74300.0,777.0,1,LN002377,Personal,152207.0,48,15.31,4259.99,15.96,13.3,0,Excellent,Owned,North,Approved,Non-Default
CUST002378,Male,32,Graduate,Salaried,Divorced,0,27325.0,589.0,3,LN002378,Personal,90796.0,48,16.9,2615.23,15.1,11.8,0,Fair,Rented,North,Approved,Non-Default
CUST002379,Male,21,High School,Self-employed,Married,0,53617.0,627.0,0,LN002379,Home,92382.0,12,14.97,8336.94,43.87,18.2,1,Fair,Rented,North,Approved,Non-Default
CUST002380,Female,34,Postgraduate,Salaried,Married,1,48572.0,709.0,1,LN002380,Personal,773552.0,36,12.66,25937.52,71.52,0.0,0,Excellent,Mortgage,West,Approved,Non-Default
CUST002381,Female,59,Graduate,Salaried,Married,1,33002.0,692.0,1,LN002381,Personal,241036.0,48,16.89,6941.39,38.94,0.0,1,Good,Rented,North,Rejected,Non-Default
CUST002382,Male,31,Graduate,Self-employed,Single,1,81952.0,690.0,1,LN002382,Auto,39680.0,48,15.59,1116.23,5.0,1.7,0,Good,Mortgage,West,Rejected,Non-Default
CUST002383,Female,36,High School,Unemployed,Married,1,26064.0,682.0,0,LN002383,Auto,105022.0,60,14.94,2495.16,15.49,10.2,0,Good,Mortgage,South,Approved,Non-Default
CUST002384,Female,40,High School,Self-employed,Married,1,50369.0,648.0,0,LN002384,Home,83910.0,60,14.05,1954.61,11.68,1.1,2,Fair,Mortgage,South,Approved,Default
CUST002385,Male,68,Graduate,Salaried,Single,0,88911.0,724.0,0,LN002385,Home,51199.0,12,16.82,4665.22,13.31,3.2,0,Excellent,Owned,West,Rejected,Non-Default
CUST002386,Male,37,Postgraduate,Salaried,Married,0,47077.0,681.0,3,LN002386,Auto,153474.0,60,13.34,3518.78,19.29,13.9,0,Good,Owned,North,Approved,Non-Default
CUST002387,Male,48,High School,Salaried,Married,1,71765.0,708.0,1,LN002387,Home,203153.0,60,14.51,4780.9,18.24,10.5,0,Excellent,Mortgage,North,Approved,Non-Default
CUST002388,Male,44,High School,Salaried,Married,1,37411.0,715.0,2,LN002388,Home,174785.0,36,13.3,5914.49,17.04,10.3,0,Excellent,Rented,West,Approved,Non-Default
CUST002389,Female,36,Graduate,Self-employed,Divorced,1,38709.0,630.0,1,LN002389,Education,129168.0,24,14.77,6248.82,37.86,10.9,0,Fair,Owned,East,Approved,Non-Default
CUST002390,Male,32,Graduate,Self-employed,Single,0,49963.0,708.0,2,LN002390,Personal,236277.0,12,15.73,21407.44,58.51,9.5,0,Excellent,Owned,West,Rejected,Non-Default
CUST002391,Female,34,High School,Self-employed,Married,0,28671.0,687.0,0,LN002391,Business,383842.0,12,15.4,34717.42,75.0,5.0,2,Good,Owned,West,Approved,Default
CUST002392,Male,37,Graduate,Unemployed,Married,0,34771.0,694.0,2,LN002392,Education,179160.0,60,14.07,4175.24,24.23,7.1,0,Good,Owned,South,Approved,Non-Default
CUST002393,Female,23,Graduate,Salaried,Married,1,59123.0,797.0,0,LN002393,Auto,290762.0,36,15.41,10137.84,30.84,8.2,0,Excellent,Owned,East,Rejected,Non-Default
CUST002394,Male,35,High School,Salaried,Single,1,94667.0,592.0,1,LN002394,Personal,162495.0,12,18.53,14938.56,19.32,12.0,0,Fair,Rented,East,Approved,Non-Default
CUST002395,Female,26,Graduate,Unemployed,Single,0,28356.0,766.0,1,LN002395,Home,308370.0,12,12.91,27529.75,75.0,10.5,0,Excellent,Owned,East,Approved,Non-Default
CUST002396,Male,35,Graduate,Salaried,Single,2,57037.0,608.0,2,LN002396,Home,184061.0,24,15.18,8940.25,32.91,12.1,0,Fair,Rented,South,Rejected,Non-Default
CUST002397,Male,27,Graduate,Unemployed,Single,1,99299.0,691.0,0,LN002397,Education,111095.0,48,13.42,3003.61,15.82,1.0,0,Good,Mortgage,South,Approved,Non-Default
CUST002398,Female,41,Postgraduate,Salaried,Single,2,93447.0,725.0,0,LN002398,Personal,198393.0,60,13.24,4538.46,14.26,12.1,0,Excellent,Mortgage,South,Approved,Non-Default
CUST002399,Female,32,High School,Self-employed,Married,1,21739.0,766.0,0,LN002399,Home,265023.0,60,12.93,6020.6,54.38,3.1,0,Excellent,Owned,East,Approved,Non-Default
CUST002400,Female,58,Graduate,Salaried,Married,2,72964.0,761.0,2,LN002400,Auto,289700.0,36,11.98,9619.42,13.05,1.9,0,Excellent,Rented,West,Approved,Non-Default
CUST002401,Female,32,Graduate,Salaried,Single,1,71926.0,709.0,0,LN002401,Personal,226793.0,60,18.33,5799.84,14.21,11.8,0,Excellent,Rented,West,Approved,Non-Default
CUST002402,Male,34,Graduate,Salaried,Married,3,48536.0,833.0,1,LN002402,Personal,311105.0,60,12.93,7067.45,28.74,6.6,1,Excellent,Rented,South,Approved,Non-Default
CUST002403,Male,46,High School,Salaried,Married,3,126895.0,701.0,1,LN002403,Personal,243415.0,12,14.18,21876.15,20.7,6.3,2,Excellent,Owned,South,Approved,Non-Default
CUST002404,Female,58,Postgraduate,Self-employed,Married,0,50549.0,673.0,0,LN002404,Education,204248.0,48,14.03,5584.45,32.05,9.5,0,Good,Owned,East,Approved,Non-Default
CUST002405,Male,43,High School,Self-employed,Single,0,121115.0,635.0,2,LN002405,Education,116924.0,72,16.21,2549.83,5.56,9.3,1,Fair,Rented,South,Approved,Non-Default
CUST002406,Male,42,Graduate,Salaried,Single,0,40857.0,615.0,1,LN002406,Business,119566.0,12,17.27,10920.31,26.14,13.2,0,Fair,Rented,West,Approved,Non-Default
CUST002407,Female,45,Graduate,Salaried,Married,2,51128.0,799.0,2,LN002407,Personal,264756.0,36,14.21,9075.76,27.78,7.1,1,Excellent,Mortgage,South,Approved,Non-Default
CUST002408,Female,41,High School,Salaried,Married,1,29828.0,727.0,1,LN002408,Auto,31972.0,72,14.69,670.68,8.29,16.2,0,Excellent,Rented,West,Approved,Non-Default
CUST002409,Male,35,Graduate,Self-employed,Married,1,21201.0,795.0,2,LN002409,Home,164030.0,12,11.99,14573.1,75.0,1.3,1,Excellent,Rented,North,Approved,Default
CUST002410,Male,49,High School,Salaried,Single,2,71831.0,635.0,0,LN002410,Home,216437.0,60,16.75,5349.97,13.11,10.8,0,Fair,Rented,North,Approved,Non-Default
CUST002411,Male,30,Graduate,Salaried,Single,0,45341.0,576.0,0,LN002411,Home,710963.0,48,16.64,20382.69,46.49,7.9,0,Fair,Mortgage,North,Approved,Non-Default
CUST002412,Female,37,Graduate,Unemployed,Married,0,58935.0,725.0,2,LN002412,Personal,84810.0,12,16.88,7730.25,25.0,15.3,0,Excellent,Mortgage,East,Rejected,Non-Default
CUST002413,Male,27,High School,Self-employed,Single,1,53825.0,634.0,1,LN002413,Personal,189305.0,24,14.97,9176.07,15.36,3.5,1,Fair,Owned,South,Approved,Non-Default
CUST002414,Male,21,Graduate,Salaried,Single,1,103395.0,700.0,2,LN002414,Personal,60663.0,36,17.38,2174.29,16.96,7.5,0,Excellent,Owned,North,Rejected,Non-Default
CUST002415,Female,47,High School,Unemployed,Divorced,1,71782.0,665.0,0,LN002415,Home,64929.0,48,13.35,1753.18,12.17,19.8,0,Good,Rented,West,Approved,Non-Default
CUST002416,Male,39,Postgraduate,Salaried,Married,0,35638.0,673.0,1,LN002416,Home,146333.0,48,14.63,4045.16,18.64,3.0,0,Good,Rented,South,Rejected,Non-Default
CUST002417,Male,38,Graduate,Salaried,Single,0,52121.0,759.0,1,LN002417,Home,109106.0,36,13.76,3716.28,12.52,8.7,0,Excellent,Owned,East,Rejected,Non-Default
CUST002418,Female,46,Graduate,Unemployed,Married,2,28877.0,735.0,2,LN002418,Personal,662155.0,48,15.77,18687.75,75.0,4.3,0,Excellent,Owned,North,Approved,Non-Default
CUST002419,Male,35,High School,Salaried,Married,1,53680.0,733.0,1,LN002419,Business,88717.0,60,16.03,2158.84,11.22,17.7,0,Excellent,Mortgage,North,Approved,Non-Default
CUST002420,Female,32,Graduate,Salaried,Divorced,1,93316.0,715.0,1,LN002420,Home,55813.0,60,14.05,1300.12,10.07,17.8,0,Excellent,Owned,North,Approved,Non-Default
CUST002421,Female,43,Graduate,Unemployed,Single,3,,711.0,0,LN002421,Home,154447.0,24,14.63,7461.5,32.97,8.8,0,Excellent,Owned,East,Approved,Non-Default
CUST002422,Male,40,Postgraduate,Salaried,Single,2,70187.0,659.0,1,LN002422,Education,96464.0,36,14.08,3300.66,23.21,12.5,0,Good,Mortgage,North,Approved,Non-Default
CUST002423,Female,21,Postgraduate,Salaried,Married,2,24894.0,668.0,1,LN002423,Personal,238662.0,36,15.79,8365.92,45.08,5.4,1,Good,Mortgage,South,Approved,Non-Default
CUST002424,Male,56,Graduate,Salaried,Married,0,75226.0,560.0,0,LN002424,Auto,477833.0,36,15.47,16674.43,28.9,15.1,0,Fair,Rented,East,Approved,Non-Default
CUST002425,Male,64,Graduate,Self-employed,Married,2,53970.0,761.0,0,LN002425,Education,81039.0,60,13.21,1852.61,16.18,9.0,0,Excellent,Owned,North,Approved,Non-Default
CUST002426,Female,39,Graduate,Self-employed,Married,0,61423.0,652.0,1,LN002426,Personal,136009.0,72,19.66,3231.05,9.58,14.5,1,Good,Owned,South,Approved,Non-Default
CUST002427,Male,34,Graduate,Salaried,Married,1,46144.0,633.0,1,LN002427,Home,102651.0,72,15.17,2180.04,12.86,0.0,0,Fair,Mortgage,South,Approved,Non-Default
CUST002428,Male,34,Postgraduate,Salaried,Married,0,39436.0,535.0,1,LN002428,Auto,197887.0,12,15.22,17881.5,55.68,0.6,0,Poor,Rented,North,Approved,Non-Default
CUST002429,Female,39,Graduate,Salaried,Married,2,59809.0,712.0,1,LN002429,Home,593132.0,48,14.27,16288.66,31.94,2.3,0,Excellent,Mortgage,South,Rejected,Non-Default
CUST002430,Male,47,Graduate,Self-employed,Married,2,51524.0,648.0,1,LN002430,Personal,166723.0,48,15.4,4673.9,18.64,14.1,0,Fair,Rented,West,Approved,Default
CUST002431,Male,45,Graduate,Salaried,Single,2,50795.0,625.0,0,LN002431,Business,144443.0,48,15.62,4065.5,18.65,13.1,0,Fair,Owned,South,Rejected,Non-Default
CUST002432,Female,29,Graduate,Self-employed,Married,2,41509.0,712.0,2,LN002432,Business,232911.0,36,17.03,8307.39,29.73,0.0,0,Excellent,Rented,West,Approved,Non-Default
CUST002433,Male,29,Graduate,Unemployed,Married,2,96784.0,719.0,0,LN002433,Home,265188.0,60,15.65,6399.64,14.59,0.0,0,Excellent,Mortgage,West,Approved,Default
CUST002434,Male,69,Graduate,Unemployed,Married,3,90227.0,684.0,2,LN002434,Home,177044.0,60,15.33,4242.59,25.91,17.7,0,Good,Rented,West,Approved,Non-Default
CUST002435,Female,30,High School,Self-employed,Single,1,131205.0,608.0,0,LN002435,Home,152334.0,24,13.86,7303.92,16.31,10.5,0,Fair,Owned,East,Approved,Non-Default
CUST002436,Female,52,High School,Salaried,Married,2,56395.0,700.0,0,LN002436,Personal,167176.0,12,15.64,15139.56,45.31,11.6,0,Excellent,Rented,South,Approved,Non-Default
CUST002437,Male,29,High School,Self-employed,Married,0,112113.0,699.0,0,LN002437,Business,80920.0,60,17.82,2046.92,17.04,2.7,1,Good,Owned,West,Approved,Default
CUST002438,Female,47,High School,Salaried,Married,0,60270.0,688.0,1,LN002438,Personal,315408.0,24,17.71,15702.3,42.17,3.4,0,Good,Rented,East,Approved,Non-Default
CUST002439,Female,55,Graduate,Unemployed,Divorced,2,57527.0,652.0,2,LN002439,Personal,252212.0,24,16.35,12391.3,30.42,15.5,0,Good,Mortgage,East,Approved,Non-Default
CUST002440,Female,49,Graduate,Salaried,Married,0,27396.0,587.0,1,LN002440,Personal,50129.0,36,17.9,1809.77,18.35,12.6,0,Fair,Owned,South,Approved,Default
CUST002441,Male,61,Graduate,Self-employed,Divorced,1,83423.0,793.0,0,LN002441,Education,181895.0,36,13.53,6175.3,23.78,13.8,0,Excellent,Owned,East,Approved,Non-Default
CUST002442,Female,36,Graduate,Salaried,Single,1,81894.0,687.0,1,LN002442,Auto,63162.0,12,14.23,5677.97,7.42,1.4,0,Good,Owned,South,Approved,Non-Default
CUST002443,Female,54,High School,Salaried,Married,3,50462.0,723.0,3,LN002443,Personal,116229.0,36,15.22,4041.65,14.28,15.5,0,Excellent,Rented,South,Approved,Default
CUST002444,Male,55,High School,Salaried,Single,2,60115.0,727.0,0,LN002444,Home,69752.0,72,12.54,1383.33,16.07,19.5,0,Excellent,Mortgage,East,Approved,Non-Default
CUST002445,Female,28,Graduate,Salaried,Married,2,62354.0,724.0,1,LN002445,Auto,341442.0,36,14.43,11741.11,24.64,6.5,0,Excellent,Rented,North,Rejected,Default
CUST002446,Male,54,Graduate,Self-employed,Single,3,31616.0,646.0,2,LN002446,Business,475161.0,24,13.68,22742.08,75.0,10.8,0,Fair,Rented,West,Approved,Non-Default
CUST002447,Male,40,Graduate,Self-employed,Single,0,32047.0,748.0,0,LN002447,Education,219369.0,72,16.32,4797.25,35.22,12.5,0,Excellent,Rented,South,Approved,Non-Default
CUST002448,Male,35,High School,Unemployed,Married,3,39065.0,691.0,1,LN002448,Auto,221506.0,36,13.9,7559.8,30.36,16.6,0,Good,Owned,North,Approved,Non-Default
CUST002449,Male,40,High School,Self-employed,Single,1,50078.0,570.0,0,LN002449,Personal,246408.0,24,17.91,12290.99,36.58,7.0,0,Fair,Owned,East,Approved,Non-Default
CUST002450,Male,49,Graduate,Unemployed,Single,1,49187.0,662.0,2,LN002450,Home,115049.0,36,15.52,4017.57,10.6,9.8,3,Good,Owned,East,Approved,Non-Default
CUST002451,Male,47,Graduate,Salaried,Married,3,70357.0,562.0,1,LN002451,Business,203603.0,72,15.86,4400.84,11.0,5.7,0,Fair,Rented,South,Rejected,Non-Default
CUST002452,Female,52,High School,Salaried,Married,0,28845.0,616.0,0,LN002452,Personal,87666.0,48,16.53,2508.34,23.39,9.4,0,Fair,Owned,West,Approved,Non-Default
CUST002453,Male,29,High School,Salaried,Married,0,121259.0,698.0,0,LN002453,Home,217547.0,12,12.95,19425.6,35.32,12.8,0,Good,Rented,West,Approved,Non-Default
CUST002454,Female,25,Graduate,Unemployed,Married,0,43369.0,732.0,1,LN002454,Home,168997.0,60,15.3,4047.09,35.85,9.4,1,Excellent,Owned,East,Approved,Default
CUST002455,Male,51,High School,Salaried,Divorced,0,61861.0,622.0,0,LN002455,Auto,185883.0,60,15.19,4440.7,30.25,19.9,0,Fair,Owned,East,Approved,Default
CUST002456,Male,49,Graduate,Self-employed,Married,1,51102.0,654.0,3,LN002456,Home,1128392.0,24,13.07,53682.92,75.0,11.7,0,Good,Rented,North,Rejected,Non-Default
CUST002457,Female,44,High School,Unemployed,Married,1,65762.0,680.0,0,LN002457,Home,136060.0,24,11.5,6373.09,18.08,4.3,2,Good,Owned,North,Approved,Non-Default
CUST002458,Female,29,Graduate,Unemployed,Divorced,1,63980.0,600.0,1,LN002458,Auto,419741.0,48,16.75,12057.42,34.4,10.9,0,Fair,Rented,South,Approved,Non-Default
CUST002459,Female,58,High School,Salaried,Divorced,0,21973.0,829.0,0,LN002459,Business,69472.0,12,14.11,6241.29,35.79,3.5,0,Excellent,Owned,North,Approved,Non-Default
CUST002460,Female,36,High School,Salaried,Married,0,51611.0,692.0,0,LN002460,Home,134250.0,60,12.85,3044.3,9.22,0.6,0,Good,Owned,East,Rejected,Non-Default
CUST002461,Female,31,Graduate,Salaried,Married,2,114871.0,613.0,0,LN002461,Business,341296.0,48,15.47,9580.03,16.27,7.6,2,Fair,Owned,East,Approved,Default
CUST002462,Female,45,High School,Salaried,Divorced,0,56058.0,759.0,2,LN002462,Personal,119010.0,60,12.09,2652.73,9.89,0.0,2,Excellent,Mortgage,North,Approved,Non-Default
CUST002463,Male,43,Graduate,Salaried,Single,2,62185.0,744.0,0,LN002463,Personal,242524.0,24,14.17,11663.76,23.93,11.3,0,Excellent,Owned,West,Approved,Default
CUST002464,Male,21,Postgraduate,Unemployed,Divorced,0,55838.0,612.0,1,LN002464,Business,196016.0,36,14.93,6788.24,6.95,13.4,0,Fair,Rented,North,Approved,Non-Default
CUST002465,Female,47,High School,Self-employed,Married,1,94500.0,648.0,3,LN002465,Personal,323746.0,36,16.69,11492.54,17.68,7.8,0,Fair,Owned,North,Approved,Non-Default
CUST002466,Male,36,Graduate,Unemployed,Married,0,42795.0,680.0,0,LN002466,Business,131035.0,48,16.24,3729.69,17.85,6.5,0,Good,Owned,South,Approved,Non-Default
CUST002467,Male,49,Graduate,Unemployed,Married,1,23155.0,697.0,2,LN002467,Personal,349662.0,60,14.84,8289.1,55.63,7.9,3,Good,Mortgage,East,Approved,Non-Default
CUST002468,Male,50,Graduate,Self-employed,Divorced,1,62525.0,628.0,0,LN002468,Home,150348.0,60,12.59,3389.41,9.22,4.7,0,Fair,Rented,West,Approved,Non-Default
CUST002469,Female,44,High School,Salaried,Single,0,94153.0,761.0,1,LN002469,Home,151824.0,24,15.29,7382.37,19.19,0.0,0,Excellent,Owned,North,Approved,Non-Default
CUST002470,Male,50,Graduate,Self-employed,Divorced,2,79247.0,613.0,0,LN002470,Home,132861.0,36,15.46,4635.66,11.38,4.4,0,Fair,Mortgage,West,Rejected,Non-Default
CUST002471,Male,51,High School,Salaried,Single,2,89598.0,604.0,0,LN002471,Business,307043.0,36,16.15,10817.47,26.07,7.0,0,Fair,Mortgage,East,Approved,Non-Default
CUST002472,Female,36,Postgraduate,Self-employed,Divorced,0,43070.0,614.0,1,LN002472,Education,261960.0,12,17.38,23939.26,75.0,0.9,0,Fair,Owned,South,Approved,Default
CUST002473,Female,42,Postgraduate,Salaried,Married,0,50876.0,671.0,1,LN002473,Home,110662.0,60,16.47,2718.8,5.0,9.8,0,Good,Mortgage,West,Rejected,Non-Default
CUST002474,Male,31,Graduate,Salaried,Divorced,0,70635.0,755.0,2,LN002474,Auto,203205.0,48,14.54,5608.08,25.02,13.3,1,Excellent,Rented,North,Approved,Default
CUST002475,Male,37,High School,Salaried,Single,1,62802.0,689.0,1,LN002475,Home,100734.0,24,14.47,4858.93,21.25,14.9,0,Good,Rented,South,Rejected,Non-Default
CUST002476,Male,34,High School,Unemployed,Divorced,2,30210.0,750.0,0,LN002476,Auto,218244.0,60,15.69,5271.39,40.41,1.6,0,Excellent,Owned,South,Approved,Non-Default
CUST002477,Female,35,Graduate,Salaried,Married,2,35943.0,734.0,0,LN002477,Personal,129446.0,48,15.92,3663.23,24.22,14.2,1,Excellent,Owned,East,Approved,Non-Default
CUST002478,Male,50,Graduate,Salaried,Married,0,68658.0,635.0,0,LN002478,Business,133271.0,48,18.37,3940.65,30.39,0.0,2,Fair,Owned,West,Rejected,Non-Default
CUST002479,Male,57,High School,Salaried,Married,0,44898.0,768.0,1,LN002479,Education,114989.0,36,13.46,3899.96,20.58,18.6,0,Excellent,Rented,North,Rejected,Non-Default
CUST002480,Female,30,Postgraduate,Salaried,Married,1,44489.0,657.0,1,LN002480,Personal,84253.0,24,18.11,4210.73,27.22,4.5,0,Good,Rented,West,Approved,Non-Default
CUST002481,Female,40,High School,Salaried,Single,2,48013.0,650.0,0,LN002481,Business,194832.0,48,15.03,5425.28,21.17,2.8,0,Good,Owned,North,Approved,Non-Default
CUST002482,Female,39,High School,Self-employed,Single,1,37349.0,615.0,2,LN002482,Education,168784.0,60,14.34,3957.12,20.77,9.1,1,Fair,Owned,North,Rejected,Non-Default
CUST002483,Female,35,Graduate,Salaried,Married,0,36418.0,788.0,1,LN002483,Auto,560581.0,60,13.08,12777.91,36.48,23.6,0,Excellent,Mortgage,West,Approved,Non-Default
CUST002484,Male,33,Graduate,Salaried,Married,0,48137.0,727.0,1,LN002484,Personal,177347.0,24,15.37,8630.17,18.4,6.9,0,Excellent,Owned,North,Approved,Non-Default
CUST002485,Female,47,Graduate,Self-employed,Married,0,77984.0,574.0,0,LN002485,Home,472433.0,36,14.85,16342.36,34.8,3.5,0,Fair,Rented,North,Approved,Non-Default
CUST002486,Female,48,Graduate,Salaried,Married,0,77112.0,708.0,0,LN002486,Auto,466851.0,60,11.8,10337.72,16.21,3.2,1,Excellent,Rented,East,Approved,Non-Default
CUST002487,Female,31,Graduate,Self-employed,Married,0,31317.0,756.0,1,LN002487,Home,262988.0,60,15.05,6263.37,18.6,8.3,0,Excellent,Owned,South,Approved,Non-Default
CUST002488,Male,21,Graduate,Self-employed,Single,1,35449.0,760.0,0,LN002488,Home,183723.0,48,13.92,5013.13,27.24,15.6,3,Excellent,Owned,South,Approved,Non-Default
CUST002489,Male,35,Graduate,Salaried,Single,0,56234.0,776.0,0,LN002489,Business,92700.0,24,14.31,4464.38,25.5,10.0,0,Excellent,Rented,East,Rejected,Non-Default
CUST002490,Female,24,High School,Self-employed,Divorced,3,44450.0,728.0,1,LN002490,Business,118818.0,60,16.53,2922.99,18.02,22.6,0,Excellent,Owned,South,Rejected,Non-Default
CUST002491,Female,47,High School,Unemployed,Married,1,68948.0,585.0,0,LN002491,Home,131772.0,36,16.87,4689.51,22.04,2.9,0,Fair,Rented,South,Approved,Non-Default
CUST002492,Male,50,Graduate,Self-employed,Single,2,52597.0,710.0,1,LN002492,Personal,395365.0,48,16.66,11338.85,33.64,10.1,2,Excellent,Mortgage,South,Approved,Non-Default
CUST002493,Male,25,Graduate,Unemployed,Married,1,62160.0,665.0,2,LN002493,Auto,159732.0,36,14.68,5512.16,22.23,13.6,0,Good,Rented,South,Approved,Non-Default
CUST002494,Female,47,Graduate,Salaried,Married,2,63789.0,758.0,2,LN002494,Home,123063.0,36,13.27,4162.5,23.08,4.9,1,Excellent,Mortgage,West,Approved,Non-Default
CUST002495,Male,48,Graduate,Self-employed,Married,0,41635.0,680.0,1,LN002495,Personal,93667.0,60,14.7,2213.61,27.92,4.9,0,Good,Rented,East,Approved,Non-Default
CUST002496,Male,46,High School,Salaried,Single,0,55648.0,599.0,1,LN002496,Personal,132105.0,36,16.31,4664.66,18.46,9.6,0,Fair,Mortgage,South,Approved,Non-Default
CUST002497,Female,27,Graduate,Salaried,Married,1,74442.0,693.0,1,LN002497,Auto,86221.0,72,13.29,1744.03,5.0,14.6,0,Good,Rented,North,Approved,Non-Default
CUST002498,Male,33,Graduate,Self-employed,Single,1,79795.0,681.0,3,LN002498,Business,114767.0,72,16.57,2525.66,13.68,1.3,1,Good,Mortgage,South,Approved,Non-Default
CUST002499,Female,46,High School,Salaried,Married,0,46319.0,618.0,0,LN002499,Personal,246317.0,48,16.35,7024.92,17.98,12.9,0,Fair,Owned,East,Approved,Non-Default
CUST002500,Male,41,Graduate,Self-employed,Married,0,72959.0,573.0,2,LN002500,Home,43150.0,48,15.47,1211.2,15.09,19.0,0,Fair,Owned,North,Rejected,Non-Default
CUST002501,Male,21,High School,Self-employed,Divorced,0,50226.0,657.0,2,LN002501,Business,663825.0,36,15.45,23158.27,62.62,5.1,0,Good,Owned,West,Rejected,Non-Default
CUST002502,Female,43,Postgraduate,Salaried,Married,2,49709.0,662.0,1,LN002502,Personal,127013.0,60,16.71,3136.83,13.64,4.0,0,Good,Mortgage,East,Approved,Non-Default
CUST002503,Female,49,Postgraduate,Unemployed,Single,3,63754.0,616.0,3,LN002503,Personal,106643.0,60,18.4,2731.29,15.36,17.5,1,Fair,Owned,West,Rejected,Non-Default
CUST002504,Female,44,Graduate,Salaried,Married,2,67369.0,722.0,0,LN002504,Home,394310.0,24,14.3,18987.89,47.51,4.4,0,Excellent,Rented,South,Approved,Non-Default
CUST002505,Male,45,Graduate,Salaried,Divorced,1,176144.0,758.0,3,LN002505,Personal,61804.0,48,14.88,1716.29,14.14,14.2,0,Excellent,Mortgage,South,Approved,Non-Default
CUST002506,Male,37,Graduate,Self-employed,Divorced,0,28741.0,774.0,2,LN002506,Home,338257.0,36,13.94,11550.97,64.47,14.9,0,Excellent,Rented,North,Approved,Default
CUST002507,Female,50,High School,Self-employed,Single,3,38166.0,630.0,0,LN002507,Education,201277.0,72,13.6,4104.47,17.99,8.2,1,Fair,Owned,West,Approved,Non-Default
CUST002508,Female,37,High School,Salaried,Married,0,37241.0,765.0,1,LN002508,Home,301482.0,48,12.58,8025.3,39.89,10.2,1,Excellent,Mortgage,East,Approved,Non-Default
CUST002509,Male,35,Postgraduate,Self-employed,Single,0,73915.0,755.0,2,LN002509,Business,156799.0,48,13.27,4227.57,28.65,0.0,0,Excellent,Rented,West,Approved,Non-Default
CUST002510,Male,57,Graduate,Self-employed,Married,0,73663.0,,2,LN002510,Auto,312386.0,24,12.63,14797.17,35.41,11.4,1,Good,Rented,West,Approved,Default
CUST002511,Male,61,Graduate,Self-employed,Married,0,86094.0,697.0,0,LN002511,Auto,100791.0,36,14.26,3457.54,10.78,8.0,0,Good,Owned,West,Approved,Non-Default
CUST002512,Female,39,Graduate,Self-employed,Divorced,0,31801.0,690.0,0,LN002512,Personal,253384.0,12,16.12,23004.14,75.0,12.9,0,Good,Owned,South,Approved,Default
CUST002513,Male,38,High School,Salaried,Single,0,37808.0,770.0,0,LN002513,Home,270017.0,72,12.56,5357.85,27.49,7.5,2,Excellent,Rented,East,Approved,Non-Default
CUST002514,Male,34,Graduate,Unemployed,Married,2,65188.0,708.0,0,LN002514,Education,204109.0,24,15.85,9979.19,26.15,8.4,0,Excellent,Owned,West,Approved,Non-Default
CUST002515,Male,38,Graduate,Unemployed,Married,2,46693.0,732.0,3,LN002515,Personal,222770.0,24,14.27,10724.27,37.58,6.6,1,Excellent,Owned,North,Approved,Non-Default
CUST002516,Female,55,Postgraduate,Salaried,Married,2,56046.0,699.0,0,LN002516,Auto,108688.0,36,13.31,3678.38,26.26,0.0,0,Good,Owned,South,Approved,Non-Default
CUST002517,Male,44,High School,Self-employed,Divorced,3,92554.0,819.0,2,LN002517,Home,210683.0,36,14.16,7217.03,22.27,12.5,0,Excellent,Mortgage,West,Approved,Non-Default
CUST002518,Female,28,Graduate,Salaried,Single,1,123659.0,674.0,1,LN002518,Home,207349.0,72,14.2,4294.82,15.28,3.9,0,Good,Rented,West,Rejected,Non-Default
CUST002519,Male,21,Graduate,Salaried,Single,3,61676.0,743.0,0,LN002519,Business,296840.0,72,15.82,6409.62,11.17,5.9,1,Excellent,Mortgage,North,Approved,Non-Default
CUST002520,Male,60,Graduate,Salaried,Married,3,58467.0,699.0,1,LN002520,Personal,351178.0,36,16.37,12410.62,36.99,10.9,1,Good,Owned,West,Approved,Non-Default
CUST002521,Male,33,Graduate,Self-employed,Married,0,69552.0,726.0,1,LN002521,Home,96500.0,36,14.24,3309.4,26.72,12.5,0,Excellent,Rented,South,Approved,Non-Default
CUST002522,Female,22,High School,Salaried,Single,2,75298.0,604.0,2,LN002522,Home,328167.0,36,14.35,11271.84,21.2,5.4,0,Fair,Owned,North,Approved,Non-Default
CUST002523,Female,48,High School,Unemployed,Married,1,117997.0,656.0,0,LN002523,Auto,293918.0,48,15.04,8185.92,19.03,4.4,0,Good,Owned,South,Approved,Non-Default
CUST002524,Male,37,Postgraduate,Unemployed,Married,1,40342.0,704.0,1,LN002524,Education,168479.0,36,15.02,5842.03,42.51,3.7,1,Excellent,Owned,East,Rejected,Non-Default
CUST002525,Female,46,High School,Self-employed,Married,2,26859.0,723.0,1,LN002525,Home,153054.0,24,16.93,7562.19,50.24,9.4,0,Excellent,Mortgage,North,Approved,Non-Default
CUST002526,Female,43,Graduate,Salaried,Divorced,3,35869.0,637.0,2,LN002526,Business,146095.0,24,18.0,7293.66,21.28,13.4,1,Fair,Owned,North,Approved,Default
CUST002527,Male,29,High School,Unemployed,Single,3,65206.0,708.0,1,LN002527,Education,115973.0,24,13.34,5532.11,7.58,0.0,0,Excellent,Mortgage,West,Approved,Non-Default
CUST002528,Female,30,High School,Self-employed,Married,1,61134.0,731.0,0,LN002528,Home,221904.0,24,13.27,10577.88,17.15,6.4,0,Excellent,Rented,East,Approved,Non-Default
CUST002529,Male,42,Graduate,Salaried,Single,2,37169.0,728.0,1,LN002529,Auto,99003.0,60,15.02,2356.31,6.69,5.8,1,Excellent,Owned,North,Approved,Non-Default
CUST002530,Female,25,Postgraduate,Self-employed,Single,0,27186.0,811.0,3,LN002530,Auto,55580.0,72,13.94,1143.48,20.85,5.0,0,Excellent,Mortgage,North,Approved,Non-Default
CUST002531,Female,41,Graduate,Salaried,Married,0,51493.0,562.0,3,LN002531,Education,250836.0,48,16.42,7162.83,28.1,3.8,0,Fair,Rented,East,Rejected,Non-Default
CUST002532,Male,49,Postgraduate,Self-employed,Divorced,2,77730.0,676.0,3,LN002532,Auto,347430.0,72,14.47,7246.78,25.84,8.7,0,Good,Rented,West,Approved,Non-Default
CUST002533,Male,47,High School,Self-employed,Single,0,34108.0,663.0,1,LN002533,Home,210631.0,36,16.5,7457.26,39.34,3.1,0,Good,Owned,South,Approved,Non-Default
CUST002534,Female,39,Postgraduate,Self-employed,Divorced,1,71613.0,696.0,1,LN002534,Business,209526.0,60,14.44,4923.23,19.12,15.7,1,Good,Owned,West,Approved,Non-Default
CUST002535,Male,21,Graduate,Salaried,Divorced,2,48847.0,716.0,1,LN002535,Auto,214348.0,48,15.02,5967.64,18.46,5.2,0,Excellent,Owned,North,Approved,Non-Default
CUST002536,Female,35,High School,Self-employed,Married,3,27479.0,618.0,0,LN002536,Personal,163577.0,36,17.46,5869.48,34.14,17.3,0,Fair,Owned,East,Approved,Non-Default
CUST002537,Male,43,Graduate,Unemployed,Married,0,73023.0,674.0,1,LN002537,Personal,227098.0,60,19.55,5959.99,16.91,9.1,0,Good,Owned,West,Approved,Non-Default
CUST002538,Female,50,Graduate,Salaried,Married,3,52669.0,649.0,3,LN002538,Home,117114.0,72,16.42,2567.58,20.38,5.9,0,Fair,Mortgage,East,Approved,Non-Default
CUST002539,Male,24,High School,Salaried,Single,0,65457.0,725.0,0,LN002539,Home,146324.0,24,15.4,7122.6,18.75,6.6,0,Excellent,Owned,South,Approved,Non-Default
CUST002540,Male,43,High School,Salaried,Married,3,59809.0,646.0,0,LN002540,Business,90790.0,60,17.35,2273.49,18.05,4.8,1,Fair,Owned,East,Rejected,Default
CUST002541,Male,49,High School,Salaried,Single,2,39216.0,542.0,0,LN002541,Personal,376103.0,24,18.84,18929.61,63.46,6.8,0,Poor,Rented,West,Rejected,Default
CUST002542,Male,53,Postgraduate,Unemployed,Single,1,48028.0,763.0,1,LN002542,Home,110569.0,48,13.23,2978.93,5.0,8.9,1,Excellent,Rented,North,Approved,Default
CUST002543,Male,41,Graduate,Salaried,Married,2,50487.0,729.0,1,LN002543,Home,65156.0,24,13.81,3122.48,5.0,8.2,0,Excellent,Owned,South,Rejected,Default
CUST002544,Male,37,High School,Self-employed,Married,0,91229.0,582.0,2,LN002544,Personal,441230.0,60,18.17,11245.19,16.23,9.3,0,Fair,Owned,West,Approved,Non-Default
CUST002545,Male,45,Graduate,Salaried,Single,2,84816.0,633.0,0,LN002545,Auto,345669.0,36,15.21,12018.31,28.99,12.9,0,Fair,Owned,North,Rejected,Non-Default
CUST002546,Male,49,High School,Salaried,Married,1,53177.0,653.0,0,LN002546,Education,180233.0,12,13.31,16124.15,40.54,16.5,0,Good,Mortgage,East,Approved,Non-Default
CUST002547,Male,26,Postgraduate,Self-employed,Married,3,23914.0,633.0,0,LN002547,Personal,414823.0,60,17.22,10358.55,58.66,8.2,0,Fair,Owned,South,Approved,Non-Default
CUST002548,Male,21,Graduate,Salaried,Married,0,49216.0,701.0,3,LN002548,Business,253242.0,24,14.71,12243.99,47.45,15.4,1,Excellent,Owned,South,Approved,Default
CUST002549,Male,48,High School,Salaried,Divorced,1,29863.0,752.0,0,LN002549,Personal,208078.0,60,14.52,4897.89,24.19,5.1,1,Excellent,Mortgage,East,Approved,Non-Default
CUST002550,Male,37,Graduate,Unemployed,Married,1,49961.0,802.0,0,LN002550,Auto,136104.0,36,14.01,4652.37,16.56,9.0,0,Excellent,Mortgage,East,Approved,Non-Default
CUST002551,Female,45,High School,Salaried,Single,3,48286.0,759.0,2,LN002551,Business,235465.0,36,16.02,8280.58,28.59,0.1,2,Excellent,Owned,West,Approved,Default
CUST002552,Female,44,Graduate,Salaried,Single,2,25730.0,711.0,0,LN002552,Education,430789.0,36,14.17,14758.94,75.0,12.7,0,Excellent,Rented,West,Rejected,Non-Default
CUST002553,Male,39,High School,Salaried,Married,3,36245.0,684.0,0,LN002553,Auto,320184.0,48,14.42,8817.11,39.96,9.9,0,Good,Mortgage,North,Approved,Non-Default
CUST002554,Female,56,High School,Salaried,Single,0,58918.0,675.0,2,LN002554,Personal,175282.0,60,15.74,4238.34,22.87,1.0,0,Good,Owned,South,Approved,Non-Default
CUST002555,Female,42,Postgraduate,Salaried,Married,1,42131.0,835.0,0,LN002555,Home,225488.0,24,12.5,10667.23,40.44,17.2,0,Excellent,Rented,North,Approved,Non-Default
CUST002556,Male,37,Postgraduate,Salaried,Single,2,41932.0,744.0,0,LN002556,Home,218721.0,24,13.6,10460.14,40.93,22.5,0,Excellent,Rented,North,Approved,Non-Default
CUST002557,Female,40,Postgraduate,Self-employed,Married,1,47201.0,719.0,1,LN002557,Personal,574271.0,36,17.74,20686.45,55.8,9.1,0,Excellent,Owned,East,Rejected,Non-Default
CUST002558,Female,21,Postgraduate,Unemployed,Married,0,41252.0,661.0,2,LN002558,Personal,174699.0,36,16.66,6198.97,36.02,9.8,0,Good,Rented,West,Approved,Non-Default
CUST002559,Female,43,Graduate,Salaried,Single,1,51666.0,627.0,1,LN002559,Home,102787.0,60,12.61,2318.25,15.35,12.5,1,Fair,Rented,South,Approved,Non-Default
CUST002560,Female,35,High School,Unemployed,Married,0,41126.0,696.0,2,LN002560,Home,390882.0,36,14.87,13525.18,51.22,13.1,0,Good,Mortgage,South,Approved,Default
CUST002561,Male,42,High School,Salaried,Married,0,37355.0,850.0,1,LN002561,Personal,73002.0,36,13.37,2472.76,17.97,2.8,0,Excellent,Rented,North,Approved,Non-Default
CUST002562,Female,41,Graduate,Salaried,Married,2,58193.0,791.0,0,LN002562,Auto,123123.0,48,13.05,3306.14,9.15,17.2,0,Excellent,Mortgage,South,Approved,Non-Default
CUST002563,Female,27,Graduate,Salaried,Single,0,68261.0,657.0,0,LN002563,Home,278729.0,72,13.48,5666.1,13.37,2.6,0,Good,Rented,South,Approved,Non-Default
CUST002564,Female,50,Postgraduate,Salaried,Married,1,26751.0,747.0,1,LN002564,Personal,208615.0,48,16.85,6003.42,39.69,14.1,1,Excellent,Rented,South,Approved,Default
CUST002565,Female,61,Postgraduate,Salaried,Divorced,0,80384.0,826.0,0,LN002565,Business,70677.0,24,13.66,3382.07,17.79,5.5,0,Excellent,Rented,North,Rejected,Non-Default
CUST002566,Female,64,High School,Self-employed,Single,1,48565.0,682.0,2,LN002566,Business,341786.0,60,14.29,8004.24,39.11,0.0,0,Good,Owned,East,Approved,Non-Default
CUST002567,Female,38,Graduate,Self-employed,Single,3,65553.0,709.0,2,LN002567,Auto,76710.0,24,13.79,3675.46,19.8,8.1,0,Excellent,Rented,North,Approved,Non-Default
CUST002568,Male,33,Graduate,Salaried,Married,0,58455.0,,2,LN002568,Personal,236246.0,60,16.98,5868.78,27.57,5.1,0,Good,Owned,West,Rejected,Non-Default
CUST002569,Male,55,Graduate,Salaried,Single,1,66927.0,755.0,2,LN002569,Personal,163492.0,60,17.28,4087.85,16.5,8.8,0,Excellent,Rented,West,Approved,Non-Default
CUST002570,Male,36,High School,Salaried,Single,1,63168.0,713.0,2,LN002570,Home,97690.0,36,12.85,3284.51,5.12,6.7,1,Excellent,Owned,North,Approved,Non-Default
CUST002571,Male,45,High School,Salaried,Single,0,41989.0,832.0,2,LN002571,Auto,202802.0,60,14.31,4751.5,21.91,6.8,2,Excellent,Rented,East,Approved,Non-Default
CUST002572,Male,28,High School,Unemployed,Married,1,27261.0,703.0,0,LN002572,Personal,635845.0,60,16.58,15659.15,75.0,8.3,0,Excellent,Rented,West,Approved,Non-Default
CUST002573,Female,55,Graduate,Salaried,Divorced,1,105458.0,697.0,0,LN002573,Business,498339.0,60,14.32,11678.32,18.13,18.7,0,Good,Owned,East,Approved,Non-Default
CUST002574,Male,56,Graduate,Self-employed,Married,0,62339.0,746.0,2,LN002574,Personal,49783.0,12,14.55,4482.77,23.81,5.5,0,Excellent,Owned,East,Rejected,Non-Default
CUST002575,Male,46,Graduate,Salaried,Divorced,0,63459.0,727.0,3,LN002575,Auto,236746.0,12,14.39,21300.21,49.34,2.3,0,Excellent,Rented,South,Rejected,Non-Default
CUST002576,Female,35,Graduate,Salaried,Married,1,67891.0,652.0,1,LN002576,Home,369583.0,60,15.65,8918.96,26.12,3.1,0,Good,Owned,East,Rejected,Non-Default
CUST002577,Male,45,High School,Salaried,Single,1,76017.0,694.0,3,LN002577,Home,249670.0,36,16.74,8869.14,26.69,19.5,0,Good,Mortgage,North,Rejected,Non-Default
CUST002578,Male,26,Postgraduate,Unemployed,Married,0,44230.0,746.0,1,LN002578,Business,89807.0,60,14.74,2124.27,16.14,25.1,0,Excellent,Rented,East,Approved,Non-Default
CUST002579,Male,22,High School,Self-employed,Divorced,0,65234.0,653.0,1,LN002579,Auto,108954.0,24,13.37,5198.83,18.18,8.4,0,Good,Mortgage,North,Approved,Non-Default
CUST002580,Female,47,Postgraduate,Salaried,Single,0,55009.0,662.0,0,LN002580,Home,121802.0,36,15.88,4274.98,22.55,16.8,2,Good,Mortgage,East,Approved,Non-Default
CUST002581,Female,51,High School,Salaried,Married,3,90900.0,671.0,2,LN002581,Personal,161932.0,60,16.93,4018.33,17.95,0.0,0,Good,Owned,East,Rejected,Non-Default
CUST002582,Male,39,Postgraduate,Salaried,Married,1,43782.0,734.0,3,LN002582,Home,99474.0,60,17.1,2477.54,22.81,0.0,1,Excellent,Owned,North,Approved,Non-Default
CUST002583,Male,28,Graduate,Salaried,Married,1,65905.0,612.0,1,LN002583,Business,289002.0,60,15.78,6994.23,18.46,0.0,0,Fair,Mortgage,North,Approved,Default
CUST002584,Female,40,Postgraduate,Salaried,Single,1,31173.0,754.0,1,LN002584,Home,360049.0,36,13.63,12241.02,45.27,10.0,0,Excellent,Owned,North,Rejected,Default
CUST002585,Male,37,Graduate,Salaried,Single,1,123448.0,585.0,2,LN002585,Personal,287301.0,24,19.48,14549.54,26.13,0.0,1,Fair,Mortgage,East,Approved,Non-Default
CUST002586,Female,60,Graduate,Self-employed,Married,1,58281.0,570.0,1,LN002586,Education,96140.0,72,18.64,2227.67,14.94,9.9,1,Fair,Rented,West,Approved,Default
CUST002587,Male,35,Graduate,Unemployed,Married,1,38574.0,708.0,1,LN002587,Personal,518466.0,24,16.89,25606.74,75.0,10.4,0,Excellent,Mortgage,West,Approved,Non-Default
CUST002588,Male,34,Graduate,Salaried,Married,1,44530.0,696.0,2,LN002588,Auto,86660.0,36,15.68,3033.04,12.67,21.0,0,Good,Mortgage,West,Approved,Non-Default
CUST002589,Female,47,Graduate,Salaried,Single,0,62547.0,673.0,3,LN002589,Personal,121362.0,12,16.7,11051.52,19.77,5.8,0,Good,Mortgage,South,Approved,Non-Default
CUST002590,Male,39,High School,Salaried,Single,3,52819.0,695.0,1,LN002590,Business,81312.0,72,15.34,1734.39,14.89,0.5,0,Good,Owned,East,Rejected,Non-Default
CUST002591,Female,31,Postgraduate,Salaried,Married,2,22919.0,613.0,1,LN002591,Home,67667.0,12,12.88,6040.02,44.12,1.4,0,Fair,Rented,South,Approved,Non-Default
CUST002592,Female,32,High School,Salaried,Divorced,2,32278.0,627.0,0,LN002592,Home,218362.0,60,13.59,5034.61,26.68,5.1,0,Fair,Rented,West,Approved,Non-Default
CUST002593,Male,45,High School,Salaried,Married,1,46069.0,677.0,1,LN002593,Education,183810.0,36,13.36,6225.21,17.79,3.0,1,Good,Owned,East,Approved,Non-Default
CUST002594,Male,49,High School,Unemployed,Married,0,127851.0,693.0,3,LN002594,Personal,367375.0,24,15.91,17972.03,29.61,6.0,0,Good,Owned,North,Rejected,Non-Default
CUST002595,Female,48,Postgraduate,Salaried,Married,1,51942.0,697.0,1,LN002595,Auto,230907.0,48,17.36,6705.92,12.49,8.6,1,Good,Owned,North,Approved,Non-Default
CUST002596,Male,42,High School,Unemployed,Married,1,58148.0,570.0,0,LN002596,Home,238168.0,60,16.31,5831.09,21.83,10.1,0,Fair,Mortgage,West,Approved,Non-Default
CUST002597,Male,44,Graduate,Salaried,Married,3,78731.0,650.0,1,LN002597,Home,263238.0,36,13.91,8985.35,40.36,0.0,0,Good,Rented,West,Rejected,Non-Default
CUST002598,Female,23,High School,Self-employed,Married,2,70263.0,698.0,2,LN002598,Personal,296842.0,36,14.92,10278.5,28.36,7.3,1,Good,Rented,East,Rejected,Default
CUST002599,Female,59,High School,Salaried,Married,0,50251.0,613.0,1,LN002599,Personal,243966.0,12,16.88,22236.97,67.24,0.0,0,Fair,Rented,South,Rejected,Default
CUST002600,Male,22,Postgraduate,Self-employed,Single,1,50938.0,639.0,2,LN002600,Business,62995.0,36,17.04,2247.2,21.21,18.5,0,Fair,Owned,East,Approved,Non-Default
CUST002601,Male,46,High School,Self-employed,Single,2,54849.0,579.0,0,LN002601,Personal,79285.0,12,17.44,7247.73,34.45,7.0,0,Fair,Owned,West,Rejected,Non-Default
CUST002602,Male,58,Graduate,Unemployed,Married,1,55893.0,709.0,2,LN002602,Home,138080.0,24,16.63,6802.46,33.01,14.1,0,Excellent,Mortgage,East,Approved,Non-Default
CUST002603,Female,32,High School,Self-employed,Single,1,71582.0,602.0,0,LN002603,Education,170177.0,48,14.34,4679.41,11.33,18.0,0,Fair,Owned,South,Approved,Non-Default
CUST002604,Female,31,High School,Unemployed,Single,1,34059.0,727.0,1,LN002604,Personal,411855.0,48,16.82,11845.77,52.27,6.0,0,Excellent,Rented,East,Approved,Default
CUST002605,Female,24,Graduate,Unemployed,Divorced,1,56138.0,644.0,1,LN002605,Business,48177.0,24,18.03,2405.89,15.75,12.6,0,Fair,Rented,South,Approved,Non-Default
CUST002606,Female,39,Graduate,Salaried,Single,3,79994.0,674.0,0,LN002606,Education,180516.0,12,14.93,16287.11,29.66,0.2,2,Good,Rented,South,Approved,Non-Default
CUST002607,Male,41,Postgraduate,Self-employed,Single,3,85137.0,731.0,1,LN002607,Education,40249.0,24,13.1,1915.4,11.25,13.8,0,Excellent,Rented,East,Approved,Non-Default
CUST002608,Female,57,Postgraduate,Salaried,Married,1,34329.0,760.0,1,LN002608,Education,105744.0,24,13.57,5055.62,33.85,19.1,0,Excellent,Rented,East,Approved,Non-Default
CUST002609,Male,55,Postgraduate,Salaried,Married,0,50252.0,627.0,1,LN002609,Personal,222718.0,36,17.91,8041.74,26.92,11.7,0,Fair,Rented,South,Rejected,Default
CUST002610,Female,31,High School,Self-employed,Married,0,21357.0,707.0,2,LN002610,Education,189062.0,48,15.62,5321.35,41.81,8.9,0,Excellent,Mortgage,South,Approved,Non-Default
CUST002611,Female,45,Postgraduate,Self-employed,Married,1,23956.0,664.0,0,LN002611,Home,111520.0,12,14.45,10036.69,61.23,0.0,0,Good,Owned,North,Approved,Non-Default
CUST002612,Male,52,Graduate,Self-employed,Married,0,50386.0,596.0,3,LN002612,Auto,119018.0,60,17.99,3021.63,14.95,5.3,0,Fair,Owned,North,Approved,Default
CUST002613,Male,63,Graduate,Self-employed,Single,2,56494.0,697.0,0,LN002613,Home,270516.0,24,15.94,13237.55,34.52,0.0,0,Good,Rented,East,Approved,Non-Default
CUST002614,Male,43,High School,Salaried,Single,0,63904.0,615.0,1,LN002614,Personal,40584.0,24,15.19,1971.45,11.59,16.7,0,Fair,Owned,East,Approved,Non-Default
CUST002615,Male,46,Graduate,Salaried,Single,3,70321.0,629.0,1,LN002615,Business,187792.0,24,18.06,9380.79,44.42,0.0,0,Fair,Owned,West,Rejected,Non-Default
CUST002616,Male,35,Graduate,Salaried,Divorced,1,91157.0,644.0,0,LN002616,Business,90260.0,36,15.82,3165.26,5.98,10.7,0,Fair,Mortgage,South,Approved,Non-Default
CUST002617,Female,28,Postgraduate,Self-employed,Single,0,36498.0,670.0,1,LN002617,Home,294413.0,60,14.66,6951.63,28.19,7.2,0,Good,Owned,South,Rejected,Non-Default
CUST002618,Female,49,Postgraduate,Self-employed,Single,0,83715.0,675.0,0,LN002618,Personal,67223.0,60,17.29,1681.16,5.0,6.5,0,Good,Mortgage,West,Approved,Non-Default
CUST002619,Female,42,Graduate,Self-employed,Married,0,64784.0,828.0,1,LN002619,Personal,160004.0,12,14.71,14419.8,42.72,3.8,1,Excellent,Mortgage,West,Rejected,Default
CUST002620,Male,48,Postgraduate,Salaried,Single,2,112118.0,787.0,1,LN002620,Home,84998.0,72,10.57,1599.2,12.19,2.6,0,Excellent,Owned,West,Approved,Non-Default
CUST002621,Male,41,High School,Unemployed,Married,1,37717.0,821.0,2,LN002621,Business,147954.0,12,14.01,13285.06,44.69,15.5,0,Excellent,Rented,North,Approved,Default
CUST002622,Female,27,High School,Self-employed,Single,1,28206.0,594.0,1,LN002622,Personal,187008.0,60,17.85,4733.53,37.21,12.9,0,Fair,Mortgage,South,Rejected,Default
CUST002623,Male,36,High School,Salaried,Divorced,1,37982.0,774.0,0,LN002623,Education,137745.0,36,14.55,4744.68,18.17,6.8,0,Excellent,Owned,South,Rejected,Non-Default
CUST002624,Male,56,Graduate,Salaried,Married,0,41225.0,774.0,1,LN002624,Home,484402.0,72,13.2,9775.14,40.55,20.1,0,Excellent,Mortgage,East,Approved,Non-Default
CUST002625,Male,21,Graduate,Self-employed,Single,0,78366.0,591.0,1,LN002625,Home,418997.0,48,16.51,11984.22,33.95,12.7,0,Fair,Mortgage,West,Approved,Non-Default
CUST002626,Male,43,Graduate,Salaried,Single,2,25827.0,824.0,1,LN002626,Auto,194786.0,36,13.17,6579.07,48.81,8.7,0,Excellent,Rented,West,Approved,Non-Default
CUST002627,Female,32,Graduate,Self-employed,Married,0,70244.0,644.0,0,LN002627,Auto,176223.0,60,16.19,4303.21,11.86,1.3,0,Fair,Mortgage,North,Approved,Non-Default
CUST002628,Male,49,Graduate,Salaried,Married,1,48661.0,689.0,2,LN002628,Home,168355.0,48,14.18,4615.76,24.71,10.0,0,Good,Owned,East,Approved,Non-Default
CUST002629,Female,34,Graduate,Self-employed,Married,0,77495.0,650.0,0,LN002629,Business,523012.0,36,16.22,18444.41,37.8,6.2,3,Good,Owned,East,Approved,Non-Default
CUST002630,Female,46,Postgraduate,Self-employed,Single,1,29790.0,634.0,1,LN002630,Personal,146907.0,24,16.27,7211.99,28.43,7.1,0,Fair,Rented,South,Approved,Non-Default
CUST002631,Female,37,High School,Salaried,Married,0,47628.0,742.0,0,LN002631,Home,186253.0,48,11.98,4902.93,9.4,7.2,0,Excellent,Rented,East,Rejected,Non-Default
CUST002632,Female,41,Graduate,Self-employed,Married,2,53429.0,771.0,0,LN002632,Education,211234.0,36,12.68,7084.79,18.32,0.2,0,Excellent,Rented,North,Approved,Non-Default
CUST002633,Female,28,Graduate,Salaried,Married,0,44126.0,600.0,3,LN002633,Home,165541.0,36,16.24,5839.56,28.36,3.8,2,Fair,Owned,North,Approved,Non-Default
CUST002634,Male,32,Postgraduate,Unemployed,Divorced,2,58030.0,466.0,2,LN002634,Personal,272928.0,36,20.17,10166.64,29.67,3.9,0,Poor,Rented,West,Approved,Non-Default
CUST002635,Male,38,Graduate,Unemployed,Married,1,58200.0,780.0,0,LN002635,Auto,509555.0,24,11.87,23955.6,53.38,6.0,0,Excellent,Mortgage,East,Approved,Default
CUST002636,Female,54,Postgraduate,Self-employed,Married,2,42291.0,596.0,2,LN002636,Home,159176.0,24,15.55,7759.57,37.04,10.1,0,Fair,Mortgage,West,Approved,Default
CUST002637,Female,35,Graduate,Self-employed,Single,2,94299.0,638.0,1,LN002637,Home,372151.0,48,15.37,10427.17,11.58,12.1,2,Fair,Rented,East,Approved,Default
CUST002638,Male,24,Postgraduate,Self-employed,Married,0,130537.0,616.0,0,LN002638,Auto,59870.0,24,15.65,2921.42,6.26,13.2,1,Fair,Mortgage,North,Rejected,Non-Default
CUST002639,Male,48,High School,Salaried,Married,2,59904.0,821.0,1,LN002639,Business,78078.0,12,13.92,7007.46,15.33,12.0,0,Excellent,Rented,West,Approved,Non-Default
CUST002640,Male,53,Graduate,Self-employed,Married,0,39160.0,651.0,0,LN002640,Home,174060.0,60,14.56,4100.78,8.34,15.2,0,Good,Rented,North,Approved,Non-Default
CUST002641,Female,37,Graduate,Salaried,Single,0,42548.0,652.0,0,LN002641,Home,305584.0,36,14.13,10463.44,44.61,16.4,0,Good,Owned,North,Approved,Non-Default
CUST002642,Female,41,High School,Unemployed,Married,0,118755.0,637.0,2,LN002642,Auto,159747.0,24,15.19,7760.02,14.13,6.5,0,Fair,Mortgage,South,Approved,Non-Default
CUST002643,Female,44,High School,Unemployed,Married,1,39728.0,684.0,2,LN002643,Business,146697.0,12,15.94,13305.78,55.38,1.2,0,Good,Rented,South,Approved,Non-Default
CUST002644,Female,24,Postgraduate,Salaried,Divorced,2,43261.0,804.0,0,LN002644,Business,102762.0,48,15.24,2872.46,23.07,8.5,0,Excellent,Mortgage,South,Approved,Default
CUST002645,Male,36,Postgraduate,Salaried,Single,3,80274.0,806.0,1,LN002645,Personal,58631.0,60,15.78,1418.95,12.92,15.8,0,Excellent,Rented,South,Rejected,Non-Default
CUST002646,Female,39,Graduate,Salaried,Divorced,2,78796.0,568.0,2,LN002646,Personal,62379.0,48,16.74,1791.57,16.66,18.0,0,Fair,Rented,South,Rejected,Default
CUST002647,Male,54,Graduate,Salaried,Married,2,42172.0,718.0,0,LN002647,Personal,293618.0,72,16.15,6393.39,35.07,11.4,0,Excellent,Rented,West,Approved,Non-Default
CUST002648,Male,46,Graduate,Salaried,Married,0,27342.0,649.0,0,LN002648,Education,271526.0,48,13.73,7383.13,22.65,14.3,0,Fair,Owned,North,Approved,Non-Default
CUST002649,Male,56,High School,Salaried,Divorced,0,102911.0,511.0,1,LN002649,Personal,149725.0,48,19.46,4513.22,10.94,13.5,1,Poor,Rented,South,Approved,Non-Default
CUST002650,Female,42,Graduate,Unemployed,Single,1,51469.0,621.0,2,LN002650,Home,274933.0,36,15.6,9611.62,27.39,9.3,1,Fair,Rented,East,Approved,Default
CUST002651,Female,55,Graduate,Salaried,Married,1,34799.0,829.0,2,LN002651,Auto,197261.0,48,12.76,5268.55,21.37,0.7,0,Excellent,Owned,East,Approved,Default
CUST002652,Male,44,High School,Self-employed,Married,1,47991.0,679.0,0,LN002652,Education,179013.0,36,14.84,6191.53,31.05,13.5,0,Good,Owned,West,Approved,Non-Default
CUST002653,Male,32,Graduate,Self-employed,Single,2,49542.0,685.0,2,LN002653,Personal,269351.0,24,14.66,13016.46,46.8,3.7,0,Good,Owned,North,Approved,Non-Default
CUST002654,Female,43,High School,Salaried,Married,0,36797.0,743.0,3,LN002654,Education,184520.0,60,15.5,4438.29,25.19,16.8,0,Excellent,Owned,North,Approved,Non-Default
CUST002655,Male,42,Graduate,Self-employed,Single,1,90262.0,638.0,2,LN002655,Personal,216215.0,24,15.32,10516.44,26.85,8.5,0,Fair,Owned,North,Approved,Non-Default
CUST002656,Female,45,High School,Salaried,Single,2,41872.0,711.0,1,LN002656,Home,142165.0,72,13.91,2922.57,16.74,11.3,0,Excellent,Owned,South,Approved,Non-Default
CUST002657,Male,68,High School,Salaried,Married,1,44575.0,601.0,0,LN002657,Auto,167651.0,36,15.31,5837.16,5.06,19.9,2,Fair,Rented,South,Approved,Non-Default
CUST002658,Male,56,Graduate,Salaried,Single,0,48955.0,709.0,2,LN002658,Personal,132378.0,12,17.2,12086.07,38.8,9.1,0,Excellent,Owned,West,Rejected,Non-Default
CUST002659,Male,57,High School,Unemployed,Married,3,101083.0,641.0,1,LN002659,Personal,423593.0,60,15.22,10126.23,19.72,6.6,0,Fair,Owned,West,Approved,Non-Default
CUST002660,Female,37,High School,Salaried,Single,0,64434.0,737.0,2,LN002660,Personal,78377.0,36,15.41,2732.73,10.18,5.4,0,Excellent,Mortgage,South,Rejected,Non-Default
CUST002661,Male,21,High School,Salaried,Married,2,53511.0,793.0,1,LN002661,Business,155647.0,24,13.16,7411.44,33.91,0.0,0,Excellent,Owned,South,Approved,Default
CUST002662,Female,54,Graduate,Unemployed,Married,2,64358.0,653.0,0,LN002662,Home,66146.0,60,15.93,1606.08,9.62,4.4,1,Good,Owned,South,Rejected,Non-Default
CUST002663,Male,47,Postgraduate,Self-employed,Divorced,0,54361.0,676.0,2,LN002663,Auto,171636.0,12,14.7,15467.29,54.6,1.0,0,Good,Owned,North,Approved,Non-Default
CUST002664,Male,21,Postgraduate,Unemployed,Married,2,132255.0,698.0,2,LN002664,Education,93117.0,36,13.67,3167.61,11.88,6.8,0,Good,Rented,North,Approved,Non-Default
CUST002665,Female,50,Graduate,Salaried,Single,2,78049.0,802.0,0,LN002665,Personal,194175.0,60,13.11,4429.02,15.1,8.6,0,Excellent,Rented,West,Approved,Non-Default
CUST002666,Male,40,High School,Salaried,Married,1,19284.0,651.0,0,LN002666,Personal,477987.0,36,15.79,16755.09,75.0,8.6,0,Good,Owned,West,Approved,Non-Default
CUST002667,Male,34,High School,Salaried,Married,0,44694.0,765.0,1,LN002667,Home,160214.0,48,13.22,4315.66,19.54,2.9,2,Excellent,Owned,East,Approved,Non-Default
CUST002668,Female,51,High School,Salaried,Single,2,43124.0,850.0,1,LN002668,Home,227035.0,36,12.94,7643.15,32.41,0.0,0,Excellent,Mortgage,West,Approved,Default
CUST002669,Female,24,Graduate,Salaried,Married,1,77600.0,662.0,3,LN002669,Personal,99019.0,72,18.12,2265.13,6.43,2.6,0,Good,Owned,North,Approved,Non-Default
CUST002670,Female,50,Graduate,Salaried,Married,1,39129.0,668.0,0,LN002670,Auto,151007.0,24,14.89,7313.93,41.93,16.8,0,Good,Rented,West,Approved,Non-Default
CUST002671,Female,50,Graduate,Self-employed,Married,1,93562.0,551.0,0,LN002671,Personal,171201.0,72,17.73,3878.63,5.0,16.6,1,Fair,Rented,North,Rejected,Default
CUST002672,Male,41,Postgraduate,Self-employed,Married,3,54691.0,677.0,0,LN002672,Personal,290609.0,72,16.67,6411.53,18.84,0.0,1,Good,Rented,East,Rejected,Default
CUST002673,Male,40,High School,Self-employed,Married,0,28578.0,583.0,0,LN002673,Business,134426.0,36,15.28,4678.37,36.29,12.6,0,Fair,Owned,North,Approved,Non-Default
CUST002674,Female,38,Graduate,Self-employed,Single,0,59145.0,670.0,1,LN002674,Auto,112731.0,36,14.82,3897.93,5.0,6.7,0,Good,Mortgage,North,Approved,Non-Default
CUST002675,Male,35,Graduate,Unemployed,Married,2,23925.0,659.0,1,LN002675,Personal,293065.0,12,16.23,26621.95,75.0,9.8,0,Good,Mortgage,West,Approved,Non-Default
CUST002676,Male,45,Graduate,Salaried,Married,2,55575.0,700.0,0,LN002676,Home,105654.0,48,14.71,2924.92,10.78,11.8,0,Excellent,Owned,East,Approved,Non-Default
CUST002677,Female,47,Graduate,Salaried,Divorced,1,80091.0,560.0,0,LN002677,Auto,98269.0,48,15.37,2753.37,17.39,24.7,0,Fair,Owned,South,Approved,Non-Default
CUST002678,Male,39,High School,Salaried,Married,0,39099.0,638.0,1,LN002678,Auto,284731.0,24,15.47,13869.32,40.9,3.4,1,Fair,Owned,South,Approved,Non-Default
CUST002679,Female,56,Graduate,Salaried,Single,2,41346.0,645.0,3,LN002679,Education,213365.0,72,14.58,4463.08,25.75,15.5,0,Fair,Rented,East,Rejected,Non-Default
CUST002680,Female,37,High School,Salaried,Married,1,42033.0,660.0,0,LN002680,Auto,235415.0,24,14.53,11361.99,50.3,0.9,0,Good,Owned,East,Approved,Default
CUST002681,Male,41,Graduate,Self-employed,Married,1,45823.0,558.0,0,LN002681,Home,38308.0,48,16.33,1092.14,10.36,5.1,0,Fair,Owned,South,Approved,Default
CUST002682,Male,34,Graduate,Salaried,Married,0,34330.0,694.0,2,LN002682,Home,213646.0,48,13.18,5750.69,36.98,15.3,0,Good,Owned,West,Approved,Non-Default
CUST002683,Female,50,Postgraduate,Unemployed,Single,2,65304.0,701.0,1,LN002683,Personal,76736.0,60,16.12,1870.97,12.91,14.1,0,Excellent,Owned,North,Approved,Non-Default
CUST002684,Male,32,Postgraduate,Salaried,Married,1,49069.0,660.0,1,LN002684,Education,115829.0,24,14.8,5605.16,5.95,12.6,1,Good,Rented,East,Approved,Non-Default
CUST002685,Female,35,Graduate,Self-employed,Married,0,53388.0,720.0,1,LN002685,Education,308464.0,60,12.59,6953.93,20.01,5.5,0,Excellent,Rented,South,Approved,Non-Default
CUST002686,Female,41,High School,Salaried,Married,0,60526.0,680.0,2,LN002686,Home,309861.0,36,14.03,10594.83,16.94,8.7,0,Good,Rented,West,Approved,Non-Default
CUST002687,Female,39,Postgraduate,Self-employed,Single,1,64093.0,719.0,0,LN002687,Education,177259.0,24,13.57,8474.75,23.12,0.0,1,Excellent,Mortgage,West,Approved,Non-Default
CUST002688,Female,57,High School,Unemployed,Single,0,28841.0,629.0,0,LN002688,Education,249224.0,72,14.92,5259.02,30.74,10.4,0,Fair,Mortgage,East,Approved,Non-Default
CUST002689,Female,34,Graduate,Self-employed,Married,2,37916.0,740.0,2,LN002689,Home,491034.0,48,12.95,13161.03,48.94,5.6,0,Excellent,Rented,East,Rejected,Non-Default
CUST002690,Male,47,Graduate,Salaried,Married,2,72032.0,791.0,1,LN002690,Education,171648.0,36,12.84,5770.28,25.99,12.8,1,Excellent,Rented,West,Approved,Default
CUST002691,Female,41,High School,Salaried,Married,2,88233.0,654.0,0,LN002691,Personal,241033.0,12,16.45,21920.49,35.62,2.2,0,Good,Mortgage,East,Approved,Non-Default
CUST002692,Male,51,High School,Salaried,Married,2,64999.0,550.0,0,LN002692,Education,239800.0,36,17.22,8575.8,23.19,4.1,0,Fair,Rented,North,Approved,Non-Default
CUST002693,Female,31,High School,Self-employed,Single,0,25499.0,631.0,0,LN002693,Personal,146875.0,48,16.47,4197.92,24.67,21.3,0,Fair,Owned,North,Approved,Non-Default
CUST002694,Male,24,Postgraduate,Salaried,Married,1,70495.0,697.0,3,LN002694,Home,101704.0,60,12.12,2268.52,14.08,2.9,0,Good,Mortgage,East,Approved,Non-Default
CUST002695,Female,21,High School,Self-employed,Married,0,66026.0,739.0,2,LN002695,Personal,343910.0,36,14.91,11906.6,29.12,14.8,0,Excellent,Rented,East,Approved,Non-Default
CUST002696,Female,24,Postgraduate,Salaried,Single,0,25696.0,609.0,1,LN002696,Home,295041.0,36,14.75,10191.61,59.01,6.6,0,Fair,Owned,West,Approved,Default
CUST002697,Female,50,Postgraduate,Self-employed,Single,2,74502.0,701.0,0,LN002697,Home,223397.0,36,12.76,7501.33,14.4,15.0,0,Excellent,Rented,South,Approved,Non-Default
CUST002698,Female,55,Graduate,Salaried,Single,1,84241.0,605.0,1,LN002698,Education,307384.0,24,13.46,14680.1,36.61,1.9,0,Fair,Owned,North,Approved,Non-Default
CUST002699,Female,48,High School,Self-employed,Divorced,1,20164.0,700.0,1,LN002699,Home,195622.0,24,14.84,9470.19,59.13,5.4,3,Excellent,Owned,East,Approved,Non-Default
CUST002700,Female,38,Graduate,Salaried,Married,1,39663.0,614.0,0,LN002700,Personal,51470.0,48,16.99,1484.9,12.1,10.2,0,Fair,Rented,North,Rejected,Non-Default
CUST002701,Male,35,Postgraduate,Self-employed,Married,1,101373.0,746.0,1,LN002701,Home,209959.0,36,13.08,7082.44,8.22,8.3,0,Excellent,Mortgage,South,Rejected,Non-Default
CUST002702,Male,47,Graduate,Salaried,Married,2,46645.0,601.0,1,LN002702,Education,71346.0,72,15.0,1508.61,11.61,10.7,1,Fair,Rented,South,Approved,Non-Default
CUST002703,Male,34,Graduate,Salaried,Married,2,45507.0,699.0,1,LN002703,Education,335277.0,36,14.61,11558.56,38.09,10.8,1,Good,Rented,South,Approved,Default
CUST002704,Female,44,Graduate,Salaried,Married,1,31652.0,746.0,1,LN002704,Education,91272.0,36,12.61,3058.2,21.17,12.7,0,Excellent,Mortgage,South,Rejected,Non-Default
CUST002705,Female,42,Graduate,Salaried,Single,2,47636.0,751.0,0,LN002705,Home,108587.0,48,12.18,2869.12,10.27,12.6,0,Excellent,Mortgage,East,Approved,Non-Default
CUST002706,Female,27,High School,Unemployed,Single,1,36893.0,812.0,0,LN002706,Auto,325960.0,48,11.34,8478.53,32.8,7.1,0,Excellent,Rented,East,Approved,Non-Default
CUST002707,Female,56,High School,Salaried,Single,0,22514.0,756.0,1,LN002707,Home,142118.0,36,15.64,4971.22,33.01,6.0,0,Excellent,Rented,South,Approved,Non-Default
CUST002708,Male,38,High School,Self-employed,Married,0,97711.0,562.0,0,LN002708,Home,220063.0,36,14.6,7585.52,25.49,14.1,1,Fair,Rented,East,Approved,Default
CUST002709,Female,33,High School,Salaried,Married,2,63998.0,711.0,0,LN002709,Auto,234539.0,60,15.06,5587.06,12.93,16.2,0,Excellent,Owned,West,Approved,Non-Default
CUST002710,Female,40,High School,Salaried,Married,0,58139.0,638.0,1,LN002710,Home,364696.0,24,15.17,17712.36,38.93,2.8,1,Fair,Owned,East,Approved,Default
CUST002711,Female,37,Graduate,Self-employed,Single,1,28748.0,723.0,1,LN002711,Business,212700.0,48,14.62,5878.71,27.28,4.4,0,Excellent,Rented,East,Approved,Non-Default
CUST002712,Female,33,Postgraduate,Self-employed,Married,1,57081.0,779.0,1,LN002712,Auto,99762.0,60,13.91,2316.64,16.17,8.3,1,Excellent,Owned,West,Approved,Default
CUST002713,Male,29,High School,Salaried,Single,0,67609.0,844.0,2,LN002713,Home,378266.0,36,14.33,12988.95,48.2,0.0,1,Excellent,Mortgage,South,Approved,Default
CUST002714,Female,44,Graduate,Salaried,Married,1,36020.0,711.0,0,LN002714,Home,71392.0,60,15.13,1703.29,5.0,12.4,0,Excellent,Owned,West,Approved,Non-Default
CUST002715,Male,45,Graduate,Salaried,Divorced,1,63199.0,738.0,1,LN002715,Business,182260.0,12,15.23,16470.27,33.12,7.4,1,Excellent,Rented,South,Approved,Non-Default
CUST002716,Male,32,Graduate,Self-employed,Single,1,37568.0,646.0,0,LN002716,Personal,625655.0,24,15.81,30577.25,75.0,11.8,1,Fair,Mortgage,North,Approved,Non-Default
CUST002717,Male,49,Graduate,Salaried,Married,0,30587.0,723.0,1,LN002717,Business,156635.0,24,12.28,7393.85,24.76,15.5,0,Excellent,Rented,South,Approved,Non-Default
CUST002718,Male,36,Postgraduate,Salaried,Single,0,20279.0,613.0,1,LN002718,Auto,177722.0,72,14.96,3754.07,25.76,8.6,0,Fair,Owned,South,Approved,Non-Default
CUST002719,Male,37,High School,Salaried,Single,0,50059.0,803.0,0,LN002719,Auto,161658.0,60,16.15,3944.1,13.28,14.1,0,Excellent,Owned,North,Approved,Non-Default
CUST002720,Female,45,High School,Unemployed,Married,1,52700.0,748.0,2,LN002720,Personal,437191.0,72,14.89,9218.31,31.08,11.4,0,Excellent,Rented,West,Approved,Non-Default
CUST002721,Female,28,Postgraduate,Salaried,Single,1,50129.0,754.0,2,LN002721,Personal,407478.0,24,16.11,19972.81,67.85,3.6,0,Excellent,Mortgage,East,Approved,Non-Default
CUST002722,Male,44,High School,Self-employed,Single,1,48339.0,657.0,1,LN002722,Auto,318870.0,12,14.32,28678.45,75.0,12.6,0,Good,Owned,South,Approved,Non-Default
CUST002723,Male,44,High School,Salaried,Single,0,98741.0,714.0,2,LN002723,Education,154299.0,48,14.09,4223.42,13.32,9.5,0,Excellent,Rented,East,Approved,Non-Default
CUST002724,Female,50,High School,Salaried,Divorced,0,78800.0,664.0,1,LN002724,Education,92216.0,24,12.57,4365.51,19.73,15.6,0,Good,Owned,East,Approved,Non-Default
CUST002725,Male,54,Graduate,Salaried,Married,2,84442.0,774.0,0,LN002725,Education,297127.0,24,12.12,14003.46,23.41,7.7,0,Excellent,Rented,East,Approved,Non-Default
CUST002726,Male,59,High School,Unemployed,Single,3,29385.0,730.0,0,LN002726,Auto,108666.0,72,14.88,2290.67,13.08,16.2,0,Excellent,Rented,West,Approved,Non-Default
CUST002727,Female,50,Graduate,Salaried,Single,2,32454.0,676.0,1,LN002727,Home,321939.0,48,13.78,8761.97,46.27,0.0,0,Good,Rented,West,Approved,Non-Default
CUST002728,Male,28,Graduate,Salaried,Married,1,42510.0,713.0,1,LN002728,Auto,207126.0,36,12.43,6922.16,25.9,5.2,1,Excellent,Rented,South,Approved,Default
CUST002729,Female,25,Postgraduate,Self-employed,Single,2,65581.0,720.0,3,LN002729,Education,125418.0,36,12.44,4192.08,5.0,11.6,0,Excellent,Owned,South,Approved,Non-Default
CUST002730,Male,46,Graduate,Self-employed,Married,2,109560.0,624.0,0,LN002730,Personal,1210472.0,24,16.82,59743.84,75.0,6.3,0,Fair,Owned,North,Approved,Default
CUST002731,Male,34,Graduate,Salaried,Single,1,68237.0,843.0,0,LN002731,Auto,107176.0,72,13.65,2188.4,14.13,9.8,1,Excellent,Rented,East,Approved,Non-Default
CUST002732,Male,37,Graduate,Salaried,Married,0,59282.0,762.0,0,LN002732,Business,87646.0,36,11.93,2908.17,13.08,9.5,1,Excellent,Rented,North,Approved,Non-Default
CUST002733,Female,52,Graduate,Self-employed,Single,3,42222.0,707.0,1,LN002733,Personal,41834.0,36,16.08,1472.41,10.77,6.7,0,Excellent,Owned,North,Approved,Non-Default
CUST002734,Male,47,High School,Self-employed,Single,0,28151.0,,1,LN002734,Personal,330211.0,36,16.39,11672.92,64.83,11.3,0,Excellent,Mortgage,West,Rejected,Default
CUST002735,Female,57,High School,Salaried,Married,0,250000.0,611.0,0,LN002735,Personal,208409.0,24,17.03,10307.22,17.82,7.9,0,Fair,Rented,West,Approved,Non-Default
CUST002736,Female,42,High School,Self-employed,Divorced,1,70304.0,668.0,2,LN002736,Personal,293906.0,36,17.99,10623.93,34.52,14.6,0,Good,Mortgage,North,Rejected,Default
CUST002737,Female,47,Graduate,Salaried,Single,1,92559.0,692.0,0,LN002737,Home,770253.0,48,15.62,21679.57,28.67,9.7,1,Good,Owned,South,Rejected,Default
CUST002738,Male,21,High School,Salaried,Married,1,51775.0,772.0,2,LN002738,Education,94118.0,36,13.7,3203.03,24.34,12.4,1,Excellent,Owned,South,Approved,Non-Default
CUST002739,Female,44,Graduate,Self-employed,Married,0,21343.0,691.0,2,LN002739,Personal,319669.0,72,15.57,6858.75,50.56,4.3,2,Good,Owned,East,Approved,Non-Default
CUST002740,Female,43,Postgraduate,Self-employed,Married,1,60047.0,704.0,1,LN002740,Personal,220843.0,48,16.37,6300.68,20.61,14.8,0,Excellent,Mortgage,West,Approved,Non-Default
CUST002741,Male,37,High School,Salaried,Single,0,21737.0,658.0,2,LN002741,Home,95464.0,36,15.62,3338.35,26.19,7.3,0,Good,Mortgage,North,Approved,Non-Default
CUST002742,Female,34,Graduate,Self-employed,Married,1,46072.0,628.0,1,LN002742,Home,493896.0,24,14.45,23818.5,70.25,15.2,0,Fair,Owned,East,Approved,Non-Default
CUST002743,Female,44,High School,Salaried,Single,2,41308.0,716.0,0,LN002743,Auto,301724.0,60,15.76,7298.92,23.49,4.3,1,Excellent,Rented,East,Approved,Non-Default
CUST002744,Male,21,Postgraduate,Salaried,Single,0,87947.0,703.0,1,LN002744,Auto,206212.0,36,13.1,6958.03,32.05,10.2,0,Excellent,Owned,North,Approved,Non-Default
CUST002745,Female,32,Postgraduate,Salaried,Married,1,58398.0,774.0,0,LN002745,Home,154923.0,24,13.2,7379.88,27.52,22.7,1,Excellent,Owned,South,Rejected,Non-Default
CUST002746,Female,58,High School,Unemployed,Single,2,51972.0,755.0,2,LN002746,Personal,233758.0,36,16.64,8292.29,25.68,18.8,1,Excellent,Owned,West,Approved,Non-Default
CUST002747,Female,36,Postgraduate,Salaried,Married,0,42632.0,663.0,0,LN002747,Home,412077.0,60,14.25,9641.8,32.29,0.2,0,Good,Rented,West,Approved,Non-Default
CUST002748,Male,45,Postgraduate,Salaried,Married,1,53912.0,707.0,0,LN002748,Auto,692903.0,12,14.4,62344.25,75.0,16.0,0,Excellent,Mortgage,West,Approved,Non-Default
CUST002749,Female,40,High School,Self-employed,Married,0,87752.0,759.0,2,LN002749,Home,98024.0,36,13.53,3327.9,17.34,3.6,1,Excellent,Owned,West,Approved,Default
CUST002750,Female,21,Graduate,Salaried,Divorced,0,70455.0,751.0,0,LN002750,Home,399820.0,12,15.03,36092.74,64.44,6.7,0,Excellent,Owned,South,Approved,Non-Default
CUST002751,Male,51,High School,Salaried,Single,3,49441.0,717.0,0,LN002751,Home,24337.0,12,13.9,2184.0,21.29,1.1,0,Excellent,Owned,South,Approved,Non-Default
CUST002752,Female,39,Graduate,Salaried,Married,0,46681.0,793.0,1,LN002752,Personal,773543.0,24,14.37,37275.38,75.0,0.0,0,Excellent,Mortgage,West,Approved,Default
CUST002753,Male,47,Graduate,Salaried,Married,0,48087.0,753.0,1,LN002753,Auto,97264.0,48,14.28,2671.56,5.0,17.2,0,Excellent,Mortgage,West,Rejected,Non-Default
CUST002754,Male,49,Graduate,Salaried,Married,0,141746.0,589.0,2,LN002754,Home,317759.0,12,15.83,28804.99,39.57,14.3,0,Fair,Rented,West,Approved,Non-Default
CUST002755,Male,36,High School,Unemployed,Married,0,29660.0,623.0,1,LN002755,Personal,259635.0,60,16.93,6442.83,38.2,24.9,0,Fair,Owned,West,Approved,Default
CUST002756,Male,40,Postgraduate,Self-employed,Single,3,69165.0,785.0,0,LN002756,Education,139856.0,36,14.24,4796.27,12.37,16.2,0,Excellent,Owned,North,Approved,Non-Default
CUST002757,Female,40,High School,Self-employed,Single,3,76671.0,645.0,0,LN002757,Personal,79344.0,12,18.61,7297.31,17.13,0.0,2,Fair,Rented,North,Approved,Non-Default
CUST002758,Female,54,Postgraduate,Self-employed,Married,1,22696.0,609.0,1,LN002758,Auto,111162.0,24,15.73,5428.51,28.75,6.5,0,Fair,Mortgage,South,Approved,Non-Default
CUST002759,Male,58,Graduate,Salaried,Married,2,99151.0,592.0,1,LN002759,Personal,528197.0,12,18.46,48540.81,73.06,1.6,0,Fair,Rented,East,Approved,Default
CUST002760,Female,48,High School,Unemployed,Single,1,35128.0,619.0,1,LN002760,Auto,108960.0,24,15.0,5283.11,38.95,1.6,0,Fair,Owned,West,Approved,Default
CUST002761,Female,30,Graduate,Self-employed,Married,3,88485.0,746.0,0,LN002761,Home,342140.0,24,12.23,16142.49,36.26,8.4,0,Excellent,Rented,South,Approved,Non-Default
CUST002762,Male,34,Graduate,Self-employed,Married,2,25066.0,654.0,0,LN002762,Education,214181.0,36,16.74,7608.45,38.51,10.1,0,Good,Rented,South,Approved,Non-Default
CUST002763,Female,51,Graduate,Self-employed,Single,3,95562.0,592.0,0,LN002763,Business,90187.0,24,17.03,4460.35,14.18,12.0,0,Fair,Mortgage,West,Approved,Non-Default
CUST002764,Female,33,Graduate,Salaried,Married,0,61379.0,731.0,0,LN002764,Personal,80334.0,12,17.01,7327.22,30.72,6.0,0,Excellent,Mortgage,North,Approved,Non-Default
CUST002765,Male,44,Graduate,Self-employed,Married,2,98470.0,788.0,1,LN002765,Auto,48195.0,24,12.86,2288.11,8.79,7.7,1,Excellent,Rented,South,Approved,Default
CUST002766,Female,38,High School,Salaried,Married,3,63065.0,731.0,1,LN002766,Home,161205.0,24,16.05,7896.95,15.52,9.8,0,Excellent,Owned,South,Approved,Non-Default
CUST002767,Female,34,High School,Salaried,Married,0,36605.0,768.0,3,LN002767,Personal,243321.0,12,14.8,21938.79,75.0,11.7,0,Excellent,Rented,West,Approved,Default
CUST002768,Male,51,Graduate,Salaried,Married,2,74412.0,850.0,0,LN002768,Home,197049.0,60,13.9,4574.78,5.0,9.4,0,Excellent,Owned,South,Approved,Non-Default
CUST002769,Female,28,High School,Salaried,Married,1,35765.0,771.0,0,LN002769,Auto,1044349.0,36,11.77,34572.72,75.0,6.0,0,Excellent,Owned,South,Approved,Non-Default
CUST002770,Female,50,Graduate,Self-employed,Married,2,,686.0,2,LN002770,Home,79816.0,60,13.86,1851.39,12.56,9.3,0,Good,Owned,West,Approved,Non-Default
CUST002771,Male,27,Graduate,Self-employed,Married,1,65417.0,648.0,1,LN002771,Business,88915.0,48,16.66,2550.03,24.44,4.1,0,Fair,Rented,East,Approved,Non-Default
CUST002772,Female,39,High School,Salaried,Married,0,48074.0,725.0,0,LN002772,Home,62215.0,24,14.06,2988.89,19.93,2.7,0,Excellent,Rented,South,Approved,Non-Default
CUST002773,Female,35,Graduate,Salaried,Divorced,1,86761.0,602.0,0,LN002773,Business,163330.0,24,15.82,7983.1,23.23,5.2,0,Fair,Mortgage,North,Approved,Non-Default
CUST002774,Female,47,High School,Self-employed,Married,0,29494.0,731.0,0,LN002774,Education,278677.0,60,10.65,6010.58,44.75,10.8,1,Excellent,Owned,West,Approved,Non-Default
CUST002775,Male,48,High School,Self-employed,Married,3,77388.0,713.0,2,LN002775,Personal,165322.0,60,15.97,4017.68,17.46,8.4,1,Excellent,Owned,East,Rejected,Non-Default
CUST002776,Female,22,Graduate,Self-employed,Married,3,52576.0,625.0,3,LN002776,Home,179368.0,24,16.02,8784.13,27.27,1.9,0,Fair,Owned,West,Approved,Non-Default
CUST002777,Male,37,High School,Salaried,Single,1,105731.0,772.0,0,LN002777,Personal,395427.0,24,16.01,19363.23,19.75,15.4,0,Excellent,Rented,North,Approved,Non-Default
CUST002778,Male,44,Graduate,Salaried,Married,2,67699.0,622.0,0,LN002778,Auto,77517.0,48,18.91,2314.09,21.04,21.3,0,Fair,Mortgage,South,Approved,Non-Default
CUST002779,Male,36,Graduate,Salaried,Married,0,62220.0,770.0,0,LN002779,Auto,227593.0,24,14.6,10992.02,31.81,6.4,0,Excellent,Owned,North,Approved,Non-Default
CUST002780,Female,32,Graduate,Self-employed,Divorced,2,42725.0,680.0,0,LN002780,Personal,489652.0,48,16.87,14096.02,40.27,14.8,0,Good,Owned,North,Approved,Non-Default
CUST002781,Male,44,High School,Salaried,Married,1,69117.0,585.0,3,LN002781,Auto,270747.0,60,16.8,6699.68,21.6,7.0,0,Fair,Owned,West,Approved,Default
CUST002782,Male,46,High School,Salaried,Single,1,69815.0,800.0,1,LN002782,Business,178732.0,24,15.97,8748.71,20.58,22.1,0,Excellent,Owned,South,Approved,Non-Default
CUST002783,Male,45,Graduate,Salaried,Divorced,0,71247.0,603.0,0,LN002783,Education,95414.0,36,16.5,3378.07,12.71,0.0,0,Fair,Mortgage,South,Approved,Non-Default
CUST002784,Female,34,Graduate,Salaried,Single,2,69360.0,556.0,1,LN002784,Personal,123039.0,72,17.99,2805.55,21.79,9.8,0,Fair,Rented,East,Approved,Non-Default
CUST002785,Male,38,Postgraduate,Self-employed,Single,1,65956.0,717.0,1,LN002785,Auto,265084.0,36,15.17,9211.31,14.62,10.6,0,Excellent,Rented,East,Approved,Non-Default
CUST002786,Male,35,High School,Salaried,Married,2,43628.0,711.0,0,LN002786,Personal,271990.0,12,15.64,24631.57,71.8,5.6,1,Excellent,Rented,West,Approved,Non-Default
CUST002787,Male,43,Postgraduate,Unemployed,Married,0,97206.0,537.0,0,LN002787,Business,218726.0,48,16.96,6306.82,16.39,5.2,0,Poor,Owned,North,Rejected,Non-Default
CUST002788,Male,51,Graduate,Salaried,Married,0,54103.0,683.0,0,LN002788,Auto,232426.0,24,14.37,11200.11,38.79,14.4,1,Good,Rented,South,Approved,Non-Default
CUST002789,Female,60,Graduate,Salaried,Married,0,31625.0,850.0,0,LN002789,Business,139990.0,36,16.5,4956.26,14.54,8.8,1,Excellent,Owned,South,Approved,Non-Default
CUST002790,Male,21,High School,Self-employed,Married,1,51423.0,675.0,1,LN002790,Auto,335562.0,36,16.79,11928.66,33.85,12.9,0,Good,Rented,North,Approved,Non-Default
CUST002791,Male,26,Graduate,Salaried,Married,1,98180.0,566.0,1,LN002791,Education,93010.0,12,16.98,8482.07,14.94,4.2,0,Fair,Owned,North,Approved,Non-Default
CUST002792,Male,41,Postgraduate,Salaried,Single,0,54758.0,711.0,2,LN002792,Home,278886.0,36,13.76,9499.19,26.09,0.8,0,Excellent,Mortgage,West,Approved,Non-Default
CUST002793,Male,37,Graduate,Unemployed,Married,2,90798.0,760.0,2,LN002793,Education,220447.0,24,16.09,10803.25,21.66,7.0,0,Excellent,Mortgage,West,Rejected,Non-Default
CUST002794,Female,44,Postgraduate,Salaried,Married,1,41193.0,695.0,1,LN002794,Home,98888.0,12,12.97,8831.01,35.17,11.6,0,Good,Rented,West,Rejected,Non-Default
CUST002795,Female,42,High School,Salaried,Married,1,33021.0,641.0,1,LN002795,Personal,324906.0,36,19.42,11978.87,59.76,14.8,0,Fair,Owned,West,Approved,Default
CUST002796,Female,45,Postgraduate,Self-employed,Married,3,23033.0,573.0,0,LN002796,Education,360729.0,48,15.6,10149.41,61.9,6.1,0,Fair,Owned,North,Rejected,Non-Default
CUST002797,Male,40,Postgraduate,Self-employed,Divorced,1,63119.0,810.0,0,LN002797,Personal,85301.0,48,13.69,2317.73,20.23,11.0,0,Excellent,Mortgage,North,Approved,Non-Default
CUST002798,Male,27,Graduate,Salaried,Single,3,63347.0,629.0,0,LN002798,Auto,132685.0,72,14.16,2745.45,7.64,14.1,2,Fair,Mortgage,East,Approved,Default
CUST002799,Female,34,Graduate,Salaried,Married,3,88010.0,723.0,1,LN002799,Business,177653.0,48,14.02,4856.41,13.75,12.9,2,Excellent,Mortgage,South,Approved,Non-Default
CUST002800,Female,27,Graduate,Salaried,Married,0,65686.0,656.0,1,LN002800,Home,403818.0,48,16.56,11560.46,39.31,7.3,0,Good,Rented,West,Approved,Non-Default
CUST002801,Male,38,Graduate,Salaried,Single,1,29299.0,765.0,1,LN002801,Education,212345.0,60,13.91,4930.99,23.84,12.2,0,Excellent,Owned,East,Approved,Non-Default
CUST002802,Male,43,Graduate,Unemployed,Single,0,59915.0,605.0,1,LN002802,Personal,448515.0,60,16.49,11024.13,38.11,9.4,0,Fair,Rented,South,Approved,Default
CUST002803,Male,46,Graduate,Salaried,Married,3,185662.0,716.0,0,LN002803,Home,149541.0,36,12.72,5018.48,20.84,9.1,0,Excellent,Rented,South,Approved,Non-Default
CUST002804,Male,37,Graduate,Unemployed,Divorced,2,53753.0,682.0,0,LN002804,Personal,88490.0,72,15.12,1876.89,22.41,9.5,0,Good,Owned,West,Approved,Non-Default
CUST002805,Male,45,High School,Self-employed,Divorced,1,52065.0,745.0,1,LN002805,Business,96171.0,60,12.36,2156.81,19.64,13.3,0,Excellent,Rented,West,Approved,Non-Default
CUST002806,Male,21,Graduate,Salaried,Married,0,44163.0,729.0,1,LN002806,Personal,88348.0,72,14.9,1863.33,5.0,14.5,0,Excellent,Owned,South,Rejected,Non-Default
CUST002807,Male,39,High School,Salaried,Single,0,40884.0,670.0,1,LN002807,Education,61594.0,60,16.45,1512.61,19.82,15.8,0,Good,Owned,East,Approved,Default
CUST002808,Male,35,Graduate,Unemployed,Married,3,21848.0,778.0,0,LN002808,Personal,332628.0,36,15.62,11631.91,73.79,0.8,0,Excellent,Mortgage,North,Rejected,Non-Default
CUST002809,Male,50,High School,Self-employed,Married,1,76621.0,693.0,2,LN002809,Business,105745.0,60,16.69,2610.44,9.63,2.5,0,Good,Mortgage,South,Approved,Non-Default
CUST002810,Male,47,High School,Self-employed,Single,2,46470.0,722.0,3,LN002810,Personal,459933.0,36,14.88,15916.71,48.36,5.3,2,Excellent,Rented,West,Rejected,Non-Default
CUST002811,Female,34,High School,Self-employed,Divorced,1,51091.0,686.0,3,LN002811,Personal,150322.0,24,17.18,7445.27,20.43,2.7,0,Good,Owned,South,Approved,Non-Default
CUST002812,Male,47,Postgraduate,Salaried,Single,1,36892.0,620.0,2,LN002812,Business,110327.0,60,16.54,2714.7,11.67,6.3,1,Fair,Mortgage,East,Approved,Non-Default
CUST002813,Female,46,Postgraduate,Self-employed,Married,2,70125.0,787.0,2,LN002813,Home,70810.0,36,11.1,2321.58,22.4,1.2,0,Excellent,Owned,North,Rejected,Non-Default
CUST002814,Male,21,High School,Salaried,Single,1,66730.0,734.0,1,LN002814,Business,446567.0,60,18.27,11405.56,33.03,6.4,1,Excellent,Mortgage,East,Approved,Non-Default
CUST002815,Male,34,Postgraduate,Salaried,Married,1,59773.0,650.0,2,LN002815,Business,110684.0,24,15.34,5384.59,23.46,6.5,1,Good,Rented,West,Approved,Non-Default
CUST002816,Male,53,Graduate,Salaried,Married,0,51869.0,742.0,2,LN002816,Personal,101305.0,36,17.79,3651.76,23.29,11.0,0,Excellent,Owned,North,Rejected,Non-Default
CUST002817,Male,34,Postgraduate,Salaried,Married,2,42285.0,651.0,0,LN002817,Home,207428.0,12,15.79,18799.51,75.0,10.2,0,Good,Mortgage,South,Approved,Non-Default
CUST002818,Female,28,Graduate,Salaried,Divorced,2,86242.0,715.0,2,LN002818,Education,217625.0,48,13.09,5848.06,12.35,0.0,0,Excellent,Owned,South,Approved,Default
CUST002819,Male,40,Postgraduate,Salaried,Married,1,76232.0,678.0,0,LN002819,Personal,78126.0,36,15.05,2710.18,18.41,3.9,0,Good,Owned,North,Approved,Non-Default
CUST002820,Male,32,High School,Self-employed,Divorced,1,110956.0,713.0,1,LN002820,Personal,230195.0,48,15.98,6521.43,6.72,15.9,1,Excellent,Mortgage,West,Approved,Non-Default
CUST002821,Male,48,High School,Self-employed,Single,1,96242.0,770.0,0,LN002821,Home,183287.0,72,14.12,3788.55,21.4,1.0,1,Excellent,Rented,North,Approved,Non-Default
CUST002822,Female,42,High School,Self-employed,Married,0,57929.0,766.0,0,LN002822,Home,249192.0,12,13.38,22301.6,46.95,12.2,2,Excellent,Rented,North,Rejected,Non-Default
CUST002823,Male,40,High School,Self-employed,Married,1,61426.0,765.0,2,LN002823,Auto,113631.0,60,13.98,2642.82,12.44,8.5,0,Excellent,Mortgage,West,Approved,Non-Default
CUST002824,Male,31,Graduate,Salaried,Married,0,86651.0,636.0,1,LN002824,Business,493672.0,36,16.61,17505.08,35.36,19.0,0,Fair,Owned,West,Approved,Non-Default
CUST002825,Female,43,Postgraduate,Salaried,Single,1,21791.0,653.0,0,LN002825,Personal,26167.0,36,18.03,946.39,15.1,2.2,0,Good,Owned,East,Approved,Non-Default
CUST002826,Male,34,Postgraduate,Salaried,Divorced,1,83432.0,719.0,0,LN002826,Personal,125340.0,48,14.46,3454.09,13.29,8.5,0,Excellent,Owned,East,Approved,Non-Default
CUST002827,Male,53,High School,Salaried,Married,0,70294.0,572.0,2,LN002827,Home,220681.0,48,17.51,6426.14,14.39,15.4,1,Fair,Mortgage,North,Approved,Non-Default
CUST002828,Female,41,Graduate,Salaried,Divorced,0,59249.0,692.0,1,LN002828,Auto,343050.0,48,15.02,9550.82,29.21,3.3,0,Good,Owned,West,Approved,Non-Default
CUST002829,Female,64,Graduate,Self-employed,Married,1,38982.0,677.0,1,LN002829,Home,150081.0,36,15.56,5243.86,21.72,0.0,0,Good,Mortgage,North,Approved,Non-Default
CUST002830,Female,37,Postgraduate,Self-employed,Divorced,0,,683.0,2,LN002830,Auto,253696.0,72,13.48,5157.22,5.0,0.3,0,Good,Mortgage,North,Approved,Non-Default
CUST002831,Female,43,High School,Self-employed,Single,0,28143.0,676.0,0,LN002831,Personal,183329.0,48,17.15,5304.2,30.79,14.0,0,Good,Rented,East,Approved,Non-Default
CUST002832,Female,31,High School,Salaried,Single,0,76126.0,850.0,1,LN002832,Home,268095.0,72,13.89,5508.52,12.67,8.2,0,Excellent,Rented,East,Approved,Non-Default
CUST002833,Female,42,Postgraduate,Salaried,Single,1,38875.0,664.0,2,LN002833,Home,299866.0,60,14.74,7092.93,32.33,3.3,0,Good,Mortgage,West,Approved,Non-Default
CUST002834,Female,34,Graduate,Salaried,Married,2,53944.0,593.0,0,LN002834,Personal,195746.0,24,18.31,9801.79,26.14,9.6,0,Fair,Owned,North,Approved,Non-Default
CUST002835,Male,36,High School,Self-employed,Single,1,73198.0,690.0,1,LN002835,Business,319075.0,60,13.58,7355.02,23.29,11.7,1,Good,Mortgage,West,Approved,Default
CUST002836,Female,46,High School,Salaried,Single,2,58074.0,677.0,1,LN002836,Auto,111332.0,24,16.68,5487.4,20.87,13.0,2,Good,Rented,North,Approved,Non-Default
CUST002837,Male,45,High School,Salaried,Married,2,30814.0,624.0,1,LN002837,Home,193695.0,36,13.2,6545.02,41.45,9.1,0,Fair,Owned,East,Approved,Non-Default
CUST002838,Male,53,High School,Unemployed,Divorced,0,44456.0,682.0,0,LN002838,Business,187280.0,60,14.46,4402.47,12.3,15.5,1,Good,Owned,South,Rejected,Non-Default
CUST002839,Female,48,Postgraduate,Self-employed,Single,1,71654.0,642.0,2,LN002839,Home,631923.0,72,17.11,14096.66,26.33,0.0,0,Fair,Mortgage,West,Approved,Non-Default
CUST002840,Female,37,Graduate,Unemployed,Divorced,2,84743.0,703.0,0,LN002840,Auto,618870.0,36,14.94,21435.15,47.98,15.2,0,Excellent,Mortgage,East,Approved,Non-Default
CUST002841,Male,47,Graduate,Salaried,Divorced,2,31399.0,588.0,1,LN002841,Personal,94996.0,48,18.22,2801.44,24.54,2.7,0,Fair,Rented,East,Approved,Non-Default
CUST002842,Male,31,Graduate,Salaried,Single,1,59393.0,627.0,2,LN002842,Home,150918.0,48,13.63,4096.1,11.21,15.9,0,Fair,Rented,North,Approved,Non-Default
CUST002843,Female,42,High School,Salaried,Divorced,0,48116.0,732.0,0,LN002843,Personal,73515.0,24,15.22,3572.18,20.56,18.8,0,Excellent,Owned,South,Approved,Non-Default
CUST002844,Male,47,Graduate,Salaried,Single,2,116229.0,697.0,1,LN002844,Auto,292357.0,48,13.91,7975.89,21.79,5.5,2,Good,Owned,South,Approved,Non-Default
CUST002845,Female,36,Graduate,Salaried,Single,2,50728.0,782.0,1,LN002845,Business,279782.0,72,13.62,5708.34,21.83,11.6,0,Excellent,Owned,West,Approved,Non-Default
CUST002846,Female,24,High School,Unemployed,Married,2,40508.0,661.0,2,LN002846,Auto,139087.0,24,15.3,6763.7,45.58,7.5,0,Good,Owned,North,Approved,Default
CUST002847,Female,37,Graduate,Unemployed,Single,1,54176.0,752.0,1,LN002847,Auto,99209.0,48,15.05,2763.58,6.2,5.6,0,Excellent,Rented,East,Approved,Non-Default
CUST002848,Male,27,Graduate,Salaried,Married,2,75676.0,749.0,1,LN002848,Education,187350.0,72,14.36,3896.69,9.23,6.7,2,Excellent,Rented,North,Approved,Default
CUST002849,Male,24,High School,Self-employed,Married,3,41204.0,705.0,0,LN002849,Personal,151416.0,48,17.79,4431.25,19.31,12.6,1,Excellent,Rented,North,Approved,Non-Default
CUST002850,Female,32,Graduate,Self-employed,Single,0,41505.0,647.0,1,LN002850,Home,833338.0,60,14.72,19702.78,63.17,0.0,0,Fair,Rented,South,Approved,Default
CUST002851,Male,44,Postgraduate,Self-employed,Married,1,56762.0,653.0,0,LN002851,Personal,151844.0,36,15.86,5327.9,24.94,8.0,1,Good,Mortgage,North,Approved,Non-Default
CUST002852,Female,43,Graduate,Self-employed,Divorced,1,50571.0,831.0,1,LN002852,Home,196357.0,12,12.46,17488.36,43.18,9.1,0,Excellent,Owned,North,Approved,Default
CUST002853,Female,44,High School,Unemployed,Single,2,52832.0,780.0,0,LN002853,Education,172445.0,12,12.29,15344.93,50.23,6.0,0,Excellent,Rented,West,Approved,Default
CUST002854,Female,37,Postgraduate,Self-employed,Single,1,57066.0,605.0,1,LN002854,Personal,177748.0,48,17.04,5132.61,9.44,13.9,0,Fair,Rented,North,Rejected,Non-Default
CUST002855,Female,53,Postgraduate,Salaried,Single,1,65452.0,701.0,1,LN002855,Home,169862.0,48,13.83,4627.26,17.52,5.6,0,Excellent,Owned,East,Approved,Non-Default
CUST002856,Female,31,High School,Self-employed,Married,3,63872.0,733.0,3,LN002856,Auto,169223.0,24,12.52,8007.07,20.26,13.5,0,Excellent,Owned,South,Approved,Non-Default
CUST002857,Male,29,High School,Self-employed,Married,0,29229.0,619.0,1,LN002857,Home,163615.0,12,15.62,14815.52,75.0,11.4,0,Fair,Owned,South,Approved,Default
CUST002858,Female,40,Postgraduate,Salaried,Married,0,81048.0,727.0,0,LN002858,Home,78455.0,12,14.43,7060.13,5.89,5.2,0,Excellent,Rented,South,Approved,Non-Default
CUST002859,Female,27,Postgraduate,Salaried,Single,0,56605.0,595.0,2,LN002859,Personal,257380.0,48,18.15,7580.73,17.11,6.2,0,Fair,Rented,East,Rejected,Non-Default
CUST002860,Female,36,Graduate,Self-employed,Single,1,64923.0,766.0,1,LN002860,Home,68217.0,48,12.84,1824.68,20.78,12.9,1,Excellent,Rented,North,Approved,Non-Default
CUST002861,Female,42,High School,Unemployed,Single,2,35068.0,671.0,0,LN002861,Home,183949.0,48,13.81,5009.16,31.34,4.1,0,Good,Mortgage,North,Approved,Non-Default
CUST002862,Male,40,High School,Salaried,Single,1,83965.0,744.0,3,LN002862,Personal,559998.0,48,16.28,15950.92,31.86,11.1,0,Excellent,Owned,South,Approved,Non-Default
CUST002863,Male,53,Graduate,Salaried,Married,0,82485.0,741.0,0,LN002863,Auto,814147.0,36,15.05,28242.61,50.77,9.4,0,Excellent,Mortgage,North,Approved,Default
CUST002864,Male,36,Graduate,Self-employed,Married,1,37381.0,554.0,0,LN002864,Home,160155.0,48,15.52,4499.56,11.93,6.6,0,Fair,Mortgage,South,Approved,Default
CUST002865,Male,48,Graduate,Self-employed,Married,1,19281.0,629.0,3,LN002865,Education,430398.0,36,16.4,15216.65,75.0,1.6,1,Fair,Owned,West,Approved,Default
CUST002866,Female,28,High School,Salaried,Single,1,77035.0,587.0,0,LN002866,Home,81157.0,48,15.44,2276.8,19.54,8.9,0,Fair,Owned,West,Rejected,Non-Default
CUST002867,Female,39,Graduate,Self-employed,Single,1,40168.0,635.0,0,LN002867,Business,340051.0,36,18.8,12430.56,49.35,8.7,0,Fair,Rented,South,Approved,Non-Default
CUST002868,Male,49,Graduate,Self-employed,Divorced,1,40610.0,685.0,2,LN002868,Home,104245.0,48,14.17,2857.55,20.84,6.8,2,Good,Owned,East,Approved,Non-Default
CUST002869,Female,53,Graduate,Salaried,Single,1,47488.0,560.0,3,LN002869,Personal,277490.0,36,18.42,10090.49,44.42,0.0,0,Fair,Owned,East,Rejected,Non-Default
CUST002870,Female,41,High School,Salaried,Married,0,71212.0,687.0,0,LN002870,Personal,115480.0,12,14.42,10391.45,23.22,10.4,0,Good,Rented,West,Approved,Non-Default
CUST002871,Male,35,Graduate,Self-employed,Married,1,31257.0,814.0,1,LN002871,Business,103500.0,60,14.77,2449.78,13.44,2.2,0,Excellent,Owned,South,Approved,Non-Default
CUST002872,Male,27,High School,Salaried,Married,0,85241.0,701.0,3,LN002872,Personal,138736.0,60,16.53,3412.98,19.5,12.6,0,Excellent,Owned,West,Approved,Non-Default
CUST002873,Male,54,High School,Salaried,Single,0,27394.0,679.0,1,LN002873,Personal,256344.0,24,15.85,12533.03,72.99,6.5,0,Good,Owned,West,Rejected,Non-Default
CUST002874,Female,47,Graduate,Salaried,Divorced,1,58498.0,665.0,2,LN002874,Auto,101106.0,48,15.09,2818.47,11.59,3.5,0,Good,Mortgage,North,Approved,Non-Default
CUST002875,Male,28,High School,Salaried,Single,1,79382.0,685.0,0,LN002875,Auto,528001.0,48,13.69,14346.43,24.55,14.1,0,Good,Owned,South,Approved,Non-Default
CUST002876,Male,57,Graduate,Salaried,Married,3,24152.0,637.0,2,LN002876,Home,228019.0,24,13.58,10902.66,60.54,3.4,0,Fair,Owned,West,Approved,Default
CUST002877,Male,34,Graduate,Salaried,Single,0,33300.0,738.0,1,LN002877,Auto,20000.0,36,13.88,682.39,13.87,12.9,0,Excellent,Owned,North,Approved,Non-Default
CUST002878,Female,25,High School,Salaried,Married,2,61603.0,542.0,2,LN002878,Home,127804.0,60,17.3,3196.91,10.55,0.0,0,Poor,Owned,East,Approved,Default
CUST002879,Female,45,High School,Self-employed,Married,1,34535.0,620.0,1,LN002879,Home,111965.0,48,16.55,3204.75,30.46,11.6,1,Fair,Owned,East,Approved,Non-Default
CUST002880,Male,40,Graduate,Unemployed,Married,1,51529.0,728.0,1,LN002880,Home,49358.0,60,15.03,1175.0,5.0,5.8,1,Excellent,Owned,East,Approved,Non-Default
CUST002881,Male,49,High School,Self-employed,Divorced,1,79673.0,591.0,0,LN002881,Personal,229992.0,36,18.1,8326.3,27.3,12.4,0,Fair,Rented,South,Approved,Non-Default
CUST002882,Male,36,Graduate,Self-employed,Divorced,1,75098.0,625.0,0,LN002882,Home,338596.0,36,13.21,11442.92,28.24,0.0,1,Fair,Mortgage,West,Approved,Non-Default
CUST002883,Male,30,Graduate,Salaried,Married,0,69876.0,640.0,1,LN002883,Personal,90833.0,60,17.44,2278.98,10.35,3.2,1,Fair,Rented,South,Approved,Non-Default
CUST002884,Female,24,Graduate,Self-employed,Married,3,72270.0,706.0,3,LN002884,Home,181087.0,12,16.0,16430.18,46.58,7.3,0,Excellent,Owned,East,Approved,Non-Default
CUST002885,Female,38,Graduate,Self-employed,Married,0,45546.0,637.0,1,LN002885,Home,84379.0,36,15.86,2960.69,10.15,14.0,0,Fair,Owned,North,Approved,Non-Default
CUST002886,Male,28,Postgraduate,Self-employed,Married,1,59821.0,791.0,3,LN002886,Business,243405.0,36,14.29,8353.33,25.45,20.6,0,Excellent,Mortgage,West,Approved,Non-Default
CUST002887,Male,45,Graduate,Salaried,Married,1,48934.0,741.0,0,LN002887,Auto,150069.0,48,12.9,4018.53,21.14,5.9,1,Excellent,Owned,West,Approved,Non-Default
CUST002888,Male,43,High School,Self-employed,Single,2,92060.0,696.0,0,LN002888,Personal,273727.0,36,16.11,9638.3,20.12,0.9,0,Good,Mortgage,South,Approved,Non-Default
CUST002889,Female,47,Graduate,Salaried,Divorced,1,33515.0,691.0,0,LN002889,Business,76126.0,60,13.69,1759.11,5.0,9.7,0,Good,Rented,East,Approved,Non-Default
CUST002890,Male,30,Graduate,Self-employed,Divorced,2,73886.0,645.0,0,LN002890,Auto,210292.0,36,13.95,7182.18,22.16,1.5,0,Fair,Mortgage,East,Approved,Non-Default
CUST002891,Male,50,High School,Salaried,Single,0,68219.0,653.0,0,LN002891,Business,160949.0,60,15.44,3866.24,11.14,8.3,0,Good,Rented,East,Approved,Non-Default
CUST002892,Male,35,Graduate,Self-employed,Married,0,29487.0,744.0,0,LN002892,Business,356197.0,60,15.35,8539.48,41.71,2.3,0,Excellent,Owned,West,Approved,Non-Default
CUST002893,Female,34,High School,Unemployed,Divorced,1,48217.0,850.0,2,LN002893,Auto,308694.0,48,11.5,8053.52,18.48,0.0,0,Excellent,Rented,East,Approved,Non-Default
CUST002894,Female,50,High School,Salaried,Married,2,49189.0,683.0,0,LN002894,Business,181501.0,36,14.79,6273.14,17.13,9.9,0,Good,Rented,South,Rejected,Non-Default
CUST002895,Male,40,Postgraduate,Self-employed,Married,0,56655.0,663.0,3,LN002895,Home,784485.0,24,16.55,38617.3,75.0,2.8,0,Good,Mortgage,North,Approved,Non-Default
CUST002896,Female,51,Postgraduate,Salaried,Single,2,48850.0,667.0,1,LN002896,Personal,341042.0,48,19.66,10316.35,31.61,9.1,1,Good,Owned,South,Approved,Non-Default
CUST002897,Female,36,High School,Salaried,Single,0,55368.0,809.0,0,LN002897,Home,183612.0,24,13.26,8751.69,22.73,7.7,0,Excellent,Rented,East,Approved,Non-Default
CUST002898,Male,22,High School,Unemployed,Divorced,3,57197.0,618.0,1,LN002898,Personal,173227.0,36,13.74,5898.64,27.66,7.8,0,Fair,Owned,South,Approved,Non-Default
CUST002899,Female,34,High School,Salaried,Single,1,47905.0,686.0,1,LN002899,Home,83402.0,72,14.71,1750.43,13.02,9.6,0,Good,Mortgage,South,Rejected,Non-Default
CUST002900,Male,21,Graduate,Unemployed,Married,0,55037.0,663.0,1,LN002900,Home,997041.0,24,13.59,47677.92,75.0,9.8,0,Good,Rented,East,Approved,Default
CUST002901,Male,40,Graduate,Salaried,Single,1,40901.0,622.0,2,LN002901,Business,147910.0,48,14.26,4061.18,19.24,11.9,2,Fair,Rented,West,Approved,Default
CUST002902,Male,54,High School,Salaried,Single,0,92226.0,792.0,1,LN002902,Home,113531.0,36,13.54,3854.9,6.79,0.0,0,Excellent,Owned,South,Approved,Non-Default
CUST002903,Male,50,High School,Salaried,Married,0,74798.0,715.0,1,LN002903,Personal,159038.0,12,16.03,14431.91,29.88,3.5,0,Excellent,Rented,North,Approved,Default
CUST002904,Male,23,High School,Salaried,Single,0,96089.0,739.0,2,LN002904,Auto,184215.0,12,14.3,16566.15,33.98,18.8,1,Excellent,Owned,West,Approved,Non-Default
CUST002905,Male,44,Graduate,Self-employed,Married,2,22091.0,667.0,2,LN002905,Education,113963.0,48,13.03,3059.04,38.17,13.1,0,Good,Owned,West,Approved,Non-Default
CUST002906,Female,45,Graduate,Self-employed,Divorced,3,124262.0,667.0,3,LN002906,Personal,250683.0,24,15.55,12220.39,22.94,11.6,0,Good,Rented,East,Approved,Non-Default
CUST002907,Female,44,High School,Self-employed,Single,0,33549.0,625.0,2,LN002907,Business,104545.0,12,15.12,9441.98,48.59,11.9,0,Fair,Rented,North,Approved,Non-Default
CUST002908,Female,38,Graduate,Self-employed,Single,0,86455.0,671.0,0,LN002908,Home,178498.0,36,15.12,6198.19,20.67,0.0,0,Good,Owned,North,Approved,Non-Default
CUST002909,Female,47,Graduate,Self-employed,Married,2,22010.0,732.0,0,LN002909,Education,280572.0,36,13.05,9460.34,67.18,13.0,0,Excellent,Mortgage,South,Rejected,Default
CUST002910,Male,61,Graduate,Salaried,Married,0,19777.0,622.0,0,LN002910,Home,44751.0,24,15.46,2179.62,19.69,10.6,0,Fair,Owned,South,Approved,Non-Default
CUST002911,Male,51,Postgraduate,Salaried,Married,1,45816.0,716.0,0,LN002911,Personal,115936.0,72,17.08,2584.31,15.16,5.0,0,Excellent,Owned,West,Approved,Non-Default
CUST002912,Female,53,Graduate,Self-employed,Single,1,97747.0,695.0,0,LN002912,Personal,90606.0,36,18.19,3284.27,15.79,0.0,0,Good,Owned,South,Approved,Non-Default
CUST002913,Female,36,Graduate,Self-employed,Single,2,91838.0,651.0,1,LN002913,Education,77191.0,36,15.9,2710.0,19.07,5.1,2,Good,Owned,North,Approved,Non-Default
CUST002914,Female,46,High School,Self-employed,Married,0,76847.0,850.0,2,LN002914,Education,227853.0,24,13.26,10860.39,28.68,10.3,1,Excellent,Rented,South,Approved,Non-Default
CUST002915,Male,29,High School,Self-employed,Married,2,105389.0,696.0,0,LN002915,Home,148911.0,24,15.76,7274.08,21.84,7.6,0,Good,Owned,East,Approved,Non-Default
CUST002916,Female,33,Postgraduate,Salaried,Single,1,50411.0,680.0,1,LN002916,Home,426349.0,36,13.06,14377.71,46.14,15.2,0,Good,Rented,South,Approved,Default
CUST002917,Male,40,Graduate,Salaried,Single,2,32562.0,648.0,0,LN002917,Auto,57277.0,24,15.59,2793.25,20.2,13.6,1,Fair,Owned,East,Approved,Non-Default
CUST002918,Male,46,Graduate,Self-employed,Married,3,35876.0,790.0,0,LN002918,Education,452988.0,48,12.97,12145.79,58.71,12.2,0,Excellent,Rented,North,Approved,Non-Default
CUST002919,Male,26,Postgraduate,Unemployed,Single,2,57893.0,719.0,1,LN002919,Personal,486701.0,60,14.93,11560.71,42.39,5.6,0,Excellent,Mortgage,South,Approved,Non-Default
CUST002920,Female,41,Postgraduate,Salaried,Single,1,126337.0,772.0,2,LN002920,Home,241539.0,60,13.8,5595.18,13.64,7.7,0,Excellent,Rented,East,Rejected,Non-Default
CUST002921,Male,57,Graduate,Salaried,Married,2,31226.0,671.0,3,LN002921,Personal,244629.0,24,17.47,12150.33,57.54,6.7,0,Good,Rented,East,Approved,Non-Default
CUST002922,Male,26,Postgraduate,Salaried,Married,2,46301.0,752.0,0,LN002922,Business,230083.0,36,14.15,7880.46,22.71,3.4,0,Excellent,Owned,South,Approved,Non-Default
CUST002923,Female,36,High School,Salaried,Single,1,36895.0,691.0,0,LN002923,Auto,177959.0,60,12.94,4043.65,13.15,7.3,0,Good,Mortgage,East,Approved,Non-Default
CUST002924,Male,56,High School,Salaried,Divorced,1,35241.0,623.0,2,LN002924,Education,102692.0,36,13.37,3478.43,17.77,11.4,0,Fair,Owned,East,Approved,Non-Default
CUST002925,Female,43,Graduate,Salaried,Married,0,96284.0,695.0,2,LN002925,Personal,755702.0,60,16.89,18736.47,32.53,12.0,0,Good,Mortgage,East,Approved,Non-Default
CUST002926,Male,40,High School,Salaried,Single,1,39497.0,661.0,0,LN002926,Home,110840.0,12,16.45,10080.23,37.88,5.1,0,Good,Rented,East,Rejected,Non-Default
CUST002927,Female,41,Graduate,Unemployed,Single,1,46087.0,741.0,0,LN002927,Home,66420.0,36,13.44,2252.05,9.08,11.0,0,Excellent,Owned,South,Approved,Non-Default
CUST002928,Female,34,Graduate,Salaried,Married,1,38210.0,663.0,0,LN002928,Personal,57406.0,36,17.19,2052.11,16.99,3.4,0,Good,Rented,South,Approved,Non-Default
CUST002929,Male,51,High School,Salaried,Married,2,43051.0,595.0,2,LN002929,Personal,118431.0,36,17.0,4222.39,20.92,16.5,1,Fair,Owned,East,Approved,Non-Default
CUST002930,Male,35,High School,Self-employed,Single,1,60204.0,637.0,0,LN002930,Home,115016.0,36,15.08,3991.57,14.27,11.6,0,Fair,Rented,West,Approved,Non-Default
CUST002931,Female,38,High School,Self-employed,Married,2,81471.0,702.0,2,LN002931,Home,73959.0,36,13.35,2504.46,15.86,9.8,2,Excellent,Rented,South,Approved,Non-Default
CUST002932,Female,33,Postgraduate,Self-employed,Single,2,23490.0,599.0,1,LN002932,Home,103841.0,36,13.97,3547.53,29.9,12.1,1,Fair,Mortgage,North,Approved,Non-Default
CUST002933,Male,46,Graduate,Salaried,Married,0,44847.0,655.0,0,LN002933,Personal,555640.0,36,14.35,19085.05,64.07,0.0,0,Good,Rented,East,Approved,Non-Default
CUST002934,Male,35,Graduate,Self-employed,Married,0,97069.0,747.0,2,LN002934,Education,462011.0,60,13.9,10726.25,24.8,21.9,0,Excellent,Rented,West,Approved,Non-Default
CUST002935,Female,35,Postgraduate,Salaried,Married,2,67932.0,659.0,1,LN002935,Auto,150218.0,36,15.14,5217.66,6.94,5.9,0,Good,Owned,East,Approved,Non-Default
CUST002936,Male,37,Graduate,Salaried,Married,2,33607.0,590.0,0,LN002936,Personal,104505.0,48,17.0,3015.5,15.97,4.3,0,Fair,Rented,North,Approved,Non-Default
CUST002937,Male,44,High School,Self-employed,Single,2,52885.0,697.0,1,LN002937,Home,414754.0,60,11.93,9211.31,29.56,12.5,1,Good,Rented,South,Approved,Non-Default
CUST002938,Male,27,High School,Self-employed,Married,0,54499.0,704.0,0,LN002938,Business,110030.0,12,15.85,9975.31,14.15,16.3,0,Excellent,Owned,North,Approved,Non-Default
CUST002939,Female,35,High School,Salaried,Divorced,0,36008.0,655.0,2,LN002939,Auto,97343.0,36,13.33,3295.36,27.82,5.7,0,Good,Mortgage,East,Approved,Non-Default
CUST002940,Male,42,Graduate,Self-employed,Married,0,70417.0,659.0,0,LN002940,Home,106962.0,24,14.54,5162.88,21.24,12.6,0,Good,Owned,North,Approved,Non-Default
CUST002941,Female,44,Postgraduate,Salaried,Married,0,40858.0,833.0,0,LN002941,Business,187092.0,36,11.8,6196.28,23.66,11.7,0,Excellent,Rented,West,Approved,Non-Default
CUST002942,Female,31,Graduate,Self-employed,Married,1,70329.0,649.0,1,LN002942,Auto,87389.0,36,15.2,3037.93,20.38,9.8,1,Fair,Rented,South,Approved,Default
CUST002943,Female,44,High School,Self-employed,Divorced,0,24534.0,653.0,1,LN002943,Personal,143742.0,36,16.73,5105.5,28.0,2.5,0,Good,Mortgage,South,Approved,Non-Default
CUST002944,Female,44,High School,Unemployed,Divorced,1,53233.0,747.0,1,LN002944,Personal,73607.0,60,16.67,1816.29,19.01,5.0,0,Excellent,Owned,West,Approved,Non-Default
CUST002945,Male,32,Graduate,Self-employed,Married,0,100479.0,658.0,0,LN002945,Home,230082.0,24,14.39,11089.34,10.28,9.2,0,Good,Owned,North,Approved,Non-Default
CUST002946,Male,50,Graduate,Salaried,Single,0,68846.0,589.0,1,LN002946,Education,91188.0,36,15.72,3193.31,12.89,14.6,0,Fair,Owned,South,Approved,Default
CUST002947,Male,28,High School,Self-employed,Married,1,63647.0,675.0,0,LN002947,Home,162132.0,36,11.97,5382.78,23.36,18.5,0,Good,Mortgage,South,Approved,Non-Default
CUST002948,Male,29,High School,Salaried,Single,1,88350.0,784.0,2,LN002948,Business,126111.0,48,15.22,3523.84,14.64,7.8,0,Excellent,Mortgage,West,Rejected,Non-Default
CUST002949,Female,39,High School,Salaried,Married,2,41057.0,618.0,1,LN002949,Auto,258600.0,72,15.34,5515.96,31.21,8.8,1,Fair,Rented,South,Approved,Non-Default
CUST002950,Male,46,Graduate,Self-employed,Married,1,32805.0,677.0,1,LN002950,Business,322542.0,36,18.1,11676.85,51.81,12.8,2,Good,Rented,South,Approved,Non-Default
CUST002951,Female,44,High School,Salaried,Married,1,40076.0,654.0,2,LN002951,Auto,498968.0,60,15.29,11946.5,51.93,7.0,2,Good,Rented,South,Approved,Non-Default
CUST002952,Male,55,Postgraduate,Self-employed,Single,1,46767.0,576.0,2,LN002952,Personal,104655.0,36,18.68,3819.32,20.69,5.3,0,Fair,Owned,North,Approved,Non-Default
CUST002953,Female,62,High School,Self-employed,Single,1,56029.0,708.0,3,LN002953,Auto,185626.0,48,13.43,5019.59,5.15,6.5,0,Excellent,Mortgage,East,Approved,Non-Default
CUST002954,Female,50,High School,Self-employed,Married,1,73934.0,757.0,1,LN002954,Home,101269.0,24,13.09,4818.79,17.68,0.0,3,Excellent,Owned,East,Approved,Non-Default
CUST002955,Male,44,Postgraduate,Salaried,Married,0,61135.0,736.0,1,LN002955,Home,88723.0,60,15.27,2123.31,15.37,12.9,0,Excellent,Mortgage,North,Rejected,Default
CUST002956,Male,49,High School,Salaried,Married,3,43221.0,810.0,1,LN002956,Personal,85635.0,12,14.84,7722.81,5.0,15.3,0,Excellent,Mortgage,North,Approved,Non-Default
CUST002957,Female,51,Postgraduate,Salaried,Married,1,31896.0,635.0,1,LN002957,Personal,262124.0,48,18.79,7808.52,35.18,5.8,0,Fair,Rented,East,Rejected,Non-Default
CUST002958,Male,28,Graduate,Salaried,Married,0,139175.0,679.0,0,LN002958,Business,229239.0,72,15.65,4928.55,13.11,6.8,0,Good,Rented,North,Approved,Non-Default
CUST002959,Male,21,High School,Self-employed,Married,0,58181.0,773.0,0,LN002959,Personal,131065.0,24,14.74,6338.72,21.31,0.0,0,Excellent,Rented,East,Approved,Non-Default
CUST002960,Female,44,Graduate,Self-employed,Single,3,153093.0,661.0,0,LN002960,Home,92174.0,36,15.92,3236.93,15.71,2.2,0,Good,Mortgage,West,Approved,Non-Default
CUST002961,Female,37,Graduate,Self-employed,Married,1,58499.0,664.0,1,LN002961,Auto,262368.0,36,14.46,9025.85,18.73,4.7,0,Good,Rented,South,Approved,Non-Default
CUST002962,Male,44,High School,Salaried,Married,1,52599.0,533.0,1,LN002962,Education,440587.0,12,16.15,40006.12,75.0,17.5,0,Poor,Owned,East,Approved,Non-Default
CUST002963,Male,60,Graduate,Self-employed,Married,1,62147.0,778.0,1,LN002963,Home,481617.0,60,12.42,10815.8,35.5,0.0,0,Excellent,Owned,East,Approved,Non-Default
CUST002964,Female,48,Graduate,Unemployed,Married,0,61116.0,711.0,1,LN002964,Personal,83028.0,24,15.84,4058.96,27.37,11.4,0,Excellent,Rented,East,Approved,Non-Default
CUST002965,Male,39,High School,Salaried,Married,1,,575.0,1,LN002965,Auto,375701.0,60,15.53,9042.76,35.74,6.4,0,Fair,Rented,West,Approved,Non-Default
CUST002966,Female,31,High School,Salaried,Single,1,129993.0,761.0,1,LN002966,Personal,360534.0,36,15.33,12556.37,10.48,0.6,0,Excellent,Owned,North,Approved,Non-Default
CUST002967,Male,53,High School,Salaried,Married,0,75645.0,728.0,0,LN002967,Home,265736.0,36,14.77,9181.92,19.62,16.7,0,Excellent,Owned,South,Approved,Non-Default
CUST002968,Male,24,High School,Salaried,Married,1,99117.0,613.0,1,LN002968,Auto,65281.0,72,17.84,1483.02,5.0,10.4,0,Fair,Rented,East,Approved,Non-Default
CUST002969,Male,37,High School,Salaried,Married,2,90437.0,664.0,1,LN002969,Personal,180638.0,36,15.38,6295.54,9.02,11.0,0,Good,Rented,South,Rejected,Non-Default
CUST002970,Male,33,Postgraduate,Self-employed,Single,1,59969.0,723.0,0,LN002970,Home,69173.0,24,13.76,3313.36,9.43,11.6,0,Excellent,Mortgage,West,Approved,Non-Default
CUST002971,Male,48,High School,Salaried,Married,0,66921.0,765.0,1,LN002971,Personal,115410.0,72,14.05,2381.2,20.28,15.9,0,Excellent,Owned,North,Approved,Non-Default
CUST002972,Male,40,High School,Unemployed,Single,2,72192.0,709.0,0,LN002972,Education,268807.0,36,11.63,8880.81,21.36,6.1,0,Excellent,Rented,North,Approved,Non-Default
CUST002973,Female,32,Graduate,Salaried,Single,3,84509.0,626.0,0,LN002973,Education,291325.0,24,15.02,14128.14,16.69,11.9,0,Fair,Mortgage,North,Approved,Non-Default
CUST002974,Male,33,High School,Salaried,Divorced,3,81862.0,603.0,0,LN002974,Home,579580.0,48,15.54,16289.24,30.49,3.0,0,Fair,Mortgage,South,Approved,Default
CUST002975,Male,47,High School,Salaried,Divorced,2,52366.0,740.0,0,LN002975,Personal,91462.0,60,13.27,2093.7,11.96,9.9,2,Excellent,Rented,East,Rejected,Default
CUST002976,Male,57,Graduate,Salaried,Married,0,35575.0,761.0,2,LN002976,Auto,103683.0,36,14.55,3571.4,13.71,19.5,0,Excellent,Rented,East,Approved,Non-Default
CUST002977,Female,28,Graduate,Salaried,Single,1,167056.0,702.0,2,LN002977,Home,347946.0,36,12.99,11722.0,19.62,10.8,1,Excellent,Rented,East,Approved,Default
CUST002978,Female,32,Postgraduate,Salaried,Married,0,37727.0,654.0,1,LN002978,Personal,100525.0,24,16.89,4964.87,22.86,6.7,2,Good,Owned,South,Approved,Non-Default
CUST002979,Male,44,Postgraduate,Salaried,Married,0,75516.0,771.0,1,LN002979,Home,204180.0,72,12.73,4069.69,19.57,3.5,0,Excellent,Owned,South,Approved,Non-Default
CUST002980,Male,44,Graduate,Self-employed,Married,0,42099.0,672.0,0,LN002980,Personal,109417.0,24,16.74,5396.16,10.13,6.3,0,Good,Mortgage,West,Approved,Non-Default
CUST002981,Male,51,Graduate,Self-employed,Single,3,80934.0,731.0,2,LN002981,Home,287898.0,36,13.2,9728.18,18.93,22.7,0,Excellent,Mortgage,North,Approved,Non-Default
CUST002982,Female,33,Graduate,Salaried,Single,0,94732.0,728.0,0,LN002982,Home,829344.0,48,14.83,23009.86,40.76,6.2,0,Excellent,Owned,North,Approved,Non-Default
CUST002983,Female,49,Postgraduate,Salaried,Single,0,106458.0,619.0,0,LN002983,Home,44731.0,60,15.01,1064.38,14.79,4.8,0,Fair,Rented,South,Rejected,Non-Default
CUST002984,Female,41,High School,Self-employed,Married,1,112892.0,643.0,1,LN002984,Home,256582.0,36,13.88,8754.42,20.45,0.0,0,Fair,Owned,East,Rejected,Non-Default
CUST002985,Male,40,Postgraduate,Self-employed,Single,2,38793.0,660.0,2,LN002985,Business,136219.0,36,13.41,4616.7,12.73,4.4,0,Good,Owned,East,Approved,Non-Default
CUST002986,Male,48,Graduate,Self-employed,Single,0,129137.0,627.0,1,LN002986,Business,195895.0,60,16.22,4786.71,15.24,4.4,0,Fair,Mortgage,North,Approved,Non-Default
CUST002987,Female,37,High School,Salaried,Married,0,52554.0,718.0,2,LN002987,Home,73174.0,12,12.52,6519.24,23.49,10.6,0,Excellent,Rented,North,Approved,Non-Default
CUST002988,Female,39,Graduate,Salaried,Married,0,57858.0,597.0,2,LN002988,Auto,237421.0,36,14.6,8183.85,28.21,9.2,0,Fair,Mortgage,West,Rejected,Non-Default
CUST002989,Male,27,Postgraduate,Salaried,Single,0,38769.0,564.0,2,LN002989,Home,278938.0,60,16.45,6850.1,35.34,19.3,0,Fair,Mortgage,North,Approved,Default
CUST002990,Male,34,Graduate,Self-employed,Single,0,75602.0,821.0,0,LN002990,Home,103318.0,60,14.81,2447.64,5.0,2.5,0,Excellent,Mortgage,East,Approved,Non-Default
CUST002991,Female,44,Graduate,Salaried,Married,3,101540.0,590.0,0,LN002991,Business,249304.0,36,15.78,8737.74,28.99,17.7,0,Fair,Owned,West,Rejected,Non-Default
CUST002992,Female,34,Graduate,Salaried,Married,0,65281.0,778.0,0,LN002992,Personal,206802.0,36,14.11,7079.06,22.28,3.7,0,Excellent,Rented,South,Approved,Default
CUST002993,Male,47,Graduate,Self-employed,Married,1,41238.0,604.0,0,LN002993,Auto,252582.0,72,15.2,5368.32,31.74,1.5,0,Fair,Owned,South,Approved,Default
CUST002994,Male,43,Postgraduate,Salaried,Married,3,103252.0,563.0,2,LN002994,Auto,108819.0,48,14.29,2989.49,8.3,13.1,1,Fair,Owned,North,Approved,Default
CUST002995,Male,24,High School,Self-employed,Married,2,43548.0,723.0,2,LN002995,Business,151529.0,36,14.69,5229.83,40.65,5.5,0,Excellent,Rented,South,Approved,Non-Default
CUST002996,Female,34,Postgraduate,Unemployed,Married,2,41002.0,667.0,0,LN002996,Personal,60482.0,36,16.07,2128.46,6.96,6.2,2,Good,Rented,North,Approved,Non-Default
CUST002997,Female,31,Graduate,Salaried,Married,1,66468.0,817.0,3,LN002997,Auto,87726.0,24,13.09,4174.36,9.44,6.6,0,Excellent,Owned,West,Rejected,Non-Default
CUST002998,Male,49,Graduate,Salaried,Married,0,34610.0,850.0,1,LN002998,Personal,158197.0,72,14.21,3277.58,10.1,12.8,0,Excellent,Owned,West,Approved,Non-Default
CUST002999,Female,63,Graduate,Self-employed,Single,1,47609.0,717.0,1,LN002999,Business,143534.0,60,11.16,3132.24,14.93,9.4,0,Excellent,Mortgage,East,Approved,Non-Default
CUST003000,Female,49,High School,Salaried,Single,0,107840.0,697.0,2,LN003000,Personal,134818.0,36,16.48,4771.81,24.65,16.1,1,Good,Mortgage,South,Approved,Non-Default
CUST003001,Female,48,Graduate,Unemployed,Single,1,60510.0,762.0,0,LN003001,Home,92032.0,24,11.05,4291.55,18.93,11.3,3,Excellent,Owned,North,Approved,Default
CUST003002,Male,52,High School,Salaried,Single,2,29292.0,693.0,1,LN003002,Auto,90122.0,48,13.81,2454.14,17.07,3.2,0,Good,Owned,North,Approved,Non-Default
CUST003003,Male,36,Graduate,Self-employed,Married,2,34452.0,648.0,1,LN003003,Auto,253589.0,60,15.05,6039.52,24.35,6.0,0,Fair,Rented,North,Approved,Non-Default
CUST003004,Female,46,Graduate,,Divorced,1,104853.0,681.0,0,LN003004,Personal,452833.0,36,14.97,15690.95,21.03,13.2,1,Good,Rented,North,Approved,Non-Default
CUST003005,Female,33,Graduate,Salaried,Married,0,53213.0,646.0,0,LN003005,Home,215070.0,48,14.98,5983.38,19.21,12.5,0,Fair,Mortgage,South,Approved,Default
CUST003006,Male,21,Graduate,Salaried,Single,0,82196.0,729.0,2,LN003006,Home,77667.0,24,12.0,3656.06,6.7,9.0,0,Excellent,Owned,East,Approved,Non-Default
CUST003007,Female,27,Graduate,Salaried,Married,2,59702.0,743.0,2,LN003007,Home,168859.0,36,12.47,5646.52,16.39,0.5,1,Excellent,Rented,North,Approved,Non-Default
CUST003008,Female,39,Graduate,Unemployed,Married,0,76545.0,759.0,0,LN003008,Personal,363802.0,36,13.52,12349.24,30.43,12.4,3,Excellent,Owned,East,Approved,Non-Default
CUST003009,Female,36,High School,Salaried,Married,0,28023.0,576.0,1,LN003009,Personal,582565.0,36,18.2,21119.62,75.0,19.3,0,Fair,Mortgage,North,Approved,Default
CUST003010,Female,41,High School,Salaried,Married,0,63745.0,696.0,1,LN003010,Auto,87025.0,48,16.17,2473.9,17.25,0.0,0,Good,Owned,West,Approved,Non-Default
CUST003011,Female,26,High School,Self-employed,Married,1,33156.0,667.0,0,LN003011,Education,105683.0,48,14.69,2924.66,12.15,16.6,0,Good,Rented,East,Approved,Non-Default
CUST003012,Male,31,Graduate,Self-employed,Divorced,3,39399.0,722.0,3,LN003012,Personal,192451.0,36,14.68,6641.26,32.76,13.8,0,Excellent,Mortgage,East,Rejected,Non-Default
CUST003013,Female,44,High School,Salaried,Single,0,56658.0,801.0,3,LN003013,Auto,113265.0,12,14.01,10170.27,37.12,17.3,1,Excellent,Owned,East,Rejected,Non-Default
CUST003014,Female,43,High School,Self-employed,Single,2,21140.0,631.0,1,LN003014,Personal,24439.0,72,17.01,543.81,12.05,11.5,0,Fair,Rented,South,Rejected,Non-Default
CUST003015,Female,50,Graduate,Salaried,Single,3,33593.0,741.0,3,LN003015,Education,59499.0,24,14.63,2874.46,17.09,11.2,0,Excellent,Owned,North,Approved,Non-Default
CUST003016,Female,36,Graduate,Self-employed,Married,3,47494.0,601.0,0,LN003016,Auto,426568.0,60,13.1,9727.58,33.07,1.6,1,Fair,Rented,West,Approved,Non-Default
CUST003017,Female,32,Postgraduate,Salaried,Single,1,84999.0,674.0,2,LN003017,Education,274891.0,60,15.02,6542.52,15.79,5.5,0,Good,Owned,East,Rejected,Non-Default
CUST003018,Female,41,High School,Self-employed,Married,1,52823.0,637.0,0,LN003018,Auto,212613.0,24,14.85,10293.75,38.24,12.3,0,Fair,Owned,West,Rejected,Default
CUST003019,Male,49,Postgraduate,Salaried,Married,0,91212.0,719.0,1,LN003019,Personal,174986.0,36,16.51,6196.14,18.35,14.6,0,Excellent,Owned,North,Approved,Non-Default
CUST003020,Male,42,Postgraduate,Self-employed,Married,1,54707.0,685.0,0,LN003020,Home,136633.0,48,15.4,3830.36,5.0,9.4,1,Good,Rented,North,Approved,Non-Default
CUST003021,Male,30,High School,Salaried,Single,2,46739.0,593.0,0,LN003021,Personal,558016.0,24,15.02,27061.63,75.0,6.9,0,Fair,Owned,East,Approved,Non-Default
CUST003022,Female,51,Postgraduate,Salaried,Divorced,1,81352.0,796.0,1,LN003022,Home,96042.0,36,12.25,3201.45,8.98,9.7,0,Excellent,Owned,North,Approved,Non-Default
CUST003023,Female,39,Postgraduate,Salaried,Married,1,57817.0,694.0,3,LN003023,Home,164360.0,60,14.02,3826.07,8.72,9.5,1,Good,Mortgage,West,Approved,Non-Default
CUST003024,Female,21,Postgraduate,Unemployed,Married,1,48822.0,756.0,3,LN003024,Auto,120505.0,24,14.42,5809.73,19.28,13.6,1,Excellent,Owned,South,Approved,Non-Default
CUST003025,Male,31,Postgraduate,Salaried,Married,0,49759.0,750.0,0,LN003025,Personal,179906.0,60,15.03,4282.78,19.99,2.7,0,Excellent,Rented,North,Rejected,Non-Default
CUST003026,Male,39,Postgraduate,Salaried,Married,1,70508.0,675.0,1,LN003026,Business,82271.0,24,17.82,4100.15,5.0,13.9,0,Good,Mortgage,West,Approved,Non-Default
CUST003027,Male,44,Postgraduate,Salaried,Married,0,74599.0,628.0,1,LN003027,Auto,164904.0,72,13.87,3386.5,5.0,13.9,0,Fair,Rented,North,Approved,Non-Default
CUST003028,Female,40,Graduate,Self-employed,Single,1,30174.0,735.0,3,LN003028,Auto,276919.0,24,13.37,13213.41,54.01,7.3,0,Excellent,Owned,South,Rejected,Non-Default
CUST003029,Male,32,High School,Unemployed,Married,0,30806.0,506.0,3,LN003029,Personal,87288.0,72,19.02,2041.51,19.98,10.2,0,Poor,Owned,South,Approved,Default
CUST003030,Female,32,Graduate,Salaried,Single,2,52603.0,737.0,1,LN003030,Personal,58956.0,72,15.71,1269.47,10.62,7.9,0,Excellent,Rented,North,Approved,Non-Default
CUST003031,Male,45,High School,Salaried,Divorced,1,152226.0,620.0,0,LN003031,Home,61176.0,36,14.58,2108.13,9.52,18.6,0,Fair,Owned,South,Approved,Non-Default
CUST003032,Male,40,Graduate,Salaried,Married,1,28329.0,728.0,0,LN003032,Education,310184.0,12,14.05,27857.83,75.0,6.6,1,Excellent,Owned,North,Approved,Non-Default
CUST003033,Male,24,Graduate,Salaried,Divorced,2,50557.0,598.0,1,LN003033,Business,198462.0,36,18.77,7251.77,33.55,6.9,0,Fair,Rented,East,Approved,Default
CUST003034,Female,42,High School,Salaried,Divorced,1,119255.0,648.0,1,LN003034,Education,299464.0,48,15.96,8480.76,29.53,11.6,0,Fair,Rented,East,Approved,Non-Default
CUST003035,Female,33,Graduate,Self-employed,Married,1,44790.0,607.0,1,LN003035,Auto,110122.0,72,16.32,2408.19,12.48,12.7,0,Fair,Rented,North,Approved,Non-Default
CUST003036,Male,23,Graduate,Self-employed,Married,2,44879.0,691.0,2,LN003036,Home,426405.0,36,16.54,15105.06,46.41,3.0,0,Good,Rented,East,Approved,Non-Default
CUST003037,Female,27,Graduate,Salaried,Married,1,67738.0,620.0,0,LN003037,Personal,152508.0,36,14.77,5269.58,16.16,4.4,0,Fair,Mortgage,East,Approved,Non-Default
CUST003038,Male,21,Graduate,Self-employed,Married,1,45903.0,689.0,0,LN003038,Personal,70384.0,60,15.0,1674.43,14.88,26.0,0,Good,Owned,South,Approved,Non-Default
CUST003039,Male,56,Graduate,Self-employed,Single,2,26547.0,586.0,0,LN003039,Education,76163.0,48,16.12,2163.16,5.0,12.7,0,Fair,Rented,West,Approved,Default
CUST003040,Male,41,High School,Self-employed,Single,0,92538.0,686.0,2,LN003040,Auto,656520.0,48,13.52,17782.7,29.79,14.8,0,Good,Owned,West,Approved,Non-Default
CUST003041,Female,51,High School,Salaried,Married,1,64780.0,816.0,0,LN003041,Auto,249547.0,36,12.56,8355.44,16.36,0.5,2,Excellent,Owned,East,Rejected,Non-Default
CUST003042,Male,27,Postgraduate,Salaried,Single,0,37037.0,627.0,1,LN003042,Education,127852.0,36,15.56,4467.17,20.21,4.9,0,Fair,Mortgage,South,Approved,Default
CUST003043,Female,42,Graduate,Salaried,Married,2,109825.0,653.0,1,LN003043,Education,497523.0,60,13.45,11435.12,12.41,18.2,0,Good,Owned,West,Approved,Non-Default
CUST003044,Female,21,Postgraduate,Self-employed,Married,0,42737.0,719.0,2,LN003044,Home,128383.0,24,15.2,6237.07,20.46,13.4,0,Excellent,Owned,West,Approved,Non-Default
CUST003045,Female,38,Graduate,Self-employed,Married,0,34869.0,687.0,1,LN003045,Home,86222.0,60,14.67,2036.31,16.66,2.4,0,Good,Owned,East,Approved,Non-Default
CUST003046,Male,44,High School,Salaried,Married,2,64286.0,657.0,0,LN003046,Auto,194393.0,12,16.64,17696.37,44.27,0.0,0,Good,Rented,East,Rejected,Non-Default
CUST003047,Male,37,High School,Salaried,Single,0,59645.0,722.0,1,LN003047,Home,193305.0,24,13.58,9242.82,23.26,11.9,0,Excellent,Rented,North,Rejected,Non-Default
CUST003048,Male,39,High School,Salaried,Married,0,55586.0,738.0,1,LN003048,Home,80882.0,48,14.85,2244.86,17.25,9.6,0,Excellent,Rented,South,Approved,Non-Default
CUST003049,Female,39,Graduate,Salaried,Married,1,30357.0,565.0,0,LN003049,Education,133400.0,36,17.51,4790.0,28.75,10.9,1,Fair,Rented,South,Approved,Default
CUST003050,Female,24,Graduate,Salaried,Married,0,63919.0,712.0,0,LN003050,Auto,244513.0,36,14.52,8418.76,28.72,18.9,3,Excellent,Owned,East,Rejected,Non-Default
CUST003051,Male,52,High School,Salaried,Married,0,18000.0,762.0,0,LN003051,Personal,509357.0,36,12.65,17076.51,75.0,1.7,0,Excellent,Owned,South,Approved,Default
CUST003052,Male,51,Graduate,Unemployed,Divorced,2,86572.0,769.0,1,LN003052,Auto,138014.0,36,13.8,4703.6,10.5,10.3,0,Excellent,Mortgage,North,Approved,Non-Default
CUST003053,Female,37,Graduate,Salaried,Married,3,25384.0,686.0,0,LN003053,Personal,160496.0,36,15.22,5580.95,40.02,10.5,0,Good,Owned,South,Approved,Non-Default
CUST003054,Male,44,High School,Salaried,Single,1,39559.0,630.0,2,LN003054,Home,277628.0,60,14.4,6517.64,20.87,10.8,0,Fair,Mortgage,East,Approved,Non-Default
CUST003055,Female,51,High School,Salaried,Single,1,41260.0,698.0,2,LN003055,Business,373495.0,36,15.84,13101.49,54.58,12.8,0,Good,Owned,East,Approved,Non-Default
CUST003056,Male,43,High School,Self-employed,Single,2,57521.0,671.0,0,LN003056,Auto,55142.0,24,16.34,2708.89,19.53,3.0,1,Good,Rented,East,Rejected,Non-Default
CUST003057,Female,33,Postgraduate,Self-employed,Single,2,35058.0,742.0,2,LN003057,Education,148992.0,36,15.33,5188.97,19.09,6.1,0,Excellent,Rented,West,Approved,Non-Default
CUST003058,Female,35,Graduate,Salaried,Married,1,53723.0,657.0,0,LN003058,Home,150959.0,48,13.91,4118.37,11.13,13.2,0,Good,Rented,North,Approved,Non-Default
CUST003059,Female,25,Graduate,Salaried,Married,2,38514.0,730.0,1,LN003059,Personal,78139.0,12,16.87,7121.83,39.14,6.7,0,Excellent,Rented,West,Approved,Non-Default
CUST003060,Male,39,High School,Self-employed,Divorced,0,31446.0,638.0,0,LN003060,Education,378723.0,24,12.47,17911.04,65.54,0.9,0,Fair,Mortgage,West,Approved,Non-Default
CUST003061,Male,54,Postgraduate,Self-employed,Single,2,35916.0,,2,LN003061,Business,183525.0,24,16.0,8985.95,37.28,15.0,0,Excellent,Owned,South,Approved,Non-Default
CUST003062,Female,28,Graduate,Salaried,Married,1,34057.0,741.0,1,LN003062,Personal,361787.0,24,14.51,17457.73,72.68,17.7,0,Excellent,Owned,North,Approved,Default
CUST003063,Female,32,Graduate,Salaried,Married,1,94322.0,635.0,1,LN003063,Education,73805.0,48,13.3,1991.01,10.83,15.6,0,Fair,Owned,North,Approved,Non-Default
CUST003064,Female,41,Postgraduate,Salaried,Single,1,45838.0,795.0,0,LN003064,Home,106206.0,36,13.34,3595.92,15.99,14.1,0,Excellent,Mortgage,South,Approved,Non-Default
CUST003065,Female,31,Postgraduate,Salaried,Single,1,29742.0,649.0,0,LN003065,Auto,138148.0,60,16.26,3378.61,18.29,2.7,1,Fair,Mortgage,East,Approved,Default
CUST003066,Female,28,Graduate,Salaried,Married,2,58448.0,679.0,0,LN003066,Personal,78076.0,36,16.74,2773.53,28.5,3.3,0,Good,Rented,South,Approved,Non-Default
CUST003067,Female,53,Graduate,Self-employed,Married,0,73877.0,692.0,0,LN003067,Home,74616.0,12,13.07,6666.95,27.98,11.4,0,Good,Owned,North,Approved,Non-Default
CUST003068,Female,37,Graduate,Unemployed,Single,1,122128.0,776.0,2,LN003068,Auto,617931.0,72,12.72,12313.28,17.44,0.0,0,Excellent,Owned,West,Approved,Non-Default
CUST003069,Male,35,High School,Salaried,Single,1,125761.0,629.0,0,LN003069,Business,104177.0,48,17.61,3039.01,22.06,4.8,0,Fair,Rented,North,Approved,Non-Default
CUST003070,Female,44,High School,Self-employed,Single,1,35336.0,646.0,0,LN003070,Home,242617.0,60,13.75,5613.88,17.89,8.5,0,Fair,Owned,West,Approved,Non-Default
CUST003071,Male,53,Graduate,Self-employed,Single,0,60680.0,695.0,0,LN003071,Auto,131740.0,48,16.68,3779.59,18.11,3.7,1,Good,Rented,South,Approved,Non-Default
CUST003072,Female,43,High School,Salaried,Single,0,95574.0,664.0,1,LN003072,Personal,154033.0,60,16.07,3751.51,16.12,14.6,1,Good,Owned,West,Approved,Non-Default
CUST003073,Female,36,High School,Unemployed,Divorced,1,82826.0,604.0,0,LN003073,Home,89731.0,24,15.68,4379.8,14.56,7.6,0,Fair,Owned,South,Approved,Non-Default
CUST003074,Male,45,Graduate,Salaried,Divorced,0,93681.0,748.0,1,LN003074,Personal,51032.0,48,14.52,1407.87,18.07,14.9,1,Excellent,Rented,North,Approved,Default
CUST003075,Male,49,Postgraduate,Self-employed,Single,0,78888.0,630.0,3,LN003075,Personal,83423.0,12,15.55,7551.29,19.67,12.7,1,Fair,Owned,West,Rejected,Default
CUST003076,Female,45,Graduate,Unemployed,Married,1,58103.0,653.0,0,LN003076,Auto,145053.0,48,16.19,4124.97,10.65,3.3,1,Good,Owned,North,Approved,Non-Default
CUST003077,Female,33,Graduate,Self-employed,Married,0,76762.0,713.0,1,LN003077,Auto,119179.0,12,15.9,10807.57,22.45,2.6,0,Excellent,Owned,East,Approved,Non-Default
CUST003078,Female,43,Graduate,Salaried,Married,1,66550.0,655.0,0,LN003078,Auto,313199.0,12,14.97,28264.38,48.4,10.8,0,Good,Rented,East,Approved,Non-Default
CUST003079,Male,43,Graduate,Self-employed,Married,1,65660.0,708.0,2,LN003079,Auto,350918.0,24,14.08,16861.85,41.38,2.0,0,Excellent,Owned,West,Approved,Non-Default
CUST003080,Male,50,Graduate,Salaried,Divorced,0,45791.0,639.0,0,LN003080,Home,183629.0,36,10.78,5992.66,26.45,4.1,0,Fair,Owned,North,Approved,Non-Default
CUST003081,Male,32,Graduate,Salaried,Married,0,32422.0,835.0,1,LN003081,Home,220665.0,48,13.0,5919.89,30.85,9.7,0,Excellent,Rented,East,Approved,Non-Default
CUST003082,Female,39,Postgraduate,Salaried,Married,2,41299.0,697.0,2,LN003082,Auto,301258.0,36,16.72,10698.74,49.23,4.3,0,Good,Mortgage,West,Approved,Non-Default
CUST003083,Female,43,Graduate,Self-employed,Divorced,2,86216.0,850.0,0,LN003083,Business,238682.0,12,14.14,21446.29,30.64,2.1,0,Excellent,Owned,East,Approved,Non-Default
CUST003084,Female,41,Graduate,Self-employed,Married,0,46432.0,588.0,1,LN003084,Auto,95813.0,12,14.09,8606.83,21.47,9.1,0,Fair,Owned,South,Approved,Non-Default
CUST003085,Female,45,Postgraduate,Self-employed,Married,0,30893.0,674.0,3,LN003085,Home,154533.0,12,16.45,14053.84,59.97,2.4,0,Good,Mortgage,North,Approved,Non-Default
CUST003086,Male,30,Graduate,Self-employed,Single,0,27391.0,645.0,1,LN003086,Personal,168545.0,60,17.61,4244.26,40.28,2.5,0,Fair,Rented,North,Approved,Non-Default
CUST003087,Female,55,Postgraduate,Salaried,Divorced,0,113556.0,687.0,0,LN003087,Personal,110960.0,48,15.41,3111.21,5.0,5.1,0,Good,Owned,South,Approved,Non-Default
CUST003088,Male,58,Graduate,Self-employed,Married,0,71293.0,733.0,1,LN003088,Auto,292776.0,12,13.99,26286.14,50.54,16.0,0,Excellent,Rented,South,Approved,Default
CUST003089,Male,46,Graduate,Self-employed,Married,3,42512.0,786.0,1,LN003089,Personal,31673.0,24,12.77,1502.37,7.46,12.2,2,Excellent,Owned,West,Approved,Non-Default
CUST003090,Male,51,Graduate,Salaried,Married,1,73424.0,736.0,0,LN003090,Business,139022.0,24,16.61,6847.54,18.81,20.0,0,Excellent,Mortgage,North,Approved,Non-Default
CUST003091,Male,34,Postgraduate,Salaried,Single,0,56578.0,650.0,0,LN003091,Home,24460.0,60,16.05,595.47,5.0,0.0,0,Good,Rented,East,Approved,Non-Default
CUST003092,Male,53,Graduate,Salaried,Married,1,101241.0,828.0,1,LN003092,Business,439595.0,48,15.63,12375.1,12.48,10.8,0,Excellent,Rented,North,Approved,Non-Default
CUST003093,Male,36,High School,Salaried,Divorced,3,45645.0,704.0,0,LN003093,Personal,92335.0,72,17.4,2074.76,13.7,0.0,0,Excellent,Rented,East,Approved,Non-Default
CUST003094,Male,45,Graduate,Salaried,Married,2,23266.0,588.0,1,LN003094,Auto,130547.0,36,14.65,4503.11,29.44,5.1,0,Fair,Rented,South,Rejected,Non-Default
CUST003095,Male,32,High School,Salaried,Married,1,81819.0,690.0,0,LN003095,Personal,159106.0,36,16.73,5651.21,7.51,0.0,1,Good,Owned,South,Approved,Default
CUST003096,Male,38,High School,Self-employed,Single,0,38933.0,569.0,0,LN003096,Auto,53286.0,12,14.76,4803.47,13.12,11.1,0,Fair,Rented,North,Approved,Non-Default
CUST003097,Male,43,Postgraduate,Salaried,Married,0,72820.0,669.0,2,LN003097,Auto,110416.0,60,15.92,2680.41,11.89,20.9,0,Good,Rented,South,Approved,Non-Default
CUST003098,Female,43,Graduate,Salaried,Divorced,3,73497.0,601.0,3,LN003098,Education,147400.0,36,14.63,5083.0,22.8,10.5,0,Fair,Rented,West,Approved,Non-Default
CUST003099,Male,41,High School,Salaried,Married,1,39267.0,655.0,1,LN003099,Auto,46529.0,12,15.19,4203.8,29.79,9.2,0,Good,Rented,East,Approved,Non-Default
CUST003100,Female,45,Graduate,Salaried,Single,1,77895.0,734.0,1,LN003100,Personal,304496.0,60,16.26,7446.88,12.16,7.1,0,Excellent,Rented,South,Approved,Non-Default
CUST003101,Male,56,Graduate,Salaried,Married,3,35075.0,777.0,0,LN003101,Business,455267.0,60,13.1,10382.04,42.61,1.7,0,Excellent,Rented,North,Approved,Non-Default
CUST003102,Male,51,High School,Salaried,Single,1,38642.0,772.0,0,LN003102,Education,291943.0,36,14.05,9985.01,47.56,11.6,2,Excellent,Owned,North,Approved,Default
CUST003103,Female,46,Graduate,Self-employed,Single,1,47531.0,710.0,2,LN003103,Home,349957.0,36,13.79,11925.04,33.18,0.0,0,Excellent,Owned,East,Approved,Non-Default
CUST003104,Female,49,High School,Salaried,Married,1,78871.0,575.0,3,LN003104,Home,197190.0,60,14.53,4642.63,16.37,3.6,0,Fair,Owned,West,Rejected,Non-Default
CUST003105,Female,46,High School,Salaried,Single,3,52398.0,754.0,1,LN003105,Personal,234113.0,60,16.4,5743.05,24.62,13.2,0,Excellent,Rented,South,Approved,Non-Default
CUST003106,Female,44,Graduate,Salaried,Married,1,140141.0,653.0,3,LN003106,Education,143639.0,48,15.96,4067.83,16.64,0.3,0,Good,Owned,West,Approved,Non-Default
CUST003107,Male,40,Graduate,Self-employed,Married,0,48743.0,802.0,2,LN003107,Home,331831.0,36,14.04,11347.64,34.19,11.1,0,Excellent,Rented,North,Approved,Non-Default
CUST003108,Female,37,Postgraduate,Salaried,Married,0,30605.0,820.0,0,LN003108,Personal,146165.0,60,15.49,3514.96,21.44,11.2,0,Excellent,Owned,West,Approved,Default
CUST003109,Male,48,Graduate,Salaried,Divorced,2,64825.0,727.0,2,LN003109,Home,227835.0,24,11.0,10618.9,17.83,0.9,0,Excellent,Mortgage,South,Approved,Non-Default
CUST003110,Male,42,Graduate,Salaried,Single,0,38237.0,657.0,1,LN003110,Home,134863.0,72,16.12,2934.34,12.25,6.8,0,Good,Rented,East,Approved,Non-Default
CUST003111,Female,55,Graduate,Salaried,Married,1,81919.0,703.0,0,LN003111,Personal,90265.0,60,16.38,2213.34,19.82,6.1,0,Excellent,Rented,North,Approved,Non-Default
CUST003112,Male,40,Graduate,Self-employed,Married,2,38496.0,726.0,2,LN003112,Education,239392.0,36,12.4,7997.05,42.11,18.0,0,Excellent,Rented,North,Rejected,Default
CUST003113,Male,42,Graduate,Salaried,Single,2,133406.0,724.0,2,LN003113,Business,70563.0,48,14.0,1928.24,6.0,10.1,0,Excellent,Rented,South,Approved,Non-Default
CUST003114,Male,63,High School,Salaried,Divorced,1,99672.0,746.0,1,LN003114,Home,186496.0,24,12.44,8817.38,12.98,12.8,0,Excellent,Mortgage,East,Approved,Non-Default
CUST003115,Female,33,Graduate,Salaried,Single,2,57177.0,646.0,1,LN003115,Business,175177.0,48,15.53,4922.5,25.12,0.0,1,Fair,Rented,East,Approved,Non-Default
CUST003116,Male,32,Graduate,Self-employed,Married,1,25259.0,663.0,3,LN003116,Auto,271286.0,12,16.61,24692.39,75.0,14.5,2,Good,Owned,North,Approved,Non-Default
CUST003117,Female,23,High School,Salaried,Married,3,51750.0,771.0,0,LN003117,Home,119335.0,60,14.45,2804.64,5.0,15.3,2,Excellent,Mortgage,West,Rejected,Non-Default
CUST003118,Male,46,Graduate,Self-employed,Single,3,54642.0,764.0,0,LN003118,Education,74464.0,36,13.3,2519.76,28.49,0.0,0,Excellent,Mortgage,North,Approved,Non-Default
CUST003119,Female,29,High School,Self-employed,Married,1,104082.0,642.0,3,LN003119,Education,460679.0,24,14.82,22297.4,35.75,6.7,0,Fair,Owned,East,Approved,Non-Default
CUST003120,Female,31,High School,Self-employed,Married,1,29828.0,722.0,3,LN003120,Auto,122064.0,60,12.93,2772.96,21.21,7.0,0,Excellent,Rented,West,Approved,Non-Default
CUST003121,Female,35,Graduate,Unemployed,Divorced,0,23457.0,667.0,0,LN003121,Home,103750.0,48,17.62,3027.09,15.95,7.4,0,Good,Rented,South,Approved,Non-Default
CUST003122,Female,43,Graduate,Salaried,Married,0,75962.0,687.0,0,LN003122,Home,76969.0,72,13.49,1565.06,5.0,3.3,2,Good,Rented,East,Approved,Non-Default
CUST003123,Male,33,Graduate,Salaried,Married,0,65325.0,676.0,1,LN003123,Home,69272.0,36,13.38,2346.75,5.46,6.1,1,Good,Rented,North,Rejected,Non-Default
CUST003124,Male,52,Postgraduate,Salaried,Married,1,23957.0,746.0,1,LN003124,Home,149910.0,36,13.09,5057.56,31.34,12.3,0,Excellent,Owned,North,Approved,Non-Default
CUST003125,Male,59,Postgraduate,Salaried,Single,1,38691.0,782.0,1,LN003125,Home,196958.0,12,13.23,17613.01,64.42,5.9,0,Excellent,Rented,South,Approved,Non-Default
CUST003126,Female,36,Graduate,Unemployed,Married,2,30325.0,667.0,0,LN003126,Home,162694.0,36,14.03,5562.87,39.39,12.1,0,Good,Owned,South,Rejected,Default
CUST003127,Male,24,Graduate,Self-employed,Single,0,77776.0,687.0,2,LN003127,Home,255598.0,48,17.66,7462.86,11.0,8.2,0,Good,Owned,South,Approved,Non-Default
CUST003128,Male,51,Graduate,Salaried,Married,0,102829.0,620.0,2,LN003128,Personal,127751.0,60,16.74,3157.11,20.29,22.3,1,Fair,Rented,South,Approved,Non-Default
CUST003129,Male,50,High School,Salaried,Single,0,64547.0,620.0,0,LN003129,Personal,129215.0,48,15.04,3598.77,25.06,16.6,0,Fair,Rented,West,Approved,Non-Default
CUST003130,Male,35,Graduate,Self-employed,Married,1,33130.0,729.0,1,LN003130,Auto,117464.0,24,13.36,5604.34,26.67,0.3,0,Excellent,Rented,East,Approved,Non-Default
CUST003131,Male,54,Graduate,Self-employed,Divorced,1,68086.0,626.0,2,LN003131,Education,165932.0,36,16.67,5888.71,14.79,5.6,0,Fair,Rented,West,Approved,Non-Default
CUST003132,Female,35,Graduate,Salaried,Married,2,91660.0,747.0,1,LN003132,Auto,304257.0,36,15.35,10599.39,34.06,8.2,0,Excellent,Owned,South,Approved,Non-Default
CUST003133,Female,64,High School,Salaried,Single,1,44013.0,714.0,0,LN003133,Home,140057.0,36,13.19,4731.9,15.08,4.1,0,Excellent,Rented,North,Approved,Non-Default
CUST003134,Female,60,Postgraduate,Salaried,Single,2,98766.0,804.0,3,LN003134,Home,510972.0,60,12.77,11566.11,36.48,5.1,0,Excellent,Mortgage,East,Approved,Non-Default
CUST003135,Female,24,Graduate,Salaried,Single,0,80500.0,642.0,0,LN003135,Personal,136548.0,36,16.7,4847.95,5.0,4.5,0,Fair,Mortgage,North,Approved,Default
CUST003136,Male,52,High School,Salaried,Divorced,0,25031.0,735.0,3,LN003136,Home,88410.0,12,12.5,7875.82,43.42,7.7,1,Excellent,Mortgage,North,Approved,Non-Default
CUST003137,Female,21,High School,Salaried,Married,2,52067.0,723.0,1,LN003137,Education,147049.0,48,14.35,4044.2,5.84,5.2,0,Excellent,Owned,West,Approved,Non-Default
CUST003138,Female,21,Graduate,Salaried,Married,2,50130.0,714.0,2,LN003138,Personal,150728.0,36,15.9,5291.71,15.71,7.7,0,Excellent,Owned,East,Approved,Non-Default
CUST003139,Female,48,High School,Salaried,Single,0,34687.0,710.0,1,LN003139,Business,68786.0,60,16.63,1695.85,25.77,6.6,0,Excellent,Rented,West,Approved,Non-Default
CUST003140,Male,41,Graduate,Self-employed,Single,0,45230.0,691.0,1,LN003140,Personal,583625.0,36,15.28,20311.67,60.19,9.3,0,Good,Rented,South,Approved,Non-Default
CUST003141,Male,44,High School,Self-employed,Married,3,60731.0,763.0,1,LN003141,Auto,303446.0,24,13.49,14496.31,33.83,8.1,0,Excellent,Rented,East,Approved,Non-Default
CUST003142,Male,40,Graduate,Salaried,Married,1,60334.0,801.0,2,LN003142,Personal,204848.0,48,15.06,5707.31,9.09,13.3,2,Excellent,Rented,West,Approved,Non-Default
CUST003143,Male,33,High School,Salaried,Married,1,92077.0,743.0,0,LN003143,Personal,266038.0,36,13.48,9025.5,32.62,14.4,0,Excellent,Owned,East,Approved,Non-Default
CUST003144,Male,29,High School,Salaried,Married,1,79468.0,711.0,0,LN003144,Auto,121141.0,24,13.57,5791.75,10.82,6.1,0,Excellent,Rented,West,Rejected,Non-Default
CUST003145,Female,42,Graduate,Salaried,Married,0,72100.0,662.0,3,LN003145,Education,165467.0,24,15.79,8085.19,13.69,0.2,0,Good,Owned,South,Approved,Non-Default
CUST003146,Male,42,Graduate,Salaried,Married,0,105452.0,665.0,0,LN003146,Auto,49025.0,36,13.33,1659.65,20.41,10.0,0,Good,Mortgage,West,Approved,Non-Default
CUST003147,Male,50,Graduate,Self-employed,Divorced,3,43273.0,708.0,1,LN003147,Home,563219.0,72,15.29,11998.15,40.94,7.4,1,Excellent,Rented,South,Approved,Non-Default
CUST003148,Female,38,Postgraduate,Self-employed,Married,0,56410.0,717.0,0,LN003148,Home,109689.0,48,14.18,3007.33,10.35,3.0,0,Excellent,Owned,East,Approved,Non-Default
CUST003149,Female,40,High School,Salaried,Single,2,29336.0,755.0,0,LN003149,Home,375589.0,24,12.85,17829.73,75.0,12.9,0,Excellent,Owned,East,Approved,Non-Default
CUST003150,Female,31,Postgraduate,Self-employed,Married,0,41752.0,807.0,0,LN003150,Auto,242879.0,24,11.42,11367.48,34.77,1.1,0,Excellent,Rented,North,Approved,Non-Default
CUST003151,Female,22,Graduate,Self-employed,Married,1,50427.0,687.0,0,LN003151,Home,62645.0,48,15.12,1747.27,21.34,7.3,1,Good,Rented,West,Approved,Non-Default
CUST003152,Female,34,High School,Self-employed,Married,1,59884.0,621.0,1,LN003152,Personal,197143.0,60,16.44,4840.35,26.14,4.6,0,Fair,Rented,South,Rejected,Non-Default
CUST003153,Male,43,High School,Self-employed,Married,0,37630.0,671.0,0,LN003153,Home,174949.0,24,13.7,8375.03,37.2,6.2,0,Good,Mortgage,West,Approved,Non-Default
CUST003154,Male,38,High School,Salaried,Married,2,43386.0,756.0,0,LN003154,Personal,143569.0,24,15.28,6980.29,21.18,0.0,0,Excellent,Owned,West,Approved,Non-Default
CUST003155,Male,42,Postgraduate,Salaried,Single,1,48325.0,729.0,2,LN003155,Business,127680.0,36,14.8,4413.57,8.16,13.8,0,Excellent,Rented,East,Approved,Non-Default
CUST003156,Female,44,Graduate,Unemployed,Married,2,86952.0,600.0,1,LN003156,Home,114370.0,60,14.77,2707.07,15.16,1.1,0,Fair,Rented,East,Approved,Non-Default
CUST003157,Male,41,High School,Salaried,Married,0,25419.0,714.0,1,LN003157,Education,118031.0,36,13.78,4021.42,19.61,13.3,0,Excellent,Rented,South,Approved,Non-Default
CUST003158,Female,49,High School,Salaried,Divorced,1,31025.0,734.0,2,LN003158,Business,87412.0,24,14.28,4208.47,20.93,0.0,0,Excellent,Rented,North,Approved,Non-Default
CUST003159,Female,37,Postgraduate,Self-employed,Divorced,0,49572.0,727.0,2,LN003159,Home,417015.0,48,15.09,11624.87,34.1,11.1,0,Excellent,Rented,North,Approved,Non-Default
CUST003160,Male,46,High School,Salaried,Married,1,67305.0,691.0,1,LN003160,Personal,123342.0,36,14.85,4266.64,5.0,4.9,1,Good,Rented,East,Rejected,Non-Default
CUST003161,Male,43,Graduate,Salaried,Married,0,68453.0,660.0,0,LN003161,Personal,39869.0,60,15.38,956.45,11.32,4.5,3,Good,Rented,West,Approved,Default
CUST003162,Male,53,High School,Self-employed,Married,2,48572.0,764.0,0,LN003162,Education,161538.0,36,15.12,5609.27,26.37,0.1,0,Excellent,Rented,South,Approved,Non-Default
CUST003163,Female,41,High School,Salaried,Single,3,49795.0,701.0,2,LN003163,Home,135582.0,36,13.11,4575.48,20.03,7.6,0,Excellent,Rented,East,Approved,Non-Default
CUST003164,Female,27,Postgraduate,Unemployed,Divorced,2,63748.0,751.0,2,LN003164,Home,552385.0,24,13.45,26378.3,66.08,6.9,0,Excellent,Owned,West,Approved,Non-Default
CUST003165,Male,39,Graduate,Salaried,Married,1,85371.0,651.0,1,LN003165,Auto,61976.0,48,15.02,1725.47,10.42,10.0,2,Good,Owned,North,Approved,Non-Default
CUST003166,Male,50,Graduate,Salaried,Married,1,28678.0,713.0,1,LN003166,Personal,312548.0,48,15.46,8771.5,32.73,0.0,1,Excellent,Owned,South,Approved,Non-Default
CUST003167,Female,59,Postgraduate,Salaried,Single,1,43898.0,670.0,0,LN003167,Personal,202896.0,60,17.53,5100.49,21.53,14.0,0,Good,Mortgage,South,Approved,Non-Default
CUST003168,Male,34,Graduate,Salaried,Married,0,62634.0,661.0,0,LN003168,Personal,217335.0,12,16.95,19816.83,42.43,6.3,1,Good,Owned,South,Rejected,Non-Default
CUST003169,Female,53,Graduate,Salaried,Married,1,48634.0,698.0,2,LN003169,Home,360421.0,60,14.83,8542.26,27.41,7.7,1,Good,Owned,South,Rejected,Non-Default
CUST003170,Female,58,Graduate,Unemployed,Single,2,38183.0,617.0,0,LN003170,Auto,170431.0,60,15.05,4059.02,27.91,15.9,0,Fair,Rented,North,Rejected,Non-Default
CUST003171,Male,54,Postgraduate,Salaried,Married,0,41864.0,637.0,1,LN003171,Business,160460.0,36,17.23,5739.22,29.54,4.3,0,Fair,Mortgage,South,Rejected,Default
CUST003172,Male,45,Graduate,Salaried,Married,0,76243.0,691.0,0,LN003172,Home,82910.0,36,14.82,2866.8,12.46,24.2,1,Good,Rented,West,Approved,Non-Default
CUST003173,Female,45,Graduate,Salaried,Married,3,64522.0,681.0,2,LN003173,Auto,99536.0,24,15.08,4829.95,25.42,14.1,0,Good,Rented,North,Approved,Non-Default
CUST003174,Female,35,Graduate,Salaried,Single,0,66082.0,591.0,0,LN003174,Education,606996.0,60,13.78,14054.6,38.65,12.1,0,Fair,Mortgage,North,Approved,Default
CUST003175,Male,28,High School,Salaried,Married,1,57776.0,665.0,1,LN003175,Home,217995.0,24,16.02,10675.8,37.05,10.9,0,Good,Mortgage,West,Approved,Non-Default
CUST003176,Female,36,Postgraduate,Self-employed,Single,0,45556.0,709.0,1,LN003176,Auto,132239.0,48,13.58,3585.83,26.22,6.5,0,Excellent,Rented,North,Approved,Non-Default
CUST003177,Male,28,Postgraduate,Self-employed,Single,0,72472.0,578.0,0,LN003177,Personal,70332.0,36,15.38,2451.19,22.97,5.9,0,Fair,Mortgage,East,Approved,Non-Default
CUST003178,Male,39,High School,Salaried,Single,0,83285.0,658.0,1,LN003178,Business,79844.0,72,16.84,1769.1,13.45,10.6,0,Good,Owned,North,Approved,Non-Default
CUST003179,Male,48,High School,Salaried,Married,2,109729.0,681.0,2,LN003179,Home,150882.0,24,14.87,7306.45,11.18,20.4,0,Good,Rented,North,Rejected,Non-Default
CUST003180,Male,51,Graduate,Salaried,Married,2,45879.0,675.0,1,LN003180,Home,226889.0,24,15.86,11094.02,37.94,18.6,1,Good,Owned,East,Rejected,Non-Default
CUST003181,Male,29,Graduate,Salaried,Married,0,94672.0,680.0,2,LN003181,Education,165648.0,36,14.23,5679.98,5.05,0.0,0,Good,Owned,North,Approved,Non-Default
CUST003182,Female,26,Graduate,Self-employed,Married,2,50662.0,753.0,2,LN003182,Home,105191.0,12,14.07,9448.26,22.87,8.4,0,Excellent,Rented,West,Approved,Non-Default
CUST003183,Female,54,Graduate,Unemployed,Single,1,54205.0,723.0,1,LN003183,Education,72888.0,72,15.97,1579.87,7.86,0.0,1,Excellent,Rented,East,Approved,Non-Default
CUST003184,Female,37,High School,Self-employed,Married,3,38892.0,794.0,0,LN003184,Home,170593.0,60,11.57,3757.78,11.58,11.8,0,Excellent,Rented,North,Approved,Default
CUST003185,Male,38,Postgraduate,Salaried,Married,0,26101.0,648.0,1,LN003185,Auto,149490.0,72,14.34,3107.63,20.79,5.1,1,Fair,Rented,North,Approved,Non-Default
CUST003186,Male,57,Postgraduate,Salaried,Divorced,2,53381.0,737.0,0,LN003186,Personal,81992.0,60,18.08,2085.63,24.42,0.0,0,Excellent,Owned,North,Approved,Non-Default
CUST003187,Male,46,High School,Salaried,Divorced,3,92440.0,743.0,0,LN003187,Personal,277054.0,36,16.84,9855.68,28.98,15.3,0,Excellent,Rented,West,Approved,Non-Default
CUST003188,Male,30,Postgraduate,Salaried,Married,0,84663.0,729.0,0,LN003188,Personal,66287.0,24,17.47,3292.37,15.46,12.0,0,Excellent,Mortgage,North,Approved,Non-Default
CUST003189,Male,60,Graduate,Self-employed,Married,1,58931.0,569.0,1,LN003189,Auto,121779.0,48,15.95,3448.13,10.42,10.8,0,Fair,Mortgage,South,Approved,Default
CUST003190,Male,45,High School,Self-employed,Single,0,43059.0,711.0,1,LN003190,Home,219700.0,36,13.71,7477.92,27.58,4.4,0,Excellent,Rented,East,Approved,Non-Default
CUST003191,Male,34,Graduate,Salaried,Married,0,34206.0,641.0,1,LN003191,Personal,560154.0,12,16.06,50839.16,75.0,0.0,0,Fair,Owned,East,Approved,Default
CUST003192,Male,52,Graduate,Unemployed,Divorced,1,112619.0,723.0,2,LN003192,Home,243777.0,60,14.23,5701.37,6.38,9.7,0,Excellent,Owned,East,Rejected,Non-Default
CUST003193,Female,39,Graduate,Self-employed,Married,2,79441.0,686.0,1,LN003193,Personal,60948.0,60,15.71,1472.76,14.42,10.8,0,Good,Owned,North,Approved,Non-Default
CUST003194,Male,44,Graduate,Unemployed,Married,2,65967.0,731.0,1,LN003194,Education,204159.0,60,13.53,4700.82,9.01,2.8,1,Excellent,Rented,West,Rejected,Non-Default
CUST003195,Female,44,Graduate,Salaried,Divorced,1,59408.0,711.0,0,LN003195,Personal,114774.0,72,16.39,2514.37,17.23,3.6,0,Excellent,Rented,South,Rejected,Non-Default
CUST003196,Female,51,Postgraduate,Unemployed,Divorced,2,55708.0,619.0,2,LN003196,Auto,159387.0,12,16.98,14535.34,38.07,4.0,0,Fair,Owned,West,Approved,Non-Default
CUST003197,Male,46,Graduate,Salaried,Single,0,20391.0,682.0,3,LN003197,Auto,418122.0,48,13.8,11383.9,75.0,15.8,0,Good,Owned,West,Approved,Non-Default
CUST003198,Male,32,Postgraduate,Salaried,Divorced,2,40179.0,696.0,2,LN003198,Auto,249603.0,48,14.66,6903.7,30.43,11.7,1,Good,Rented,North,Approved,Non-Default
CUST003199,Female,55,High School,Salaried,Married,0,71438.0,762.0,3,LN003199,Auto,499624.0,12,13.37,44711.83,75.0,3.0,1,Excellent,Rented,North,Approved,Non-Default
CUST003200,Male,38,Postgraduate,Self-employed,Divorced,0,71662.0,695.0,0,LN003200,Personal,202514.0,36,17.47,7267.64,11.17,3.9,0,Good,Owned,North,Approved,Non-Default
CUST003201,Female,41,High School,Self-employed,Married,0,46379.0,661.0,1,LN003201,Personal,340639.0,60,17.01,8467.59,22.51,0.0,0,Good,Rented,North,Approved,Non-Default
CUST003202,Female,35,Graduate,Self-employed,Single,3,56739.0,694.0,0,LN003202,Business,48354.0,36,14.29,1659.44,7.54,15.4,0,Good,Rented,South,Approved,Non-Default
CUST003203,Male,45,High School,Self-employed,Single,2,74858.0,676.0,1,LN003203,Personal,688905.0,72,16.06,14966.38,32.63,7.6,1,Good,Mortgage,East,Approved,Non-Default
CUST003204,Male,39,Graduate,Salaried,Single,2,69276.0,781.0,2,LN003204,Auto,60360.0,36,12.83,2028.83,6.65,13.8,0,Excellent,Rented,South,Rejected,Non-Default
CUST003205,Male,33,Graduate,Self-employed,Single,2,18644.0,633.0,1,LN003205,Home,358816.0,36,15.05,12447.26,75.0,7.8,1,Fair,Rented,West,Approved,Default
CUST003206,Male,46,Graduate,Self-employed,Single,2,30035.0,671.0,0,LN003206,Personal,462927.0,48,18.83,13800.08,68.15,0.0,0,Good,Owned,West,Approved,Non-Default
CUST003207,Female,26,High School,Self-employed,Single,0,57407.0,527.0,1,LN003207,Business,87973.0,60,16.59,2167.01,5.0,8.1,0,Poor,Owned,North,Approved,Non-Default
CUST003208,Female,39,Graduate,Salaried,Married,0,35434.0,650.0,1,LN003208,Education,502061.0,36,14.75,17342.71,59.74,5.6,2,Good,Owned,West,Approved,Default
CUST003209,Female,30,Graduate,Salaried,Divorced,0,84108.0,724.0,2,LN003209,Auto,354513.0,36,14.52,12206.14,34.38,7.7,0,Excellent,Owned,North,Approved,Non-Default
CUST003210,Female,21,High School,Self-employed,Single,0,74867.0,577.0,1,LN003210,Personal,322070.0,48,17.55,9385.24,23.13,0.0,0,Fair,Owned,South,Approved,Non-Default
CUST003211,Female,35,High School,Self-employed,Married,2,29769.0,598.0,1,LN003211,Home,552556.0,48,16.75,15872.65,75.0,13.6,2,Fair,Mortgage,East,Approved,Default
CUST003212,Female,60,Graduate,Self-employed,Divorced,0,32965.0,791.0,0,LN003212,Personal,157806.0,24,14.21,7592.39,36.19,17.0,0,Excellent,Owned,East,Approved,Non-Default
CUST003213,Female,58,High School,Self-employed,Single,1,110231.0,732.0,2,LN003213,Business,758934.0,72,14.27,15748.33,29.6,7.7,0,Excellent,Owned,East,Approved,Non-Default
CUST003214,Female,43,Graduate,Self-employed,Divorced,1,66034.0,494.0,0,LN003214,Personal,272002.0,48,17.27,7886.68,20.08,17.7,1,Poor,Mortgage,West,Approved,Non-Default
CUST003215,Male,22,High School,Salaried,Single,1,75188.0,636.0,1,LN003215,Auto,171188.0,24,11.76,8039.24,25.47,2.3,0,Fair,Mortgage,South,Approved,Non-Default
CUST003216,Female,24,Postgraduate,Self-employed,Married,1,29598.0,788.0,1,LN003216,Home,203349.0,24,13.11,9678.09,47.26,6.4,0,Excellent,Mortgage,West,Approved,Non-Default
CUST003217,Male,46,Graduate,Salaried,Married,2,55276.0,593.0,0,LN003217,Business,170049.0,36,16.96,6059.33,14.14,7.9,1,Fair,Owned,West,Approved,Default
CUST003218,Female,45,Postgraduate,Self-employed,Single,0,57833.0,649.0,3,LN003218,Auto,386704.0,36,14.56,13322.05,23.38,4.1,1,Fair,Owned,North,Approved,Default
CUST003219,Female,21,High School,Salaried,Married,0,66970.0,670.0,3,LN003219,Home,287971.0,36,13.29,9743.15,26.57,12.1,2,Good,Owned,South,Approved,Non-Default
CUST003220,Female,47,Graduate,Salaried,Married,0,93168.0,774.0,1,LN003220,Auto,578480.0,48,14.62,15988.32,23.95,7.8,0,Excellent,Rented,West,Approved,Non-Default
CUST003221,Male,57,Graduate,Self-employed,Divorced,3,106645.0,672.0,0,LN003221,Home,498477.0,60,12.83,11298.55,27.47,8.5,0,Good,Rented,West,Rejected,Non-Default
CUST003222,Male,38,Postgraduate,Salaried,Married,1,61012.0,632.0,0,LN003222,Home,300031.0,36,14.85,10378.65,31.56,6.2,2,Fair,Rented,West,Approved,Non-Default
CUST003223,Male,29,Graduate,Self-employed,Single,2,18000.0,665.0,1,LN003223,Personal,604557.0,36,18.62,22044.67,75.0,12.7,0,Good,Rented,West,Approved,Non-Default
CUST003224,Male,26,Graduate,Salaried,Single,0,47695.0,718.0,0,LN003224,Business,144720.0,24,16.85,7144.86,34.61,3.4,0,Excellent,Rented,South,Approved,Non-Default
CUST003225,Male,40,Graduate,Unemployed,Married,1,39620.0,736.0,1,LN003225,Home,28218.0,48,14.27,774.93,8.02,13.8,0,Excellent,Owned,West,Approved,Non-Default
CUST003226,Male,33,Postgraduate,Salaried,Single,1,88386.0,632.0,1,LN003226,Personal,359505.0,12,16.74,32744.22,56.76,0.0,0,Fair,Mortgage,West,Rejected,Non-Default
CUST003227,Female,33,Postgraduate,Self-employed,Divorced,1,18884.0,732.0,1,LN003227,Home,135526.0,24,12.48,6410.1,61.4,0.0,1,Excellent,Rented,West,Approved,Non-Default
CUST003228,Female,57,Postgraduate,Salaried,Married,0,35440.0,630.0,2,LN003228,Business,881044.0,48,15.22,24618.48,75.0,0.0,1,Fair,Owned,West,Rejected,Non-Default
CUST003229,Female,37,High School,Self-employed,Divorced,1,109834.0,675.0,0,LN003229,Personal,853316.0,24,17.34,42329.41,54.18,9.4,0,Good,Rented,South,Rejected,Non-Default
CUST003230,Male,51,Postgraduate,Self-employed,Married,3,49298.0,708.0,0,LN003230,Auto,127119.0,24,14.02,6104.55,12.22,8.8,2,Excellent,Mortgage,West,Approved,Non-Default
CUST003231,Female,36,High School,Salaried,Married,0,56173.0,655.0,1,LN003231,Home,249546.0,48,15.53,7012.28,21.2,2.0,0,Good,Owned,South,Approved,Non-Default
CUST003232,Male,42,Graduate,Salaried,Married,2,88365.0,819.0,0,LN003232,Auto,421823.0,24,12.66,19986.94,45.77,12.1,0,Excellent,Owned,West,Approved,Default
CUST003233,Female,66,High School,Self-employed,Divorced,0,25971.0,736.0,2,LN003233,Auto,74859.0,36,15.82,2625.17,25.25,1.7,0,Excellent,Rented,South,Approved,Non-Default
CUST003234,Female,41,High School,Self-employed,Married,1,66439.0,610.0,0,LN003234,Education,228501.0,36,13.73,7779.69,21.01,5.1,0,Fair,Mortgage,South,Approved,Non-Default
CUST003235,Male,33,Postgraduate,Self-employed,Married,2,37041.0,703.0,0,LN003235,Education,657728.0,36,13.54,22332.92,75.0,13.5,0,Excellent,Owned,East,Approved,Default
CUST003236,Male,38,Graduate,Salaried,Married,2,48973.0,670.0,0,LN003236,Home,257911.0,60,14.89,6120.8,9.62,18.1,0,Good,Rented,East,Approved,Non-Default
CUST003237,Male,42,Graduate,Self-employed,Single,2,53903.0,688.0,0,LN003237,Personal,85016.0,48,15.73,2397.64,8.98,2.9,0,Good,Owned,West,Approved,Non-Default
CUST003238,Male,34,High School,Salaried,Single,2,77043.0,671.0,3,LN003238,Education,277274.0,48,14.71,7676.04,30.86,7.1,2,Good,Mortgage,East,Approved,Non-Default
CUST003239,Female,56,High School,Salaried,Married,0,61030.0,731.0,0,LN003239,Auto,263892.0,12,15.03,23822.18,56.55,9.3,0,Excellent,Rented,East,Approved,Default
CUST003240,Female,35,Graduate,Salaried,Married,0,67547.0,724.0,0,LN003240,Auto,662579.0,72,14.66,13888.19,35.19,8.5,0,Excellent,Owned,West,Approved,Non-Default
CUST003241,Male,36,Postgraduate,Salaried,Single,1,36172.0,642.0,2,LN003241,Personal,370545.0,72,17.59,8365.66,35.4,4.5,2,Fair,Mortgage,South,Rejected,Default
CUST003242,Female,52,Postgraduate,Salaried,Married,0,52381.0,605.0,0,LN003242,Personal,183495.0,60,17.76,4635.64,19.01,4.6,0,Fair,Rented,West,Approved,Non-Default
CUST003243,Male,41,Graduate,Unemployed,Married,0,67247.0,745.0,1,LN003243,Education,317940.0,60,12.71,7187.0,23.66,0.0,0,Excellent,Rented,West,Approved,Non-Default
CUST003244,Male,21,Graduate,Unemployed,Single,2,83414.0,748.0,3,LN003244,Home,131183.0,60,14.74,3102.96,9.11,0.0,0,Excellent,Owned,South,Approved,Non-Default
CUST003245,Female,42,Graduate,Salaried,Divorced,0,72826.0,712.0,0,LN003245,Auto,53479.0,36,14.6,1843.41,21.5,0.0,0,Excellent,Owned,West,Approved,Non-Default
CUST003246,Male,45,Graduate,Self-employed,Married,0,88545.0,726.0,1,LN003246,Education,81353.0,36,13.55,2762.71,11.45,6.4,0,Excellent,Rented,South,Approved,Non-Default
CUST003247,Male,40,Graduate,Self-employed,Married,2,29736.0,713.0,2,LN003247,Education,163705.0,36,15.88,5745.69,40.96,12.2,0,Excellent,Owned,North,Rejected,Non-Default
CUST003248,Female,30,High School,Salaried,Married,0,43663.0,688.0,1,LN003248,Home,583205.0,36,13.38,19757.4,65.85,8.3,0,Good,Owned,South,Approved,Non-Default
CUST003249,Male,41,High School,Salaried,Married,0,49588.0,653.0,0,LN003249,Home,330502.0,12,14.76,29793.14,59.57,11.2,1,Good,Rented,West,Approved,Default
CUST003250,Female,47,Graduate,Self-employed,Married,1,68824.0,757.0,3,LN003250,Personal,513719.0,48,17.54,14967.29,23.44,12.5,0,Excellent,Mortgage,West,Approved,Non-Default
CUST003251,Female,42,Postgraduate,Unemployed,Divorced,1,46445.0,550.0,1,LN003251,Business,116080.0,24,17.44,5763.83,29.03,3.0,0,Fair,Rented,South,Approved,Non-Default
CUST003252,Male,51,Graduate,Self-employed,Married,0,86425.0,587.0,0,LN003252,Personal,200903.0,36,18.86,7350.09,27.85,4.9,0,Fair,Mortgage,East,Approved,Non-Default
CUST003253,Female,35,Graduate,Self-employed,Single,1,62262.0,637.0,1,LN003253,Personal,1030097.0,60,17.1,25655.98,66.52,9.7,1,Fair,Owned,South,Approved,Default
CUST003254,Female,44,High School,Self-employed,Single,1,48864.0,652.0,1,LN003254,Home,106696.0,60,14.02,2483.74,5.0,9.3,0,Good,Owned,South,Approved,Non-Default
CUST003255,Male,21,Postgraduate,Self-employed,Single,0,76095.0,636.0,3,LN003255,Home,105594.0,60,13.72,2441.69,18.26,4.3,0,Fair,Owned,North,Approved,Non-Default
CUST003256,Female,41,Postgraduate,Salaried,Single,0,65710.0,566.0,1,LN003256,Business,113357.0,36,18.4,4120.91,16.54,6.4,0,Fair,Rented,East,Approved,Default
CUST003257,Female,28,High School,Salaried,Married,2,87582.0,749.0,3,LN003257,Business,111672.0,60,17.02,2776.54,5.0,5.1,0,Excellent,Owned,West,Approved,Default
CUST003258,Female,51,Postgraduate,Self-employed,Single,2,108419.0,676.0,0,LN003258,Auto,302040.0,36,13.35,10227.91,24.03,14.8,0,Good,Rented,West,Rejected,Default
CUST003259,Female,42,Graduate,Salaried,Married,3,102342.0,747.0,1,LN003259,Home,110013.0,60,13.61,2537.62,6.2,12.4,0,Excellent,Rented,East,Approved,Non-Default
CUST003260,Male,22,Graduate,Self-employed,Married,2,27903.0,664.0,0,LN003260,Home,140934.0,48,15.43,3953.09,22.59,10.3,0,Good,Owned,North,Approved,Non-Default
CUST003261,Female,32,Graduate,Salaried,Married,0,45829.0,685.0,1,LN003261,Auto,319994.0,60,13.1,7297.24,27.53,11.6,0,Good,Rented,East,Approved,Non-Default
CUST003262,Male,40,Graduate,Self-employed,Married,1,124661.0,590.0,1,LN003262,Home,89495.0,24,13.42,4272.43,17.02,1.3,0,Fair,Owned,South,Approved,Default
CUST003263,Male,30,Graduate,Salaried,Single,0,98558.0,690.0,1,LN003263,Home,226500.0,36,14.75,7824.0,11.89,10.1,0,Good,Rented,North,Approved,Non-Default
CUST003264,Female,42,High School,Unemployed,Divorced,0,46199.0,678.0,0,LN003264,Home,282239.0,24,14.15,13571.12,43.29,11.0,0,Good,Rented,South,Approved,Default
CUST003265,Male,32,High School,Salaried,Married,1,44378.0,813.0,1,LN003265,Personal,112854.0,48,14.92,3136.24,7.96,13.5,0,Excellent,Owned,North,Approved,Non-Default
CUST003266,Female,22,Graduate,Self-employed,Single,0,71226.0,634.0,0,LN003266,Home,123905.0,60,13.44,2847.21,18.92,12.3,0,Fair,Rented,North,Approved,Non-Default
CUST003267,Female,31,Graduate,Salaried,Single,1,100842.0,676.0,0,LN003267,Home,181745.0,36,11.75,6014.86,13.24,12.9,0,Good,Rented,North,Approved,Non-Default
CUST003268,Male,43,High School,Salaried,Married,3,48953.0,652.0,2,LN003268,Business,128307.0,48,16.42,3663.91,16.05,0.8,1,Good,Rented,South,Approved,Non-Default
CUST003269,Female,46,Postgraduate,Self-employed,Single,3,22676.0,777.0,1,LN003269,Home,388481.0,48,13.72,10561.33,71.38,8.0,0,Excellent,Rented,North,Rejected,Default
CUST003270,Male,30,High School,Self-employed,Married,1,120909.0,508.0,0,LN003270,Personal,155633.0,36,18.71,5682.09,8.52,9.3,0,Poor,Rented,East,Approved,Non-Default
CUST003271,Male,44,Graduate,Unemployed,Divorced,2,29688.0,722.0,2,LN003271,Education,215913.0,48,14.91,5999.17,30.75,11.2,0,Excellent,Mortgage,North,Approved,Non-Default
CUST003272,Female,29,High School,Salaried,Married,0,69171.0,738.0,2,LN003272,Business,120943.0,12,15.55,10947.52,32.85,9.0,0,Excellent,Rented,South,Approved,Non-Default
CUST003273,Male,38,High School,Unemployed,Married,2,68375.0,639.0,1,LN003273,Personal,184949.0,12,17.3,16894.57,38.71,5.8,0,Fair,Rented,East,Rejected,Default
CUST003274,Female,33,Graduate,Salaried,Married,0,109497.0,784.0,0,LN003274,Auto,302244.0,48,14.14,8280.51,13.68,15.1,1,Excellent,Rented,North,Approved,Default
CUST003275,Female,53,High School,Self-employed,Single,0,28733.0,724.0,1,LN003275,Home,172370.0,24,15.0,8357.64,37.25,7.2,0,Excellent,Rented,East,Rejected,Non-Default
CUST003276,Female,38,Postgraduate,Salaried,Married,0,25320.0,661.0,2,LN003276,Business,331570.0,48,15.3,9278.34,57.12,0.6,0,Good,Owned,West,Approved,Non-Default
CUST003277,Female,37,Graduate,Salaried,Married,0,36619.0,701.0,1,LN003277,Home,29778.0,36,11.93,988.06,9.86,0.3,0,Excellent,Rented,South,Rejected,Non-Default
CUST003278,Female,46,Graduate,Self-employed,Single,0,52252.0,633.0,1,LN003278,Personal,425166.0,36,17.23,15207.04,46.95,10.5,0,Fair,Rented,East,Approved,Default
CUST003279,Male,42,Graduate,Salaried,Divorced,2,79164.0,718.0,0,LN003279,Home,130201.0,36,13.52,4419.67,13.57,0.8,0,Excellent,Rented,East,Rejected,Non-Default
CUST003280,Male,39,High School,Salaried,Divorced,0,73237.0,645.0,0,LN003280,Personal,1256326.0,60,17.49,31554.9,56.65,14.2,0,Fair,Rented,West,Approved,Non-Default
CUST003281,Female,50,Graduate,Salaried,Married,0,40780.0,777.0,2,LN003281,Home,235474.0,12,13.56,21093.81,73.93,12.2,0,Excellent,Mortgage,West,Approved,Non-Default
CUST003282,Male,45,Graduate,Salaried,Single,2,47621.0,571.0,0,LN003282,Home,89476.0,24,16.67,4409.72,15.18,7.2,1,Fair,Rented,East,Approved,Non-Default
CUST003283,Female,21,Graduate,Salaried,Married,2,55099.0,582.0,2,LN003283,Auto,98878.0,48,14.92,2747.84,5.83,12.1,0,Fair,Mortgage,North,Approved,Non-Default
CUST003284,Male,33,Postgraduate,Salaried,Single,1,32216.0,713.0,2,LN003284,Personal,187569.0,24,14.04,9009.27,47.02,9.7,0,Excellent,Owned,South,Approved,Non-Default
CUST003285,Female,58,Graduate,Salaried,Single,2,163964.0,630.0,0,LN003285,Home,309702.0,60,16.76,7656.98,14.35,0.0,0,Fair,Mortgage,West,Approved,Non-Default
CUST003286,Female,29,Graduate,Salaried,Single,1,67243.0,616.0,2,LN003286,Home,142770.0,60,18.82,3689.41,18.83,18.6,1,Fair,Rented,East,Approved,Non-Default
CUST003287,Male,56,High School,Salaried,Married,0,58576.0,641.0,1,LN003287,Home,296908.0,36,15.69,10393.02,27.63,7.4,2,Fair,Owned,South,Approved,Non-Default
CUST003288,Female,40,Postgraduate,Unemployed,Single,1,55740.0,751.0,0,LN003288,Auto,151151.0,36,14.4,5195.4,18.34,3.9,0,Excellent,Owned,North,Approved,Non-Default
CUST003289,Male,51,Postgraduate,Unemployed,Single,1,28157.0,751.0,0,LN003289,Auto,232328.0,24,13.83,11136.09,63.7,20.2,0,Excellent,Rented,West,Approved,Default
CUST003290,Female,45,Graduate,Salaried,Divorced,0,45305.0,776.0,1,LN003290,Education,213027.0,36,15.32,7418.08,26.45,5.9,0,Excellent,Owned,West,Approved,Non-Default
CUST003291,Female,30,High School,Self-employed,Married,0,118487.0,667.0,3,LN003291,Auto,133368.0,36,15.24,4638.94,5.0,6.0,0,Good,Rented,West,Approved,Non-Default
CUST003292,Female,41,Graduate,Salaried,Single,3,35753.0,672.0,1,LN003292,Personal,457187.0,36,15.76,16019.22,62.3,10.2,2,Good,Rented,West,Approved,Default
CUST003293,Female,49,High School,Unemployed,Married,1,41420.0,687.0,2,LN003293,Business,130886.0,24,16.51,6440.53,37.44,10.7,0,Good,Rented,South,Rejected,Non-Default
CUST003294,Male,47,Graduate,Salaried,Divorced,2,49112.0,621.0,1,LN003294,Personal,327322.0,36,16.92,11656.89,43.57,6.5,2,Fair,Mortgage,North,Approved,Non-Default
CUST003295,Male,49,Graduate,Salaried,Single,2,37303.0,688.0,0,LN003295,Home,270668.0,24,12.11,12755.19,48.57,11.7,0,Good,Rented,West,Approved,Non-Default
CUST003296,Male,59,High School,Salaried,Divorced,2,53720.0,556.0,2,LN003296,Home,114176.0,36,17.46,4096.87,9.98,10.4,2,Fair,Rented,West,Rejected,Default
CUST003297,Female,51,High School,Self-employed,Divorced,0,74388.0,631.0,0,LN003297,Home,196894.0,36,14.61,6787.85,14.59,4.4,0,Fair,Owned,North,Rejected,Default
CUST003298,Male,39,Graduate,Self-employed,Divorced,1,33077.0,768.0,2,LN003298,Business,216241.0,60,17.0,5374.15,30.14,0.0,2,Excellent,Owned,North,Rejected,Non-Default
CUST003299,Female,27,Graduate,Salaried,Married,1,26874.0,649.0,0,LN003299,Auto,135518.0,24,16.64,6676.9,31.82,0.0,0,Fair,Mortgage,North,Approved,Non-Default
CUST003300,Male,46,Graduate,Self-employed,Married,2,35646.0,674.0,2,LN003300,Home,916018.0,60,15.56,22062.19,75.0,13.0,1,Good,Owned,North,Approved,Non-Default
CUST003301,Female,39,Graduate,Unemployed,Married,1,59597.0,746.0,0,LN003301,Personal,109610.0,60,17.05,2727.04,10.89,16.3,0,Excellent,Mortgage,East,Approved,Non-Default
CUST003302,Male,38,Graduate,Self-employed,Married,2,34606.0,777.0,0,LN003302,Personal,285956.0,36,15.53,9987.14,39.01,0.0,0,Excellent,Owned,North,Rejected,Non-Default
CUST003303,Male,26,High School,Unemployed,Single,0,32322.0,723.0,0,LN003303,Personal,182521.0,36,18.23,6619.65,29.27,14.6,0,Excellent,Owned,West,Approved,Non-Default
CUST003304,Female,29,High School,Salaried,Divorced,2,48548.0,770.0,0,LN003304,Personal,457619.0,24,17.75,22790.98,63.8,0.0,0,Excellent,Mortgage,North,Approved,Default
CUST003305,Female,22,Postgraduate,Salaried,Single,1,22208.0,820.0,0,LN003305,Home,108176.0,12,10.53,9537.07,71.22,12.3,1,Excellent,Owned,North,Approved,Non-Default
CUST003306,Male,58,High School,Salaried,Single,3,19313.0,618.0,0,LN003306,Auto,221939.0,36,13.36,7516.54,53.84,18.4,1,Fair,Owned,North,Approved,Default
CUST003307,Male,50,Postgraduate,Self-employed,Married,2,44462.0,760.0,1,LN003307,Personal,341424.0,48,16.07,9688.3,35.73,10.7,0,Excellent,Owned,East,Approved,Non-Default
CUST003308,Female,39,Postgraduate,Salaried,Single,1,47347.0,788.0,0,LN003308,Auto,185436.0,72,14.07,3828.0,19.1,11.8,0,Excellent,Owned,North,Approved,Non-Default
CUST003309,Female,31,Postgraduate,Self-employed,Married,0,34219.0,597.0,0,LN003309,Auto,227530.0,48,14.72,6300.08,26.22,10.1,0,Fair,Owned,North,Rejected,Default
CUST003310,Female,37,Graduate,Salaried,Divorced,0,47346.0,805.0,1,LN003310,Business,170018.0,60,14.12,3966.61,18.59,16.7,0,Excellent,Owned,East,Approved,Non-Default
CUST003311,Female,48,Graduate,Self-employed,Married,1,78736.0,786.0,0,LN003311,Personal,142977.0,36,15.14,4966.15,27.94,21.0,0,Excellent,Owned,West,Approved,Non-Default
CUST003312,Female,29,Graduate,Unemployed,Single,1,35532.0,662.0,2,LN003312,Business,137758.0,72,15.9,2980.65,21.09,5.8,0,Good,Rented,North,Rejected,Non-Default
CUST003313,Male,25,High School,Salaried,Divorced,0,42102.0,711.0,0,LN003313,Education,247958.0,36,13.9,8462.58,31.67,12.7,0,Excellent,Rented,West,Approved,Non-Default
CUST003314,Female,27,Graduate,Self-employed,Married,2,66325.0,691.0,0,LN003314,Personal,59344.0,48,17.41,1724.99,5.0,4.6,0,Good,Mortgage,West,Approved,Non-Default
CUST003315,Female,59,Graduate,Unemployed,Single,0,64832.0,762.0,0,LN003315,Business,301220.0,60,13.82,6980.78,20.77,15.6,0,Excellent,Owned,West,Approved,Default
CUST003316,Male,33,High School,Salaried,Single,0,66846.0,628.0,0,LN003316,Personal,171134.0,60,19.07,4445.9,21.57,8.3,0,Fair,Rented,West,Rejected,Non-Default
CUST003317,Male,46,High School,Salaried,Single,0,36208.0,628.0,1,LN003317,Auto,159717.0,48,16.6,4575.65,23.9,2.2,0,Fair,Owned,North,Approved,Non-Default
CUST003318,Female,30,High School,Salaried,Single,0,65696.0,731.0,0,LN003318,Personal,106220.0,60,15.57,2558.86,27.15,11.1,0,Excellent,Owned,West,Approved,Default
CUST003319,Female,40,Graduate,Salaried,Married,3,99664.0,807.0,0,LN003319,Personal,520609.0,12,15.5,47112.21,65.27,5.0,0,Excellent,Owned,East,Approved,Non-Default
CUST003320,Female,54,Graduate,Salaried,Single,0,55255.0,686.0,1,LN003320,Business,189693.0,60,15.27,4539.71,20.95,5.3,0,Good,Mortgage,East,Approved,Non-Default
CUST003321,Female,25,High School,Self-employed,Single,3,104864.0,727.0,1,LN003321,Business,203727.0,60,15.39,4888.46,13.52,8.5,1,Excellent,Mortgage,East,Approved,Non-Default
CUST003322,Female,51,Postgraduate,Salaried,Single,0,45040.0,760.0,0,LN003322,Personal,347145.0,12,15.44,31404.84,75.0,10.7,0,Excellent,Rented,West,Approved,Non-Default
CUST003323,Female,27,Postgraduate,Unemployed,Married,1,70069.0,645.0,0,LN003323,Education,205439.0,48,12.82,5493.08,11.91,14.4,2,Fair,Rented,North,Approved,Default
CUST003324,Female,46,High School,Salaried,Married,1,44407.0,633.0,0,LN003324,Home,447882.0,60,16.24,10948.82,41.8,2.3,0,Fair,Rented,South,Rejected,Non-Default
CUST003325,Male,33,High School,Self-employed,Single,2,28850.0,657.0,0,LN003325,Business,342162.0,36,15.77,11990.58,64.84,6.4,1,Good,Rented,North,Approved,Non-Default
CUST003326,Male,52,Graduate,Self-employed,Single,0,33531.0,779.0,0,LN003326,Education,150076.0,72,11.78,2916.87,12.51,9.6,1,Excellent,Owned,South,Approved,Non-Default
CUST003327,Female,39,Postgraduate,Unemployed,Married,0,118643.0,672.0,0,LN003327,Auto,817174.0,12,14.48,73556.38,75.0,0.8,0,Good,Owned,North,Approved,Non-Default
CUST003328,Male,21,High School,Salaried,Married,0,42361.0,703.0,3,LN003328,Personal,424864.0,60,13.9,9863.83,18.58,2.9,1,Excellent,Owned,East,Approved,Non-Default
CUST003329,Female,36,Graduate,Salaried,Married,0,44847.0,654.0,0,LN003329,Education,203593.0,24,14.04,9778.93,55.1,11.0,0,Good,Mortgage,West,Approved,Non-Default
CUST003330,Male,48,Graduate,Self-employed,Single,1,35922.0,562.0,0,LN003330,Home,94392.0,48,17.94,2769.81,12.25,17.3,0,Fair,Mortgage,West,Approved,Default
CUST003331,Female,30,Graduate,Salaried,Married,1,58956.0,789.0,0,LN003331,Home,558431.0,24,14.35,26904.31,68.49,2.3,0,Excellent,Rented,South,Approved,Default
CUST003332,Female,44,High School,Self-employed,Single,1,45223.0,682.0,3,LN003332,Personal,48215.0,36,13.95,1646.7,18.42,12.9,0,Good,Owned,West,Approved,Non-Default
CUST003333,Female,48,High School,Self-employed,Married,0,37822.0,713.0,2,LN003333,Auto,329002.0,12,15.32,29744.87,75.0,0.0,0,Excellent,Rented,South,Approved,Non-Default
CUST003334,Female,39,Graduate,Self-employed,Single,0,43200.0,801.0,2,LN003334,Personal,26408.0,72,15.74,569.06,17.47,7.4,0,Excellent,Owned,West,Approved,Non-Default
CUST003335,Female,30,Postgraduate,Salaried,Married,0,42272.0,748.0,1,LN003335,Business,224739.0,48,14.61,6210.31,28.03,9.7,0,Excellent,Owned,West,Approved,Non-Default
CUST003336,Male,33,Postgraduate,Unemployed,Married,3,34397.0,687.0,2,LN003336,Auto,145422.0,60,14.86,3448.9,10.79,6.9,0,Good,Mortgage,South,Approved,Non-Default
CUST003337,Female,35,Graduate,Unemployed,Single,1,75420.0,633.0,2,LN003337,Home,192313.0,36,13.64,6539.23,14.02,11.7,0,Fair,Rented,West,Approved,Default
CUST003338,Male,66,Graduate,Unemployed,Single,2,50790.0,674.0,1,LN003338,Business,132647.0,36,15.1,4604.75,27.48,13.2,0,Good,Owned,North,Approved,Non-Default
CUST003339,Female,46,Postgraduate,Salaried,Married,0,83703.0,669.0,1,LN003339,Business,397390.0,12,17.02,36247.63,61.31,17.5,0,Good,Mortgage,North,Approved,Non-Default
CUST003340,Female,31,Graduate,Salaried,Married,1,63138.0,570.0,0,LN003340,Education,518059.0,48,18.14,15255.91,35.28,8.5,1,Fair,Owned,West,Approved,Default
CUST003341,Female,39,High School,Salaried,Single,1,49241.0,644.0,1,LN003341,Home,182842.0,72,16.88,4055.29,10.96,0.0,0,Fair,Rented,South,Approved,Non-Default
CUST003342,Female,29,Postgraduate,Salaried,Married,0,48933.0,679.0,0,LN003342,Personal,73936.0,48,17.44,2150.29,22.13,3.7,1,Good,Rented,North,Rejected,Non-Default
CUST003343,Female,67,High School,Self-employed,Married,1,18688.0,758.0,1,LN003343,Personal,499829.0,60,13.08,11393.13,75.0,5.8,1,Excellent,Owned,East,Approved,Non-Default
CUST003344,Male,47,Postgraduate,Salaried,Married,1,26809.0,603.0,3,LN003344,Home,110947.0,60,15.0,2639.42,7.93,2.9,0,Fair,Owned,East,Rejected,Non-Default
CUST003345,Male,34,High School,Unemployed,Married,1,65641.0,759.0,0,LN003345,Personal,77429.0,72,16.65,1707.41,29.32,13.7,0,Excellent,Owned,West,Approved,Non-Default
CUST003346,Male,47,Graduate,Salaried,Married,1,43004.0,679.0,1,LN003346,Personal,176376.0,72,17.18,3941.42,15.88,16.6,0,Good,Rented,South,Approved,Non-Default
CUST003347,Female,70,High School,Self-employed,Single,2,113565.0,552.0,2,LN003347,Personal,142534.0,48,16.83,4100.3,11.13,4.5,1,Fair,Mortgage,South,Approved,Non-Default
CUST003348,Male,34,High School,Salaried,Married,2,57228.0,753.0,1,LN003348,Personal,367245.0,24,15.41,17878.1,40.93,10.2,0,Excellent,Rented,West,Approved,Non-Default
CUST003349,Female,39,Graduate,Salaried,Married,0,124165.0,621.0,1,LN003349,Personal,70221.0,48,16.0,1990.08,5.0,4.3,1,Fair,Rented,East,Approved,Non-Default
CUST003350,Female,39,Graduate,Salaried,Married,1,74518.0,671.0,1,LN003350,Personal,134800.0,12,16.18,12242.0,30.92,14.4,0,Good,Mortgage,West,Approved,Non-Default
CUST003351,Male,33,High School,Self-employed,Single,0,99759.0,626.0,1,LN003351,Home,521627.0,12,12.79,46538.93,49.4,3.6,0,Fair,Owned,West,Rejected,Default
CUST003352,Female,36,High School,Unemployed,Single,2,75178.0,722.0,0,LN003352,Education,153423.0,24,14.23,7382.96,21.82,16.5,0,Excellent,Rented,West,Approved,Non-Default
CUST003353,Male,40,High School,Self-employed,Single,3,91232.0,613.0,1,LN003353,Home,34409.0,24,16.39,1691.19,11.94,6.6,0,Fair,Rented,South,Approved,Non-Default
CUST003354,Male,43,Graduate,Salaried,Single,2,71438.0,561.0,1,LN003354,Auto,201728.0,60,16.72,4983.14,24.06,5.6,0,Fair,Mortgage,East,Approved,Non-Default
CUST003355,Male,43,Graduate,Self-employed,Single,3,30811.0,776.0,2,LN003355,Personal,305863.0,60,16.98,7598.19,42.15,5.2,0,Excellent,Owned,North,Approved,Non-Default
CUST003356,Male,40,High School,Self-employed,Single,1,51043.0,497.0,2,LN003356,Home,123521.0,60,15.01,2939.2,18.09,4.2,0,Poor,Rented,North,Approved,Default
CUST003357,Male,21,High School,Self-employed,Married,1,59813.0,677.0,0,LN003357,Education,547529.0,36,14.7,18899.93,44.52,0.0,0,Good,Rented,West,Rejected,Non-Default
CUST003358,Male,41,High School,Salaried,Married,1,110697.0,723.0,1,LN003358,Auto,216096.0,12,12.55,19255.51,29.07,6.7,0,Excellent,Rented,West,Approved,Non-Default
CUST003359,Male,41,High School,Salaried,Single,1,44538.0,771.0,2,LN003359,Personal,381907.0,24,15.67,18639.19,51.71,7.3,0,Excellent,Owned,East,Approved,Default
CUST003360,Male,30,High School,Salaried,Married,1,18000.0,601.0,1,LN003360,Personal,151559.0,36,18.76,5537.18,46.72,4.3,3,Fair,Mortgage,West,Approved,Default
CUST003361,Male,36,Graduate,Salaried,Married,0,45334.0,675.0,0,LN003361,Personal,122752.0,72,15.81,2649.89,15.02,18.4,0,Good,Rented,North,Approved,Non-Default
CUST003362,Female,54,Postgraduate,Salaried,Single,3,53589.0,612.0,1,LN003362,Personal,268935.0,36,17.92,9711.86,32.35,14.3,1,Fair,Owned,West,Rejected,Default
CUST003363,Male,36,Graduate,Salaried,Married,0,66915.0,636.0,1,LN003363,Personal,219542.0,36,16.14,7733.63,17.37,8.7,0,Fair,Owned,North,Approved,Non-Default
CUST003364,Female,48,Graduate,Salaried,Single,0,69242.0,788.0,2,LN003364,Business,130987.0,60,16.43,3215.35,15.82,17.4,0,Excellent,Rented,South,Approved,Non-Default
CUST003365,Female,39,Graduate,Salaried,Single,0,19310.0,802.0,1,LN003365,Personal,113836.0,36,14.11,3896.73,26.74,9.1,0,Excellent,Rented,West,Approved,Non-Default
CUST003366,Female,46,Graduate,Salaried,Single,1,100442.0,602.0,2,LN003366,Home,942835.0,60,16.09,22973.03,28.9,13.4,0,Fair,Rented,South,Rejected,Non-Default
CUST003367,Male,48,Graduate,Unemployed,Married,2,90981.0,682.0,1,LN003367,Personal,662058.0,36,15.61,23148.72,45.71,11.3,0,Good,Owned,East,Approved,Non-Default
CUST003368,Male,47,High School,Self-employed,Single,3,47824.0,702.0,0,LN003368,Education,148718.0,36,13.89,5074.89,25.26,7.0,0,Excellent,Rented,North,Approved,Non-Default
CUST003369,Female,37,High School,Self-employed,Single,1,39084.0,663.0,0,LN003369,Home,409891.0,36,14.46,14100.85,54.05,4.1,2,Good,Rented,North,Approved,Default
CUST003370,Female,33,Graduate,Salaried,Married,0,36931.0,557.0,1,LN003370,Personal,260188.0,24,18.53,13056.38,56.54,8.5,0,Fair,Rented,North,Approved,Non-Default
CUST003371,Male,28,Graduate,Salaried,Divorced,2,39756.0,713.0,3,LN003371,Business,276295.0,48,16.48,7898.37,26.44,3.3,0,Excellent,Rented,West,Approved,Non-Default
CUST003372,Female,41,High School,Self-employed,Divorced,0,35626.0,780.0,0,LN003372,Personal,369030.0,24,14.85,17866.74,66.87,2.1,0,Excellent,Owned,East,Approved,Non-Default
CUST003373,Female,26,High School,Salaried,Married,0,115816.0,738.0,2,LN003373,Personal,41207.0,36,16.06,1449.94,12.89,12.0,1,Excellent,Rented,South,Approved,Non-Default
CUST003374,Male,50,Graduate,Salaried,Married,1,68175.0,549.0,0,LN003374,Auto,861307.0,36,15.55,30089.99,68.88,0.0,0,Poor,Rented,South,Approved,Non-Default
CUST003375,Female,36,Graduate,Salaried,Married,1,27306.0,690.0,1,LN003375,Personal,246174.0,60,15.7,5947.3,53.04,6.2,0,Good,Rented,North,Approved,Default
CUST003376,Male,32,High School,Salaried,Divorced,3,28502.0,699.0,1,LN003376,Education,67863.0,60,14.86,1609.47,5.0,3.3,0,Good,Mortgage,East,Approved,Non-Default
CUST003377,Male,21,High School,Self-employed,Married,0,30146.0,799.0,2,LN003377,Personal,273654.0,60,13.71,6326.38,47.55,7.6,1,Excellent,Owned,West,Approved,Default
CUST003378,Female,26,Postgraduate,Self-employed,Single,2,71008.0,645.0,1,LN003378,Home,219764.0,48,14.74,6087.27,20.03,15.1,0,Fair,Rented,West,Rejected,Non-Default
CUST003379,Female,29,Postgraduate,Salaried,Single,1,39255.0,759.0,3,LN003379,Personal,175579.0,48,16.78,5046.38,23.65,0.0,1,Excellent,Rented,East,Approved,Default
CUST003380,Male,43,Graduate,Salaried,Married,2,64819.0,647.0,1,LN003380,Personal,113239.0,24,16.8,5587.92,5.51,11.1,1,Fair,Owned,East,Approved,Non-Default
CUST003381,Female,26,Graduate,Salaried,Single,2,48800.0,633.0,0,LN003381,Business,72090.0,36,17.97,2605.14,20.93,10.9,0,Fair,Owned,South,Approved,Non-Default
CUST003382,Male,37,Postgraduate,Self-employed,Married,0,44007.0,671.0,1,LN003382,Auto,129926.0,36,13.71,4422.28,14.12,0.1,0,Good,Mortgage,East,Approved,Non-Default
CUST003383,Female,37,Postgraduate,Salaried,Single,0,48596.0,716.0,0,LN003383,Personal,254999.0,48,16.92,7347.46,31.03,15.5,0,Excellent,Rented,West,Approved,Non-Default
CUST003384,Male,31,Graduate,Salaried,Married,2,47095.0,724.0,0,LN003384,Personal,61130.0,48,16.41,1745.3,5.0,0.0,0,Excellent,Owned,East,Approved,Non-Default
CUST003385,Female,38,Postgraduate,Salaried,Divorced,2,47550.0,650.0,1,LN003385,Auto,379616.0,36,13.44,12871.36,50.96,0.0,0,Good,Owned,North,Approved,Non-Default
CUST003386,Male,44,Postgraduate,Self-employed,Single,1,88191.0,643.0,0,LN003386,Personal,233364.0,36,15.37,8131.99,18.92,17.7,0,Fair,Rented,East,Approved,Non-Default
CUST003387,Female,26,High School,Salaried,Single,2,93400.0,740.0,0,LN003387,Auto,98874.0,72,14.18,2046.91,10.26,14.3,0,Excellent,Rented,North,Approved,Default
CUST003388,Male,49,Graduate,Self-employed,Married,1,55502.0,643.0,2,LN003388,Personal,239249.0,36,16.04,8416.01,20.48,14.6,0,Fair,Rented,South,Approved,Non-Default
CUST003389,Female,55,High School,Unemployed,Married,0,34566.0,664.0,1,LN003389,Personal,625134.0,72,16.33,13674.14,60.81,2.4,0,Good,Owned,West,Approved,Non-Default
CUST003390,Male,33,Graduate,Unemployed,Married,1,39155.0,696.0,3,LN003390,Personal,217575.0,36,16.31,7682.63,30.03,6.0,0,Good,Mortgage,West,Approved,Non-Default
CUST003391,Female,41,Graduate,Salaried,Married,3,80821.0,618.0,3,LN003391,Personal,73742.0,12,15.82,6684.4,20.95,5.5,0,Fair,Owned,South,Approved,Non-Default
CUST003392,Male,34,Graduate,Salaried,Married,1,182922.0,631.0,1,LN003392,Auto,138849.0,48,14.23,3810.29,18.85,3.7,3,Fair,Owned,West,Approved,Non-Default
CUST003393,Male,49,Postgraduate,Salaried,Divorced,1,82764.0,770.0,0,LN003393,Business,275087.0,12,17.36,25136.26,51.19,5.4,0,Excellent,Mortgage,South,Approved,Non-Default
CUST003394,Male,35,High School,Unemployed,Single,0,53533.0,760.0,1,LN003394,Business,129309.0,60,13.96,3006.11,16.85,13.5,0,Excellent,Owned,West,Approved,Non-Default
CUST003395,Male,21,Graduate,Self-employed,Divorced,1,25486.0,633.0,3,LN003395,Business,104825.0,72,16.39,2296.42,12.17,9.3,0,Fair,Rented,South,Approved,Non-Default
CUST003396,Female,26,Postgraduate,Salaried,Married,3,67660.0,752.0,0,LN003396,Education,304867.0,12,13.3,27272.82,66.66,3.0,2,Excellent,Rented,West,Approved,Non-Default
CUST003397,Male,31,High School,Salaried,Married,2,42892.0,635.0,3,LN003397,Home,112976.0,48,14.73,3128.77,19.22,0.0,0,Fair,Owned,South,Approved,Default
CUST003398,Male,37,Postgraduate,Self-employed,Single,0,70348.0,523.0,1,LN003398,Home,99521.0,60,11.73,2200.24,15.3,4.0,0,Poor,Owned,South,Approved,Default
CUST003399,Female,60,High School,Salaried,Married,0,39205.0,672.0,0,LN003399,Home,168032.0,36,13.78,5725.0,26.76,8.9,0,Good,Rented,North,Approved,Non-Default
CUST003400,Male,45,Graduate,Salaried,Married,1,67896.0,633.0,1,LN003400,Home,63648.0,36,15.01,2206.69,23.39,9.5,0,Fair,Owned,West,Approved,Non-Default
CUST003401,Female,48,Graduate,Self-employed,Divorced,3,42892.0,754.0,3,LN003401,Education,162302.0,24,13.06,7720.71,20.94,8.2,0,Excellent,Owned,South,Approved,Non-Default
CUST003402,Male,40,High School,Self-employed,Single,0,45828.0,670.0,3,LN003402,Business,123359.0,24,15.35,6001.8,21.92,8.6,0,Good,Rented,West,Approved,Non-Default
CUST003403,Male,31,Graduate,Salaried,Married,3,38683.0,793.0,1,LN003403,Home,330779.0,72,11.48,6377.7,22.97,8.6,0,Excellent,Rented,South,Approved,Non-Default
CUST003404,Female,57,Graduate,Self-employed,Married,0,38847.0,654.0,0,LN003404,Home,200607.0,12,13.67,17980.79,53.33,0.1,0,Good,Mortgage,North,Approved,Non-Default
CUST003405,Male,33,Graduate,,Married,1,50900.0,584.0,1,LN003405,Education,150208.0,36,15.03,5209.22,19.66,9.6,0,Fair,Rented,West,Approved,Non-Default
CUST003406,Male,29,Postgraduate,Salaried,Divorced,1,66493.0,590.0,1,LN003406,Personal,109339.0,24,17.67,5441.23,20.61,10.7,0,Fair,Mortgage,North,Approved,Non-Default
CUST003407,Male,37,Graduate,Salaried,Married,2,89261.0,820.0,1,LN003407,Home,186190.0,36,12.18,6200.19,11.52,12.8,0,Excellent,Rented,West,Approved,Non-Default
CUST003408,Male,34,High School,Self-employed,Single,3,37018.0,614.0,0,LN003408,Education,317095.0,36,15.02,10995.31,34.55,0.6,1,Fair,Owned,East,Rejected,Non-Default
CUST003409,Male,40,Graduate,Salaried,Married,3,107847.0,662.0,1,LN003409,Personal,175848.0,36,15.17,6110.48,18.74,0.8,0,Good,Owned,West,Rejected,Non-Default
CUST003410,Female,58,Graduate,Unemployed,Single,1,62080.0,700.0,1,LN003410,Home,283933.0,12,16.51,25830.06,63.37,8.8,0,Excellent,Owned,West,Approved,Non-Default
CUST003411,Male,30,High School,Salaried,Single,3,58493.0,667.0,0,LN003411,Home,355663.0,36,14.89,12310.02,49.09,5.7,0,Good,Rented,East,Rejected,Non-Default
CUST003412,Male,48,Graduate,Self-employed,Married,3,35433.0,734.0,0,LN003412,Business,600784.0,60,15.73,14523.85,56.51,18.4,0,Excellent,Owned,East,Approved,Non-Default
CUST003413,Male,45,Postgraduate,Salaried,Divorced,0,44228.0,645.0,0,LN003413,Home,380068.0,36,14.35,13054.53,38.28,8.9,0,Fair,Mortgage,West,Rejected,Non-Default
CUST003414,Female,30,High School,Salaried,Single,1,78942.0,684.0,0,LN003414,Auto,214264.0,36,16.0,7532.89,15.19,12.4,2,Good,Rented,West,Approved,Default
CUST003415,Female,40,Postgraduate,Salaried,Married,0,95135.0,785.0,1,LN003415,Personal,148288.0,36,17.31,5309.78,16.48,10.0,0,Excellent,Rented,West,Rejected,Non-Default
CUST003416,Female,52,High School,Salaried,Married,1,39039.0,717.0,1,LN003416,Auto,224668.0,24,14.51,10841.17,47.05,0.0,1,Excellent,Rented,North,Approved,Non-Default
CUST003417,Male,47,Graduate,Salaried,Single,2,39264.0,701.0,0,LN003417,Personal,145746.0,48,17.33,4230.43,24.82,0.0,0,Excellent,Owned,South,Approved,Non-Default
CUST003418,Male,37,Graduate,Salaried,Married,0,43985.0,691.0,3,LN003418,Home,35641.0,36,15.04,1236.21,20.75,9.8,0,Good,Owned,North,Approved,Non-Default
CUST003419,Female,28,High School,Salaried,Married,0,50949.0,643.0,0,LN003419,Personal,163620.0,48,19.36,4923.39,13.96,7.1,0,Fair,Owned,South,Rejected,Non-Default
CUST003420,Male,29,Graduate,Salaried,Divorced,1,75105.0,819.0,1,LN003420,Auto,231630.0,12,13.41,20733.14,38.38,1.1,0,Excellent,Owned,South,Approved,Non-Default
CUST003421,Female,42,Graduate,Self-employed,Married,0,71033.0,730.0,2,LN003421,Auto,458873.0,24,14.73,22190.39,40.49,1.5,0,Excellent,Rented,South,Approved,Non-Default
CUST003422,Female,49,High School,Unemployed,Married,0,61532.0,556.0,0,LN003422,Home,181151.0,24,15.44,8821.32,21.25,1.0,1,Fair,Mortgage,East,Approved,Default
CUST003423,Female,43,Postgraduate,Salaried,Married,0,41592.0,672.0,0,LN003423,Education,295035.0,36,14.62,10172.67,31.81,10.4,0,Good,Owned,East,Approved,Non-Default
CUST003424,Male,35,Graduate,Salaried,Married,1,59381.0,558.0,1,LN003424,Auto,198717.0,24,16.66,9792.59,27.64,14.5,0,Fair,Rented,South,Rejected,Non-Default
CUST003425,Female,34,Graduate,Self-employed,Single,1,39840.0,591.0,0,LN003425,Education,123509.0,12,15.22,11160.54,47.76,14.2,0,Fair,Owned,West,Approved,Default
CUST003426,Male,43,High School,Self-employed,Married,0,31292.0,715.0,0,LN003426,Personal,138626.0,24,15.93,6782.92,26.49,6.1,0,Excellent,Owned,South,Approved,Non-Default
CUST003427,Female,40,Graduate,Salaried,Divorced,1,61720.0,769.0,0,LN003427,Business,175376.0,48,14.13,4803.85,13.78,16.7,1,Excellent,Owned,West,Approved,Non-Default
CUST003428,Male,34,Graduate,Self-employed,Married,1,71334.0,694.0,2,LN003428,Business,34770.0,36,15.92,1221.04,6.0,13.5,1,Good,Owned,North,Rejected,Non-Default
CUST003429,Female,37,Graduate,Salaried,Divorced,2,57417.0,669.0,0,LN003429,Home,141634.0,48,13.91,3863.97,25.47,4.9,0,Good,Mortgage,East,Approved,Non-Default
CUST003430,Female,47,Graduate,Salaried,Divorced,3,81455.0,773.0,1,LN003430,Personal,204654.0,24,14.17,9842.47,22.99,13.1,0,Excellent,Owned,North,Approved,Non-Default
CUST003431,Male,29,Graduate,Self-employed,Married,1,71604.0,637.0,3,LN003431,Education,154478.0,48,15.28,4321.2,19.6,23.6,0,Fair,Owned,South,Approved,Non-Default
CUST003432,Male,55,High School,Salaried,Divorced,0,55343.0,696.0,3,LN003432,Auto,253622.0,12,12.82,22631.41,69.49,10.1,1,Good,Rented,North,Approved,Default
CUST003433,Female,26,Postgraduate,Self-employed,Married,3,57245.0,782.0,1,LN003433,Personal,86637.0,24,15.69,4229.2,5.0,4.7,0,Excellent,Owned,East,Approved,Non-Default
CUST003434,Male,62,Postgraduate,Self-employed,Married,3,53001.0,639.0,1,LN003434,Personal,164020.0,12,16.32,14906.52,57.87,11.0,2,Fair,Rented,South,Approved,Default
CUST003435,Male,25,Postgraduate,Salaried,Married,2,20776.0,534.0,1,LN003435,Auto,54463.0,36,17.52,1955.88,14.7,6.7,0,Poor,Owned,North,Approved,Non-Default
CUST003436,Female,43,High School,Salaried,Single,3,,698.0,0,LN003436,Education,96817.0,24,13.41,4621.52,30.97,5.1,1,Good,Rented,North,Approved,Non-Default
CUST003437,Female,47,Graduate,Self-employed,Single,1,46863.0,643.0,1,LN003437,Home,137621.0,36,15.04,4773.37,25.39,1.0,0,Fair,Rented,South,Approved,Non-Default
CUST003438,Male,55,High School,Unemployed,Single,0,34956.0,702.0,2,LN003438,Business,373395.0,24,13.45,17830.91,75.0,13.0,0,Excellent,Owned,South,Approved,Default
CUST003439,Female,50,Graduate,Salaried,Married,0,54743.0,691.0,0,LN003439,Education,603828.0,48,13.46,16337.39,40.44,8.4,2,Good,Mortgage,South,Approved,Non-Default
CUST003440,Female,52,Graduate,Self-employed,Married,3,50493.0,740.0,0,LN003440,Auto,200342.0,24,13.2,9543.46,32.24,11.0,0,Excellent,Owned,West,Rejected,Non-Default
CUST003441,Male,25,Postgraduate,Salaried,Married,0,93912.0,677.0,0,LN003441,Auto,358466.0,12,14.6,32286.92,48.76,0.0,1,Good,Owned,West,Approved,Non-Default
CUST003442,Female,34,Graduate,Salaried,Married,1,63912.0,719.0,1,LN003442,Education,38847.0,24,16.69,1914.9,15.79,12.6,0,Excellent,Rented,East,Approved,Non-Default
CUST003443,Male,33,Graduate,Salaried,Married,0,61828.0,763.0,0,LN003443,Business,261263.0,48,14.58,7215.64,21.51,9.7,1,Excellent,Rented,East,Rejected,Default
CUST003444,Female,44,Graduate,Self-employed,Divorced,1,87994.0,779.0,2,LN003444,Education,48477.0,12,12.22,4312.11,16.54,7.0,0,Excellent,Owned,West,Approved,Non-Default
CUST003445,Male,35,Graduate,Unemployed,Single,0,106259.0,697.0,1,LN003445,Education,65336.0,36,16.14,2301.54,12.1,20.1,0,Good,Owned,West,Rejected,Non-Default
CUST003446,Male,44,Graduate,Salaried,Divorced,1,55020.0,686.0,0,LN003446,Education,333502.0,36,13.65,11341.7,39.99,8.5,0,Good,Rented,East,Approved,Non-Default
CUST003447,Female,44,High School,Self-employed,Single,1,105620.0,645.0,0,LN003447,Home,167222.0,48,13.34,4514.42,11.21,11.2,1,Fair,Mortgage,East,Approved,Non-Default
CUST003448,Female,21,Postgraduate,Salaried,Single,3,53025.0,626.0,2,LN003448,Education,262578.0,24,14.77,12702.85,33.19,12.6,1,Fair,Mortgage,West,Rejected,Non-Default
CUST003449,Male,41,Graduate,Salaried,Married,0,60335.0,725.0,2,LN003449,Personal,39194.0,72,15.74,844.59,15.09,0.2,0,Excellent,Mortgage,West,Approved,Default
CUST003450,Female,40,Postgraduate,Unemployed,Single,3,39576.0,802.0,3,LN003450,Personal,139366.0,36,14.24,4779.46,23.08,15.9,1,Excellent,Mortgage,West,Approved,Non-Default
CUST003451,Male,37,Graduate,Salaried,Married,1,52177.0,751.0,1,LN003451,Home,246819.0,36,15.09,8566.94,39.02,14.5,0,Excellent,Rented,South,Approved,Non-Default
CUST003452,Male,35,High School,Unemployed,Married,2,49249.0,612.0,0,LN003452,Personal,73378.0,12,18.43,6742.32,12.09,0.0,0,Fair,Rented,South,Approved,Non-Default
CUST003453,Male,39,High School,Unemployed,Single,0,38146.0,812.0,2,LN003453,Home,123746.0,24,12.16,5834.4,22.43,6.7,0,Excellent,Rented,West,Approved,Non-Default
CUST003454,Male,48,High School,Self-employed,Married,0,22109.0,587.0,1,LN003454,Personal,190876.0,36,17.48,6850.94,44.79,0.5,1,Fair,Mortgage,North,Approved,Default
CUST003455,Female,30,Graduate,Self-employed,Single,2,150183.0,683.0,1,LN003455,Personal,307050.0,36,16.04,10801.03,13.58,6.1,0,Good,Owned,East,Approved,Non-Default
CUST003456,Female,31,Graduate,Self-employed,Divorced,1,63012.0,776.0,2,LN003456,Home,145238.0,24,12.61,6878.3,25.44,6.5,0,Excellent,Owned,East,Rejected,Non-Default
CUST003457,Female,42,Postgraduate,Salaried,Married,0,64641.0,778.0,3,LN003457,Personal,207743.0,60,16.79,5139.52,5.0,5.0,0,Excellent,Rented,West,Approved,Non-Default
CUST003458,Male,37,Graduate,Self-employed,Single,1,31024.0,724.0,2,LN003458,Personal,200982.0,24,14.16,9664.92,48.57,13.7,0,Excellent,Rented,West,Approved,Non-Default
CUST003459,Male,27,High School,Salaried,Married,1,95198.0,602.0,0,LN003459,Auto,613938.0,60,16.68,15152.5,28.48,1.9,2,Fair,Owned,North,Approved,Non-Default
CUST003460,Female,58,Graduate,Unemployed,Married,0,24082.0,797.0,2,LN003460,Personal,158869.0,36,15.14,5518.14,37.57,3.8,0,Excellent,Rented,North,Approved,Default
CUST003461,Male,39,High School,Salaried,Married,1,33077.0,610.0,2,LN003461,Auto,197216.0,24,16.37,9691.21,51.67,8.1,0,Fair,Mortgage,West,Approved,Default
CUST003462,Male,34,High School,Self-employed,Married,1,119228.0,572.0,2,LN003462,Business,344641.0,24,15.75,16833.56,25.73,4.0,0,Fair,Owned,South,Approved,Non-Default
CUST003463,Female,50,Graduate,Self-employed,Single,0,79217.0,609.0,1,LN003463,Personal,284242.0,24,16.27,13954.07,20.59,11.5,1,Fair,Rented,East,Approved,Non-Default
CUST003464,Male,23,Postgraduate,Salaried,Single,2,36330.0,721.0,2,LN003464,Personal,197351.0,48,15.81,5573.8,27.11,11.9,2,Excellent,Owned,North,Approved,Non-Default
CUST003465,Female,51,Graduate,Self-employed,Married,1,32833.0,804.0,0,LN003465,Home,213692.0,36,13.47,7248.6,41.24,13.6,0,Excellent,Owned,East,Approved,Non-Default
CUST003466,Male,41,Graduate,Salaried,Single,2,24374.0,795.0,1,LN003466,Home,215492.0,36,9.84,6937.14,31.16,0.4,2,Excellent,Rented,North,Approved,Default
CUST003467,Female,37,High School,,Married,0,57676.0,535.0,3,LN003467,Home,137440.0,72,16.67,3032.26,14.04,11.9,0,Poor,Owned,East,Approved,Non-Default
CUST003468,Female,33,Graduate,Self-employed,Single,2,39682.0,683.0,1,LN003468,Auto,112414.0,36,13.95,3839.31,22.74,0.0,0,Good,Rented,West,Approved,Non-Default
CUST003469,Female,48,Postgraduate,Salaried,Married,1,69711.0,786.0,1,LN003469,Personal,186576.0,24,13.79,8939.55,18.19,8.8,1,Excellent,Rented,North,Approved,Non-Default
CUST003470,Male,50,Graduate,Self-employed,Divorced,0,118120.0,673.0,1,LN003470,Personal,279947.0,36,15.89,9826.91,9.35,9.6,0,Good,Owned,East,Approved,Non-Default
CUST003471,Male,31,Graduate,Self-employed,Single,0,39162.0,722.0,1,LN003471,Home,80303.0,60,14.86,1904.51,5.53,17.1,0,Excellent,Owned,South,Approved,Non-Default
CUST003472,Female,46,Graduate,Salaried,Married,0,30719.0,739.0,0,LN003472,Home,633117.0,48,15.25,17700.46,75.0,4.5,0,Excellent,Rented,West,Approved,Non-Default
CUST003473,Female,51,Graduate,Self-employed,Married,0,24726.0,717.0,1,LN003473,Home,256752.0,36,13.4,8700.54,33.16,0.0,1,Excellent,Rented,West,Rejected,Non-Default
CUST003474,Male,35,Graduate,Salaried,Married,3,87669.0,816.0,0,LN003474,Business,107291.0,36,13.9,3661.74,21.4,10.8,1,Excellent,Owned,East,Approved,Non-Default
CUST003475,Male,31,Graduate,Salaried,Married,2,40642.0,670.0,1,LN003475,Auto,170834.0,36,15.33,5949.66,23.35,2.0,1,Good,Mortgage,East,Approved,Non-Default
CUST003476,Male,27,High School,Self-employed,Divorced,1,39757.0,627.0,1,LN003476,Home,145869.0,36,15.87,5118.96,11.6,8.8,0,Fair,Rented,West,Approved,Non-Default
CUST003477,Male,48,Graduate,Salaried,Married,3,66194.0,691.0,2,LN003477,Home,27784.0,36,14.71,959.2,5.0,8.7,2,Good,Owned,North,Rejected,Non-Default
CUST003478,Female,41,Graduate,Salaried,Single,1,56735.0,680.0,0,LN003478,Auto,213522.0,60,14.9,5068.47,21.34,7.9,0,Good,Rented,West,Rejected,Non-Default
CUST003479,Male,27,High School,Unemployed,Married,2,29291.0,636.0,1,LN003479,Home,108472.0,36,15.92,3809.27,8.45,0.0,0,Fair,Rented,East,Approved,Non-Default
CUST003480,Male,33,Graduate,Salaried,Divorced,3,56430.0,671.0,0,LN003480,Home,325925.0,24,13.22,15528.77,48.88,2.1,0,Good,Rented,North,Approved,Non-Default
CUST003481,Male,34,Graduate,Salaried,Divorced,0,54801.0,641.0,2,LN003481,Home,224376.0,60,13.87,5205.73,12.78,10.8,0,Fair,Owned,West,Approved,Non-Default
CUST003482,Female,45,Graduate,Salaried,Single,2,164825.0,599.0,3,LN003482,Home,451950.0,24,15.6,22042.6,36.35,9.2,1,Fair,Rented,East,Approved,Non-Default
CUST003483,Female,45,Graduate,Salaried,Divorced,3,79649.0,808.0,0,LN003483,Personal,215654.0,36,13.59,7327.67,21.51,11.9,0,Excellent,Rented,South,Approved,Non-Default
CUST003484,Male,31,Graduate,Salaried,Married,0,131902.0,804.0,0,LN003484,Education,285061.0,36,12.51,9537.69,14.93,6.3,0,Excellent,Mortgage,South,Approved,Non-Default
CUST003485,Female,39,Postgraduate,Self-employed,Divorced,0,41147.0,682.0,0,LN003485,Personal,84703.0,48,17.56,2468.72,33.23,3.5,0,Good,Owned,South,Approved,Non-Default
CUST003486,Male,51,High School,Salaried,Married,0,33413.0,696.0,0,LN003486,Home,40720.0,48,14.64,1125.85,5.0,0.0,1,Good,Mortgage,East,Approved,Non-Default
CUST003487,Male,34,High School,Salaried,Married,3,91576.0,654.0,1,LN003487,Personal,131643.0,24,16.49,6476.51,11.27,5.8,0,Good,Owned,North,Approved,Non-Default
CUST003488,Female,32,Graduate,Salaried,Single,0,21731.0,668.0,2,LN003488,Personal,160687.0,36,15.76,5630.26,37.83,9.2,0,Good,Owned,South,Approved,Non-Default
CUST003489,Female,53,High School,Salaried,Single,3,38337.0,686.0,1,LN003489,Personal,146681.0,48,18.8,4370.31,10.63,11.6,0,Good,Owned,East,Approved,Non-Default
CUST003490,Male,29,Graduate,Self-employed,Single,2,45964.0,660.0,1,LN003490,Personal,273829.0,48,18.03,8048.02,22.11,16.0,0,Good,Owned,East,Approved,Non-Default
CUST003491,Female,31,High School,Salaried,Married,2,77744.0,621.0,3,LN003491,Auto,604786.0,24,15.44,29450.63,62.03,3.3,0,Fair,Owned,West,Approved,Non-Default
CUST003492,Female,36,Postgraduate,Salaried,Single,2,64277.0,770.0,0,LN003492,Business,349721.0,24,13.91,16776.25,40.69,13.0,0,Excellent,Owned,East,Approved,Non-Default
CUST003493,Male,36,Graduate,Salaried,Divorced,0,61326.0,610.0,0,LN003493,Personal,181298.0,60,15.09,4321.64,7.58,21.6,0,Fair,Owned,East,Approved,Non-Default
CUST003494,Female,49,Postgraduate,Salaried,Single,1,84031.0,678.0,0,LN003494,Home,232572.0,36,15.81,8154.74,21.68,2.8,0,Good,Rented,East,Approved,Non-Default
CUST003495,Male,40,High School,Unemployed,Married,1,53050.0,686.0,1,LN003495,Auto,132414.0,12,14.01,11889.69,31.73,4.0,0,Good,Rented,West,Approved,Non-Default
CUST003496,Female,44,High School,Salaried,Divorced,1,53870.0,808.0,0,LN003496,Business,171048.0,12,16.58,15566.32,48.08,6.3,0,Excellent,Mortgage,East,Approved,Non-Default
CUST003497,Female,21,Graduate,Salaried,Married,2,51322.0,679.0,1,LN003497,Home,147105.0,60,13.61,3393.21,20.5,3.6,0,Good,Owned,South,Approved,Non-Default
CUST003498,Female,54,High School,Salaried,Married,2,55810.0,667.0,2,LN003498,Business,404565.0,36,16.38,14299.32,25.29,0.0,0,Good,Owned,West,Approved,Non-Default
CUST003499,Female,28,Postgraduate,Self-employed,Single,0,32162.0,666.0,0,LN003499,Home,295616.0,48,13.52,8007.14,35.44,20.1,1,Good,Mortgage,North,Rejected,Default
CUST003500,Female,35,High School,Self-employed,Married,1,50080.0,719.0,1,LN003500,Home,1019293.0,36,14.79,35229.39,75.0,4.3,2,Excellent,Rented,South,Approved,Default
CUST003501,Male,42,High School,Self-employed,Married,0,54742.0,677.0,1,LN003501,Personal,231064.0,72,13.98,4758.77,5.0,2.1,0,Good,Rented,North,Approved,Non-Default
CUST003502,Male,38,Graduate,Salaried,Married,3,38351.0,626.0,1,LN003502,Home,94549.0,12,15.81,8570.01,34.85,4.5,1,Fair,Rented,East,Approved,Default
CUST003503,Female,24,High School,Self-employed,Married,0,55748.0,763.0,0,LN003503,Auto,51011.0,24,14.78,2468.02,12.81,7.2,2,Excellent,Mortgage,North,Approved,Non-Default
CUST003504,Female,37,Postgraduate,Salaried,Married,1,82624.0,699.0,0,LN003504,Auto,493611.0,36,15.65,17268.73,14.94,8.7,1,Good,Mortgage,East,Approved,Non-Default
CUST003505,Female,33,Postgraduate,Salaried,Divorced,2,59669.0,713.0,1,LN003505,Personal,43207.0,36,15.8,1514.77,10.64,3.7,1,Excellent,Rented,South,Approved,Non-Default
CUST003506,Male,46,High School,Salaried,Single,1,83908.0,615.0,0,LN003506,Home,310800.0,48,16.08,8820.9,8.77,0.6,0,Fair,Owned,West,Approved,Non-Default
CUST003507,Male,50,High School,Salaried,Single,1,86786.0,707.0,1,LN003507,Home,316028.0,36,14.9,10939.74,24.59,9.6,0,Excellent,Owned,South,Approved,Non-Default
CUST003508,Female,48,High School,Salaried,Married,0,52185.0,723.0,0,LN003508,Education,394447.0,60,12.77,8928.51,38.12,8.1,0,Excellent,Rented,East,Approved,Non-Default
CUST003509,Male,41,Graduate,Salaried,Married,2,46893.0,655.0,2,LN003509,Personal,214589.0,24,16.21,10528.49,42.73,10.3,2,Good,Mortgage,North,Approved,Non-Default
CUST003510,Male,58,Graduate,Self-employed,Married,1,43741.0,704.0,2,LN003510,Home,213665.0,60,14.87,5068.51,23.73,11.0,1,Excellent,Owned,South,Approved,Non-Default
CUST003511,Male,37,High School,Salaried,Single,1,33287.0,655.0,1,LN003511,Education,290280.0,36,12.81,9754.14,30.71,2.8,0,Good,Rented,South,Approved,Non-Default
CUST003512,Female,28,Postgraduate,Unemployed,Married,3,53679.0,669.0,0,LN003512,Education,102589.0,36,16.3,3621.94,19.99,12.4,0,Good,Owned,West,Rejected,Non-Default
CUST003513,Female,56,Graduate,Salaried,Married,2,77057.0,750.0,1,LN003513,Education,198621.0,36,11.02,6504.48,15.9,0.0,0,Excellent,Mortgage,South,Approved,Non-Default
CUST003514,Male,54,Postgraduate,Salaried,Divorced,1,82837.0,639.0,2,LN003514,Personal,168611.0,24,18.05,8421.83,5.17,9.4,0,Fair,Rented,North,Approved,Non-Default
CUST003515,Male,50,Graduate,Self-employed,Married,1,124495.0,716.0,0,LN003515,Business,540987.0,60,15.43,12992.47,27.19,18.2,0,Excellent,Mortgage,East,Rejected,Non-Default
CUST003516,Male,31,High School,Salaried,Married,1,29592.0,739.0,1,LN003516,Home,225057.0,60,13.61,5191.29,14.18,17.4,0,Excellent,Mortgage,North,Approved,Non-Default
CUST003517,Male,51,Postgraduate,Self-employed,Married,0,45772.0,714.0,1,LN003517,Home,181909.0,72,13.77,3726.0,18.5,0.3,0,Excellent,Rented,South,Approved,Non-Default
CUST003518,Female,38,High School,Salaried,Married,3,49410.0,765.0,1,LN003518,Personal,157366.0,48,14.98,4378.02,19.56,1.8,0,Excellent,Rented,South,Approved,Non-Default
CUST003519,Female,45,Postgraduate,Unemployed,Divorced,0,91405.0,654.0,1,LN003519,Auto,162620.0,36,17.26,5818.91,8.76,8.8,0,Good,Rented,South,Approved,Non-Default
CUST003520,Male,30,Postgraduate,Unemployed,Married,1,28036.0,756.0,1,LN003520,Home,75024.0,36,14.01,2564.51,10.13,4.1,0,Excellent,Owned,South,Approved,Non-Default
CUST003521,Male,45,Graduate,Self-employed,Married,0,58696.0,738.0,1,LN003521,Personal,60694.0,36,15.98,2133.22,13.93,11.8,0,Excellent,Rented,South,Approved,Non-Default
CUST003522,Female,38,Postgraduate,Salaried,Married,0,28560.0,695.0,0,LN003522,Business,463584.0,36,13.38,15704.96,68.36,10.7,0,Good,Owned,West,Rejected,Non-Default
CUST003523,Female,36,Graduate,Salaried,Divorced,2,72599.0,685.0,1,LN003523,Education,43398.0,60,15.0,1032.44,5.0,9.1,1,Good,Rented,South,Approved,Non-Default
CUST003524,Female,55,High School,Self-employed,Married,1,53340.0,668.0,0,LN003524,Education,224040.0,60,15.25,5359.34,10.43,15.0,0,Good,Rented,East,Approved,Non-Default
CUST003525,Male,26,High School,Salaried,Married,2,45913.0,639.0,0,LN003525,Home,114864.0,36,14.08,3930.24,16.81,5.6,0,Fair,Mortgage,North,Approved,Non-Default
CUST003526,Female,21,Postgraduate,Salaried,Married,1,105487.0,679.0,3,LN003526,Personal,185048.0,48,17.16,5354.9,23.94,5.0,0,Good,Owned,East,Approved,Non-Default
CUST003527,Male,45,High School,Salaried,Married,0,36439.0,850.0,3,LN003527,Auto,60009.0,48,13.24,1617.05,5.0,12.9,0,Excellent,Owned,South,Approved,Non-Default
CUST003528,Male,48,Graduate,Salaried,Married,2,65757.0,686.0,2,LN003528,Personal,156836.0,60,17.18,3912.97,9.86,3.2,0,Good,Owned,South,Approved,Non-Default
CUST003529,Male,42,High School,Unemployed,Single,1,55387.0,769.0,0,LN003529,Home,82854.0,48,13.07,2225.65,15.28,7.0,0,Excellent,Rented,East,Rejected,Non-Default
CUST003530,Male,40,Graduate,Salaried,Married,2,70342.0,623.0,0,LN003530,Home,153521.0,12,15.02,13858.0,23.82,3.2,0,Fair,Owned,South,Rejected,Non-Default
CUST003531,Female,41,High School,Salaried,Single,3,68696.0,702.0,1,LN003531,Home,97734.0,36,13.63,3322.78,5.0,0.0,0,Excellent,Rented,South,Rejected,Default
CUST003532,Female,61,Graduate,Salaried,Married,0,45753.0,683.0,1,LN003532,Personal,208388.0,36,14.34,7156.67,27.01,5.9,0,Good,Rented,East,Approved,Non-Default
CUST003533,Female,48,Postgraduate,Salaried,Single,0,48840.0,832.0,1,LN003533,Personal,251383.0,48,13.4,6793.99,30.33,9.2,1,Excellent,Rented,West,Approved,Default
CUST003534,Male,37,Graduate,Salaried,Married,0,59856.0,695.0,0,LN003534,Personal,355755.0,12,17.83,32586.84,75.0,7.3,0,Good,Owned,South,Approved,Non-Default
CUST003535,Male,34,Graduate,Salaried,Divorced,3,32223.0,741.0,3,LN003535,Home,63505.0,12,12.2,5648.29,24.99,9.8,0,Excellent,Rented,West,Approved,Non-Default
CUST003536,Male,46,Graduate,Unemployed,Single,3,28711.0,651.0,0,LN003536,Personal,105220.0,36,16.8,3740.92,24.9,1.5,1,Good,Rented,North,Approved,Non-Default
CUST003537,Female,36,Graduate,Self-employed,Married,0,63276.0,648.0,0,LN003537,Personal,294409.0,36,16.69,10451.12,33.39,6.0,3,Fair,Rented,South,Approved,Non-Default
CUST003538,Female,39,Graduate,Self-employed,Single,0,72947.0,572.0,3,LN003538,Auto,308762.0,24,16.51,15193.3,36.63,7.0,1,Fair,Mortgage,South,Approved,Default
CUST003539,Female,39,Postgraduate,Unemployed,Single,1,46526.0,711.0,1,LN003539,Home,111373.0,36,14.14,3814.04,29.62,10.0,0,Excellent,Owned,North,Approved,Non-Default
CUST003540,Male,53,Graduate,Self-employed,Single,0,53178.0,585.0,2,LN003540,Personal,255998.0,36,17.06,9134.67,50.07,1.7,0,Fair,Mortgage,East,Approved,Non-Default
CUST003541,Male,41,High School,Salaried,Married,1,39031.0,788.0,1,LN003541,Home,226163.0,48,12.45,6005.83,27.17,16.2,1,Excellent,Owned,North,Approved,Non-Default
CUST003542,Male,26,Graduate,Self-employed,Married,1,122207.0,671.0,0,LN003542,Education,200735.0,12,16.09,18221.41,14.02,12.6,0,Good,Owned,West,Approved,Non-Default
CUST003543,Female,56,Postgraduate,Salaried,Single,1,133461.0,657.0,0,LN003543,Home,406001.0,48,14.89,11276.69,10.74,5.4,2,Good,Owned,West,Approved,Default
CUST003544,Male,32,Graduate,Self-employed,Single,0,41070.0,715.0,1,LN003544,Home,672056.0,12,13.1,60057.75,75.0,0.0,0,Excellent,Owned,East,Approved,Non-Default
CUST003545,Male,43,Postgraduate,Salaried,Married,0,79733.0,738.0,2,LN003545,Auto,89757.0,24,16.12,4399.93,14.99,15.4,0,Excellent,Owned,West,Approved,Non-Default
CUST003546,Female,51,Graduate,Salaried,Married,1,67792.0,682.0,1,LN003546,Personal,150013.0,48,17.16,4341.06,15.38,6.7,0,Good,Rented,East,Approved,Non-Default
CUST003547,Male,38,Graduate,Salaried,Single,1,43080.0,636.0,1,LN003547,Home,223979.0,24,14.53,10810.04,32.91,11.1,0,Fair,Rented,North,Rejected,Non-Default
CUST003548,Female,42,Graduate,Salaried,Single,1,73803.0,753.0,2,LN003548,Business,170969.0,24,13.76,8189.34,21.85,15.3,0,Excellent,Rented,North,Approved,Non-Default
CUST003549,Male,58,Graduate,Salaried,Married,0,55953.0,632.0,2,LN003549,Personal,181857.0,36,17.2,6501.81,24.5,7.3,0,Fair,Owned,South,Approved,Non-Default
CUST003550,Female,26,Graduate,Self-employed,Single,3,52290.0,706.0,2,LN003550,Business,234673.0,72,13.07,4719.52,16.67,2.4,1,Excellent,Mortgage,West,Approved,Default
CUST003551,Female,42,Graduate,Self-employed,Married,2,177734.0,655.0,0,LN003551,Home,92030.0,36,15.5,3212.83,12.27,16.6,0,Good,Rented,North,Approved,Non-Default
CUST003552,Female,57,High School,Unemployed,Single,0,64874.0,794.0,2,LN003552,Personal,451569.0,24,16.15,22142.6,43.46,0.6,0,Excellent,Mortgage,South,Rejected,Non-Default
CUST003553,Male,45,Graduate,Self-employed,Single,0,18000.0,700.0,0,LN003553,Personal,179975.0,36,17.34,6447.09,65.04,12.3,0,Excellent,Rented,West,Approved,Non-Default
CUST003554,Male,42,Graduate,Unemployed,Single,0,43425.0,706.0,0,LN003554,Personal,357998.0,36,16.11,12605.6,43.17,8.8,0,Excellent,Owned,East,Approved,Non-Default
CUST003555,Female,34,Graduate,Salaried,Married,1,61754.0,669.0,2,LN003555,Personal,301595.0,36,17.35,10805.29,41.12,0.2,0,Good,Mortgage,North,Approved,Non-Default
CUST003556,Female,32,Graduate,Unemployed,Divorced,1,89432.0,731.0,1,LN003556,Personal,275882.0,36,16.2,9726.46,19.34,5.4,0,Excellent,Mortgage,North,Approved,Non-Default
CUST003557,Female,36,Postgraduate,Self-employed,Married,0,35197.0,652.0,3,LN003557,Personal,198331.0,72,16.52,4359.15,5.0,12.5,0,Good,Rented,West,Approved,Non-Default
CUST003558,Female,46,Graduate,Salaried,Single,0,28961.0,722.0,0,LN003558,Auto,124182.0,24,15.2,6032.98,41.09,4.9,0,Excellent,Rented,North,Approved,Non-Default
CUST003559,Female,43,Postgraduate,Salaried,Single,2,49045.0,711.0,0,LN003559,Personal,101185.0,48,17.14,2927.03,19.3,8.6,0,Excellent,Rented,South,Approved,Non-Default
CUST003560,Female,40,Postgraduate,Salaried,Married,0,43737.0,768.0,2,LN003560,Personal,225533.0,12,16.17,20480.95,75.0,13.1,1,Excellent,Owned,West,Approved,Non-Default
CUST003561,Female,41,Postgraduate,Salaried,Married,0,38154.0,668.0,1,LN003561,Business,611016.0,24,16.36,30022.45,75.0,21.9,0,Good,Owned,East,Approved,Default
CUST003562,Female,43,Graduate,Self-employed,Single,1,58768.0,748.0,1,LN003562,Business,191704.0,36,15.45,6687.81,35.21,12.4,0,Excellent,Owned,North,Approved,Non-Default
CUST003563,Male,37,High School,Salaried,Single,2,65172.0,688.0,0,LN003563,Auto,240403.0,60,14.96,5714.12,20.27,16.1,0,Good,Rented,West,Approved,Non-Default
CUST003564,Male,49,High School,Self-employed,Divorced,2,114604.0,794.0,2,LN003564,Auto,141094.0,12,10.57,12441.84,30.27,15.5,0,Excellent,Rented,East,Approved,Non-Default
CUST003565,Male,47,Graduate,Unemployed,Married,0,141554.0,714.0,0,LN003565,Business,192027.0,36,16.55,6803.36,7.68,10.7,0,Excellent,Mortgage,South,Approved,Non-Default
CUST003566,Female,33,Graduate,Unemployed,Divorced,1,54582.0,622.0,0,LN003566,Personal,251585.0,36,17.55,9038.71,34.17,6.7,3,Fair,Owned,East,Approved,Default
CUST003567,Female,40,High School,Salaried,Divorced,1,24147.0,716.0,0,LN003567,Personal,312579.0,36,17.14,11166.09,69.89,9.2,0,Excellent,Rented,East,Approved,Default
CUST003568,Female,33,Postgraduate,Salaried,Married,0,45905.0,767.0,0,LN003568,Education,166274.0,48,11.77,4359.88,22.33,0.3,1,Excellent,Rented,North,Approved,Default
CUST003569,Male,40,High School,Salaried,Married,2,65507.0,691.0,2,LN003569,Personal,185221.0,36,17.23,6624.86,32.97,7.9,0,Good,Owned,North,Approved,Non-Default
CUST003570,Female,55,Graduate,Unemployed,Married,0,50741.0,631.0,2,LN003570,Personal,109636.0,60,17.85,2775.1,13.28,5.5,2,Fair,Rented,North,Approved,Default
CUST003571,Male,31,High School,Self-employed,Single,0,72000.0,615.0,1,LN003571,Home,386439.0,24,16.22,18961.9,34.56,2.0,0,Fair,Owned,East,Approved,Non-Default
CUST003572,Male,38,High School,Salaried,Single,0,24729.0,651.0,2,LN003572,Education,334116.0,48,16.53,9559.88,51.52,15.4,0,Good,Rented,South,Approved,Non-Default
CUST003573,Female,28,Graduate,Salaried,Single,2,102974.0,680.0,0,LN003573,Home,146972.0,36,15.2,5109.24,8.32,10.1,1,Good,Owned,North,Approved,Non-Default
CUST003574,Male,33,Graduate,Salaried,Single,1,78697.0,660.0,0,LN003574,Home,167296.0,12,12.22,14881.27,27.76,13.0,0,Good,Rented,North,Approved,Non-Default
CUST003575,Male,47,High School,Salaried,Single,2,62257.0,650.0,0,LN003575,Home,70455.0,24,13.64,3370.78,15.12,10.2,0,Good,Owned,North,Rejected,Default
CUST003576,Male,38,High School,Unemployed,Married,0,43602.0,597.0,1,LN003576,Home,88540.0,36,14.65,3054.11,5.0,16.8,0,Fair,Mortgage,North,Approved,Non-Default
CUST003577,Male,49,High School,Salaried,Married,1,43301.0,693.0,1,LN003577,Home,57542.0,24,15.46,2802.61,5.0,2.7,0,Good,Owned,East,Approved,Non-Default
CUST003578,Female,35,High School,Unemployed,Married,1,52718.0,763.0,0,LN003578,Personal,165279.0,60,15.19,3948.48,21.97,10.6,0,Excellent,Owned,West,Approved,Default
CUST003579,Male,34,Graduate,Self-employed,Married,0,84581.0,636.0,0,LN003579,Education,134764.0,36,16.81,4791.97,17.39,4.7,1,Fair,Owned,South,Approved,Non-Default
CUST003580,Male,48,Graduate,Self-employed,Single,1,134255.0,711.0,1,LN003580,Education,430522.0,72,14.53,8993.87,25.18,15.8,0,Excellent,Owned,East,Rejected,Non-Default
CUST003581,Male,39,Graduate,Salaried,Married,0,54002.0,761.0,1,LN003581,Personal,67706.0,24,17.83,3374.6,14.62,3.8,0,Excellent,Owned,South,Approved,Non-Default
CUST003582,Female,37,High School,Salaried,Single,0,75880.0,639.0,0,LN003582,Personal,86166.0,60,17.75,2176.35,21.95,13.4,2,Fair,Mortgage,North,Rejected,Non-Default
CUST003583,Female,33,Postgraduate,Salaried,Married,2,77448.0,684.0,1,LN003583,Home,58866.0,12,16.67,5359.64,5.0,10.1,0,Good,Mortgage,West,Approved,Non-Default
CUST003584,Male,36,Graduate,Salaried,Single,1,64467.0,598.0,0,LN003584,Home,87144.0,12,15.86,7900.88,19.64,7.3,0,Fair,Owned,South,Approved,Non-Default
CUST003585,Male,36,High School,Salaried,Married,0,57207.0,689.0,0,LN003585,Education,757246.0,72,16.44,16610.05,33.32,10.9,2,Good,Rented,North,Approved,Non-Default
CUST003586,Female,51,High School,Self-employed,Married,2,45687.0,710.0,1,LN003586,Home,37444.0,12,12.93,3343.17,12.74,7.3,2,Excellent,Owned,North,Approved,Non-Default
CUST003587,Male,50,Graduate,Salaried,Single,0,48677.0,601.0,0,LN003587,Home,99179.0,60,14.15,2315.44,6.48,7.5,1,Fair,Owned,East,Approved,Non-Default
CUST003588,Female,38,Graduate,Self-employed,Single,1,45438.0,622.0,3,LN003588,Personal,134747.0,36,16.83,4792.71,18.56,0.0,1,Fair,Rented,South,Rejected,Default
CUST003589,Male,50,Graduate,Self-employed,Married,2,80935.0,717.0,1,LN003589,Home,58523.0,36,13.02,1972.43,14.7,12.0,0,Excellent,Owned,East,Rejected,Non-Default
CUST003590,Male,21,Graduate,Self-employed,Married,2,58763.0,667.0,0,LN003590,Personal,263190.0,36,16.77,9353.34,22.36,5.0,0,Good,Mortgage,South,Rejected,Non-Default
CUST003591,Female,58,Graduate,Self-employed,Married,1,38031.0,689.0,1,LN003591,Auto,277138.0,36,13.86,9453.09,37.24,9.7,0,Good,Mortgage,West,Approved,Non-Default
CUST003592,Male,47,High School,Salaried,Married,1,48110.0,668.0,1,LN003592,Home,159960.0,48,15.12,4461.54,11.66,10.8,0,Good,Rented,East,Approved,Default
CUST003593,Female,36,High School,Salaried,Married,1,66240.0,612.0,2,LN003593,Home,96274.0,36,16.24,3396.13,5.0,0.0,0,Fair,Mortgage,East,Approved,Default
CUST003594,Male,47,Graduate,Salaried,Single,0,39665.0,732.0,0,LN003594,Personal,156114.0,48,15.71,4401.16,30.16,4.2,0,Excellent,Mortgage,North,Rejected,Non-Default
CUST003595,Female,37,Postgraduate,Salaried,Married,0,26041.0,601.0,2,LN003595,Education,333992.0,36,16.08,11755.36,75.0,18.3,0,Fair,Mortgage,South,Approved,Default
CUST003596,Female,33,Graduate,Salaried,Married,1,82139.0,773.0,0,LN003596,Auto,137334.0,36,12.96,4624.68,12.29,10.3,0,Excellent,Rented,South,Rejected,Non-Default
CUST003597,Female,37,High School,Salaried,Married,0,81973.0,689.0,2,LN003597,Personal,224540.0,12,17.45,20527.1,40.32,11.0,0,Good,Mortgage,East,Approved,Non-Default
CUST003598,Male,45,High School,Self-employed,Divorced,0,118283.0,635.0,0,LN003598,Auto,373977.0,48,15.8,10560.35,18.17,3.6,1,Fair,Rented,North,Approved,Non-Default
CUST003599,Female,39,High School,Salaried,Married,0,71619.0,584.0,0,LN003599,Personal,376749.0,36,17.48,13522.3,24.23,1.6,0,Fair,Owned,West,Approved,Non-Default
CUST003600,Female,46,Graduate,Unemployed,Married,2,42600.0,674.0,2,LN003600,Personal,158083.0,72,15.85,3416.07,19.57,1.7,0,Good,Rented,East,Approved,Non-Default
CUST003601,Male,44,High School,Unemployed,Single,2,52006.0,637.0,1,LN003601,Education,156057.0,36,14.15,5345.03,17.35,4.1,0,Fair,Owned,East,Approved,Non-Default
CUST003602,Female,40,High School,Salaried,Single,2,54829.0,743.0,0,LN003602,Business,136218.0,24,14.68,6584.06,25.04,3.3,0,Excellent,Owned,North,Approved,Non-Default
CUST003603,Male,46,Graduate,Salaried,Single,1,27807.0,726.0,0,LN003603,Auto,428397.0,60,16.02,10422.34,64.52,12.1,0,Excellent,Rented,South,Approved,Non-Default
CUST003604,Female,52,Graduate,Salaried,Married,1,61964.0,670.0,0,LN003604,Education,192130.0,48,15.29,5375.41,19.63,0.0,0,Good,Owned,East,Approved,Non-Default
CUST003605,Male,53,Graduate,Salaried,Single,2,82573.0,679.0,0,LN003605,Personal,72576.0,48,14.63,2006.26,8.08,13.7,0,Good,Mortgage,West,Approved,Non-Default
CUST003606,Female,33,Graduate,Unemployed,Married,0,28298.0,661.0,1,LN003606,Business,141612.0,72,15.72,3050.04,31.08,9.5,0,Good,Rented,North,Rejected,Non-Default
CUST003607,Male,40,Graduate,Self-employed,Single,0,56601.0,634.0,2,LN003607,Personal,233153.0,60,14.84,5527.13,19.1,15.1,0,Fair,Rented,West,Approved,Non-Default
CUST003608,Female,37,Graduate,Unemployed,Single,3,88714.0,725.0,0,LN003608,Personal,171066.0,60,15.56,4120.11,18.51,15.6,0,Excellent,Owned,North,Approved,Non-Default
CUST003609,Male,43,Graduate,Unemployed,Married,0,33883.0,708.0,1,LN003609,Auto,59300.0,60,14.55,1396.77,14.79,11.7,0,Excellent,Owned,East,Approved,Non-Default
CUST003610,Male,62,High School,Self-employed,Single,3,52292.0,664.0,2,LN003610,Home,195999.0,36,15.91,6882.04,25.93,4.6,1,Good,Rented,East,Rejected,Non-Default
CUST003611,Female,35,Graduate,Unemployed,Married,0,54700.0,651.0,1,LN003611,Business,517047.0,48,12.71,13796.77,46.32,2.7,1,Good,Mortgage,South,Approved,Non-Default
CUST003612,Male,43,High School,Unemployed,Single,1,29303.0,788.0,0,LN003612,Education,134653.0,60,14.81,3189.97,12.89,14.3,0,Excellent,Rented,West,Approved,Non-Default
CUST003613,Female,51,High School,Salaried,Married,0,217811.0,632.0,2,LN003613,Auto,81318.0,48,16.38,2320.43,18.91,13.8,0,Fair,Owned,North,Approved,Non-Default
CUST003614,Female,55,High School,Salaried,Married,1,53063.0,716.0,1,LN003614,Personal,567622.0,12,17.23,51831.8,75.0,14.9,0,Excellent,Rented,East,Approved,Non-Default
CUST003615,Male,45,Graduate,Salaried,Divorced,2,36875.0,705.0,0,LN003615,Business,677319.0,60,15.58,16320.31,59.22,23.6,0,Excellent,Owned,West,Approved,Non-Default
CUST003616,Male,32,High School,Unemployed,Single,2,48987.0,729.0,0,LN003616,Home,103745.0,36,14.11,3551.3,19.44,12.0,1,Excellent,Mortgage,North,Approved,Non-Default
CUST003617,Female,37,High School,Salaried,Married,1,35004.0,649.0,1,LN003617,Personal,81868.0,36,15.53,2859.28,25.32,14.3,0,Fair,Mortgage,North,Approved,Non-Default
CUST003618,Female,41,Graduate,Salaried,Single,0,50182.0,646.0,0,LN003618,Home,227302.0,36,14.11,7780.79,26.57,9.2,2,Fair,Rented,South,Approved,Non-Default
CUST003619,Male,40,High School,Unemployed,Single,0,70424.0,630.0,1,LN003619,Personal,65129.0,24,17.96,3250.25,9.87,5.2,0,Fair,Rented,West,Rejected,Non-Default
CUST003620,Female,63,Graduate,Unemployed,Married,1,72226.0,600.0,0,LN003620,Personal,107779.0,24,17.26,5342.31,18.83,11.4,0,Fair,Mortgage,East,Approved,Non-Default
CUST003621,Male,44,Graduate,Self-employed,Married,0,49483.0,776.0,0,LN003621,Home,32999.0,60,14.93,783.83,17.32,9.3,1,Excellent,Owned,West,Approved,Non-Default
CUST003622,Male,52,High School,Self-employed,Married,2,22328.0,723.0,1,LN003622,Auto,147065.0,24,15.69,7179.0,40.27,13.8,0,Excellent,Mortgage,West,Rejected,Non-Default
CUST003623,Female,25,High School,Self-employed,Single,0,18666.0,620.0,1,LN003623,Auto,224851.0,60,16.86,5571.21,45.29,11.6,0,Fair,Rented,West,Rejected,Non-Default
CUST003624,Male,50,Graduate,Self-employed,Married,0,65328.0,677.0,1,LN003624,Business,536852.0,60,15.04,12782.95,26.33,17.1,0,Good,Rented,North,Rejected,Non-Default
CUST003625,Female,45,High School,Salaried,Married,0,86374.0,769.0,1,LN003625,Personal,179133.0,72,16.1,3895.59,21.64,10.8,0,Excellent,Mortgage,North,Approved,Non-Default
CUST003626,Male,26,Graduate,Salaried,Married,2,32995.0,724.0,2,LN003626,Business,187800.0,24,16.28,9220.42,36.33,4.0,0,Excellent,Mortgage,North,Approved,Default
CUST003627,Female,36,High School,Self-employed,Married,0,85940.0,678.0,2,LN003627,Personal,219828.0,12,17.59,20110.96,34.02,7.6,1,Good,Rented,West,Approved,Non-Default
CUST003628,Male,44,Graduate,Self-employed,Single,1,68189.0,678.0,0,LN003628,Personal,381720.0,60,15.05,9091.11,33.57,9.6,0,Good,Rented,South,Approved,Non-Default
CUST003629,Female,43,Postgraduate,Salaried,Married,0,58640.0,764.0,2,LN003629,Personal,351004.0,36,13.49,11909.72,40.15,13.7,0,Excellent,Rented,East,Rejected,Non-Default
CUST003630,Female,53,Graduate,Salaried,Married,0,74415.0,673.0,2,LN003630,Personal,361719.0,60,16.69,8929.47,20.51,7.4,0,Good,Rented,North,Approved,Non-Default
CUST003631,Male,22,High School,Salaried,Single,1,66380.0,825.0,0,LN003631,Auto,235606.0,60,13.03,5364.38,15.04,15.0,0,Excellent,Mortgage,West,Approved,Non-Default
CUST003632,Male,39,Graduate,Unemployed,Single,2,65584.0,770.0,0,LN003632,Business,125356.0,24,15.96,6135.42,17.64,0.1,1,Excellent,Mortgage,East,Approved,Non-Default
CUST003633,Female,23,Graduate,Self-employed,Married,0,24189.0,611.0,0,LN003633,Auto,387945.0,60,14.44,9115.54,65.75,3.9,1,Fair,Rented,South,Approved,Default
CUST003634,Male,42,Graduate,Self-employed,Married,2,38786.0,603.0,2,LN003634,Home,164475.0,12,12.61,14660.38,55.66,5.4,1,Fair,Owned,South,Approved,Default
CUST003635,Male,34,High School,Unemployed,Married,0,35040.0,679.0,1,LN003635,Auto,350889.0,48,12.48,9323.17,39.83,8.8,2,Good,Owned,West,Approved,Non-Default
CUST003636,Female,48,Postgraduate,Self-employed,Married,2,74684.0,653.0,2,LN003636,Auto,212169.0,48,12.62,5652.03,24.86,4.6,0,Good,Rented,West,Rejected,Non-Default
CUST003637,Male,36,Postgraduate,Salaried,Single,1,38728.0,498.0,2,LN003637,Business,74589.0,48,16.38,2128.42,8.65,10.9,0,Poor,Owned,West,Rejected,Non-Default
CUST003638,Female,35,Postgraduate,Self-employed,Single,1,87061.0,777.0,1,LN003638,Personal,75381.0,12,14.54,6787.41,21.24,11.7,1,Excellent,Owned,West,Rejected,Non-Default
CUST003639,Female,52,Postgraduate,Salaried,Single,3,70279.0,762.0,2,LN003639,Business,174887.0,72,13.18,3527.34,17.59,9.9,0,Excellent,Rented,East,Approved,Non-Default
CUST003640,Female,56,Postgraduate,Salaried,Divorced,1,91218.0,704.0,3,LN003640,Personal,179813.0,36,12.6,6024.03,11.84,4.4,0,Excellent,Mortgage,East,Approved,Non-Default
CUST003641,Male,27,High School,Salaried,Married,1,63617.0,765.0,0,LN003641,Home,126982.0,24,11.7,5959.71,13.64,5.3,0,Excellent,Mortgage,North,Approved,Non-Default
CUST003642,Female,31,Postgraduate,Self-employed,Married,1,81088.0,674.0,0,LN003642,Personal,275054.0,24,17.43,13656.19,20.88,3.7,1,Good,Rented,East,Approved,Non-Default
CUST003643,Male,40,Graduate,Salaried,Single,0,30862.0,649.0,2,LN003643,Auto,147851.0,12,14.45,13306.44,46.42,11.0,2,Fair,Mortgage,South,Approved,Default
CUST003644,Female,45,Graduate,Salaried,Divorced,1,79352.0,676.0,2,LN003644,Auto,211464.0,24,15.81,10334.75,5.87,13.5,2,Good,Mortgage,South,Approved,Non-Default
CUST003645,Male,50,Graduate,Salaried,Married,3,56234.0,661.0,0,LN003645,Auto,103789.0,24,15.09,5036.82,22.22,10.1,0,Good,Owned,South,Approved,Non-Default
CUST003646,Male,47,Graduate,Self-employed,Married,0,18000.0,727.0,0,LN003646,Home,350868.0,60,11.74,7758.84,44.54,0.0,0,Excellent,Mortgage,South,Approved,Default
CUST003647,Male,58,Graduate,Salaried,Married,1,40326.0,756.0,1,LN003647,Personal,134776.0,24,15.23,6549.57,29.9,16.2,0,Excellent,Rented,West,Approved,Non-Default
CUST003648,Female,42,Graduate,Unemployed,Single,0,40879.0,731.0,1,LN003648,Business,272316.0,36,15.8,9546.96,29.44,9.8,0,Excellent,Owned,North,Approved,Default
CUST003649,Male,56,Graduate,Salaried,Single,2,31772.0,517.0,2,LN003649,Business,221433.0,24,17.49,11000.36,46.24,14.6,0,Poor,Owned,West,Approved,Default
CUST003650,Female,61,Graduate,Salaried,Married,1,128452.0,676.0,0,LN003650,Home,584991.0,36,13.66,19897.14,24.21,15.5,1,Good,Rented,South,Approved,Default
CUST003651,Female,48,Graduate,Salaried,Divorced,3,46073.0,698.0,1,LN003651,Home,358868.0,72,13.86,7367.86,22.18,7.1,0,Good,Rented,East,Approved,Non-Default
CUST003652,Male,41,Graduate,Self-employed,Married,0,71023.0,692.0,2,LN003652,Personal,76979.0,48,16.31,2193.85,5.0,3.0,0,Good,Owned,East,Approved,Non-Default
CUST003653,Female,32,Graduate,Salaried,Married,0,78625.0,625.0,0,LN003653,Personal,662070.0,48,16.28,18858.33,44.01,1.1,0,Fair,Owned,West,Approved,Non-Default
CUST003654,Female,44,Graduate,Salaried,Married,0,38484.0,702.0,2,LN003654,Home,168719.0,12,13.45,15105.17,71.51,10.5,3,Excellent,Rented,North,Approved,Default
CUST003655,Male,41,High School,Salaried,Married,1,47615.0,775.0,1,LN003655,Education,209060.0,24,12.9,9929.28,37.64,22.8,0,Excellent,Owned,South,Approved,Non-Default
CUST003656,Male,54,Graduate,Salaried,Married,0,76552.0,637.0,0,LN003656,Home,26121.0,48,15.22,729.88,5.0,4.0,0,Fair,Owned,North,Approved,Non-Default
CUST003657,Female,46,Graduate,Salaried,Single,0,42180.0,677.0,0,LN003657,Home,175627.0,12,14.64,15821.98,52.1,4.2,0,Good,Mortgage,East,Approved,Non-Default
CUST003658,Male,39,Graduate,Salaried,Married,2,85211.0,600.0,0,LN003658,Business,94645.0,60,17.26,2365.42,8.63,7.5,2,Fair,Owned,West,Approved,Non-Default
CUST003659,Male,49,High School,Self-employed,Married,0,30921.0,643.0,1,LN003659,Home,79344.0,60,15.45,1906.38,8.59,17.9,1,Fair,Rented,North,Approved,Non-Default
CUST003660,Female,30,Graduate,Unemployed,Married,1,56480.0,564.0,0,LN003660,Business,144499.0,36,16.78,5135.98,14.11,5.7,0,Fair,Mortgage,West,Approved,Default
CUST003661,Female,66,Graduate,Salaried,Divorced,1,74556.0,648.0,1,LN003661,Home,93080.0,48,14.86,2583.89,5.0,11.5,0,Fair,Owned,East,Approved,Non-Default
CUST003662,Male,39,High School,Unemployed,Married,2,47078.0,601.0,1,LN003662,Education,163864.0,48,17.42,4763.98,13.07,0.0,0,Fair,Owned,West,Rejected,Default
CUST003663,Male,53,Postgraduate,Salaried,Single,0,56816.0,817.0,0,LN003663,Personal,276523.0,36,13.34,9362.5,32.33,20.1,0,Excellent,Rented,East,Rejected,Non-Default
CUST003664,Male,22,Graduate,Self-employed,Divorced,3,39838.0,571.0,1,LN003664,Business,216746.0,36,16.0,7620.15,42.64,13.4,1,Fair,Rented,South,Approved,Default
CUST003665,Female,47,High School,Salaried,Married,1,53845.0,703.0,1,LN003665,Home,108319.0,24,15.61,5283.47,16.53,3.1,0,Excellent,Mortgage,North,Approved,Non-Default
CUST003666,Female,34,Graduate,Salaried,Married,0,37235.0,690.0,1,LN003666,Personal,55414.0,24,15.94,2711.65,9.79,0.9,0,Good,Rented,South,Rejected,Non-Default
CUST003667,Female,32,High School,Salaried,Single,2,93205.0,812.0,2,LN003667,Business,362836.0,24,11.74,17035.93,26.83,8.4,0,Excellent,Mortgage,South,Approved,Non-Default
CUST003668,Female,42,High School,Salaried,Married,1,87696.0,711.0,0,LN003668,Personal,163744.0,12,18.13,15022.18,28.08,4.0,0,Excellent,Owned,West,Approved,Non-Default
CUST003669,Male,53,Postgraduate,Salaried,Married,1,93168.0,652.0,1,LN003669,Personal,99369.0,48,17.33,2884.29,16.76,11.4,0,Good,Rented,North,Rejected,Non-Default
CUST003670,Female,33,Graduate,Salaried,Married,0,72545.0,791.0,2,LN003670,Home,273789.0,48,13.24,7377.73,21.1,7.2,1,Excellent,Rented,East,Approved,Non-Default
CUST003671,Male,56,High School,Salaried,Married,0,53983.0,713.0,1,LN003671,Home,97419.0,72,14.0,2007.39,13.98,11.8,0,Excellent,Rented,West,Approved,Default
CUST003672,Female,55,Graduate,Salaried,Married,2,63337.0,700.0,2,LN003672,Business,235819.0,24,15.42,11481.19,28.63,11.1,0,Excellent,Mortgage,South,Approved,Non-Default
CUST003673,Male,39,Graduate,Salaried,Married,1,52480.0,656.0,0,LN003673,Home,224268.0,48,15.06,6248.37,17.98,4.3,0,Good,Owned,North,Approved,Non-Default
CUST003674,Male,35,Graduate,Unemployed,Married,2,171216.0,774.0,1,LN003674,Personal,1031406.0,24,16.44,50717.95,35.93,15.3,0,Excellent,Owned,West,Approved,Default
CUST003675,Female,32,High School,Salaried,Single,1,43921.0,698.0,1,LN003675,Home,73293.0,48,15.88,2072.64,13.39,0.0,1,Good,Rented,West,Approved,Non-Default
CUST003676,Female,24,Graduate,Self-employed,Married,1,89503.0,620.0,0,LN003676,Home,157502.0,48,14.15,4315.84,21.8,11.3,1,Fair,Rented,North,Approved,Default
CUST003677,Male,54,High School,Salaried,Single,0,90108.0,662.0,0,LN003677,Personal,93252.0,24,16.76,4599.84,20.5,0.0,0,Good,Rented,West,Rejected,Non-Default
CUST003678,Female,47,Graduate,Self-employed,Married,0,47554.0,691.0,2,LN003678,Auto,273768.0,60,14.53,6445.58,15.18,8.3,1,Good,Rented,South,Rejected,Non-Default
CUST003679,Male,28,Postgraduate,Salaried,Married,3,74260.0,731.0,2,LN003679,Home,112896.0,12,11.74,10016.95,28.29,5.1,0,Excellent,Rented,South,Approved,Non-Default
CUST003680,Male,25,Graduate,Self-employed,Married,0,60833.0,783.0,0,LN003680,Home,94070.0,36,14.04,3216.92,34.78,16.1,0,Excellent,Rented,East,Approved,Default
CUST003681,Female,43,Graduate,Salaried,Single,1,86186.0,728.0,1,LN003681,Home,325943.0,72,14.14,6740.76,29.48,1.2,0,Excellent,Owned,East,Rejected,Default
CUST003682,Male,53,High School,Self-employed,Married,0,40109.0,842.0,1,LN003682,Home,191766.0,12,15.21,17327.48,49.49,12.6,0,Excellent,Rented,North,Approved,Non-Default
CUST003683,Male,48,Graduate,Self-employed,Married,2,62683.0,628.0,1,LN003683,Auto,158431.0,36,15.46,5527.82,20.05,5.5,1,Fair,Owned,East,Approved,Non-Default
CUST003684,Male,46,Graduate,Self-employed,Single,0,56793.0,795.0,1,LN003684,Home,205287.0,36,11.98,6816.51,34.57,11.8,1,Excellent,Owned,South,Rejected,Non-Default
CUST003685,Female,46,Graduate,Salaried,Single,1,39060.0,705.0,0,LN003685,Business,207405.0,60,16.47,5095.63,28.19,3.7,0,Excellent,Mortgage,North,Approved,Non-Default
CUST003686,Male,21,Postgraduate,Unemployed,Married,1,33628.0,654.0,2,LN003686,Business,157243.0,60,16.76,3887.63,5.0,2.5,0,Good,Mortgage,East,Rejected,Non-Default
CUST003687,Female,36,Graduate,Unemployed,Married,0,73873.0,716.0,1,LN003687,Education,198310.0,72,12.71,3950.61,20.61,2.5,0,Excellent,Rented,East,Approved,Non-Default
CUST003688,Male,39,Graduate,Salaried,Married,2,43036.0,787.0,0,LN003688,Personal,395967.0,12,15.21,35778.56,75.0,14.3,0,Excellent,Owned,South,Approved,Non-Default
CUST003689,Female,40,High School,Salaried,Married,0,34144.0,648.0,1,LN003689,Home,601036.0,36,16.29,21216.8,75.0,1.2,0,Fair,Rented,East,Approved,Non-Default
CUST003690,Male,24,High School,Self-employed,Single,0,64818.0,687.0,2,LN003690,Home,66147.0,48,13.37,1786.73,10.88,14.5,1,Good,Rented,West,Rejected,Non-Default
CUST003691,Female,38,Postgraduate,Salaried,Single,1,79557.0,664.0,1,LN003691,Business,531598.0,48,15.21,14851.42,33.86,11.4,0,Good,Owned,South,Approved,Non-Default
CUST003692,Male,46,High School,Unemployed,Single,3,59981.0,641.0,0,LN003692,Personal,66413.0,36,16.75,2359.55,16.12,8.7,1,Fair,Mortgage,North,Approved,Non-Default
CUST003693,Male,21,Graduate,Salaried,Single,0,92874.0,647.0,0,LN003693,Business,413122.0,60,17.15,10300.5,22.34,0.0,0,Fair,Rented,South,Approved,Non-Default
CUST003694,Male,35,Graduate,Salaried,Single,3,28410.0,616.0,1,LN003694,Business,235691.0,60,17.57,5930.01,39.08,15.5,0,Fair,Owned,North,Approved,Non-Default
CUST003695,Female,49,Postgraduate,Salaried,Single,3,68488.0,648.0,1,LN003695,Auto,58186.0,36,14.57,2004.81,5.25,7.2,0,Fair,Owned,West,Rejected,Non-Default
CUST003696,Male,41,Graduate,Salaried,Single,1,42959.0,685.0,2,LN003696,Business,514863.0,12,14.83,46429.37,75.0,12.7,2,Good,Owned,West,Rejected,Default
CUST003697,Female,48,Graduate,Unemployed,Married,3,61872.0,737.0,1,LN003697,Home,58994.0,24,13.02,2805.24,7.95,0.0,3,Excellent,Rented,East,Approved,Default
CUST003698,Female,36,High School,Salaried,Divorced,2,21125.0,590.0,2,LN003698,Auto,102879.0,36,15.6,3596.64,32.96,3.3,0,Fair,Rented,East,Approved,Default
CUST003699,Female,37,Graduate,Salaried,Divorced,0,90161.0,700.0,1,LN003699,Home,213859.0,24,14.18,10286.18,25.06,0.0,0,Excellent,Owned,West,Rejected,Default
CUST003700,Female,24,High School,Salaried,Married,0,77093.0,683.0,2,LN003700,Home,371778.0,60,13.83,8617.89,20.93,3.9,0,Good,Owned,North,Rejected,Non-Default
CUST003701,Male,51,Graduate,Salaried,Married,2,23176.0,724.0,1,LN003701,Home,98595.0,24,14.19,4742.68,31.43,13.7,0,Excellent,Rented,East,Approved,Non-Default
CUST003702,Female,46,High School,Salaried,Married,3,40891.0,630.0,0,LN003702,Business,138530.0,48,15.44,3886.36,20.31,3.5,0,Fair,Owned,West,Approved,Non-Default
CUST003703,Female,44,Postgraduate,Self-employed,Married,0,45762.0,745.0,0,LN003703,Home,170355.0,12,15.44,15411.35,40.49,4.8,0,Excellent,Rented,West,Approved,Non-Default
CUST003704,Female,27,Graduate,Unemployed,Single,2,33638.0,638.0,1,LN003704,Personal,121093.0,48,17.2,3506.69,28.01,0.3,0,Fair,Rented,North,Approved,Non-Default
CUST003705,Female,55,High School,Salaried,Married,2,34089.0,738.0,1,LN003705,Personal,46444.0,72,14.79,976.77,8.11,4.8,0,Excellent,Rented,West,Approved,Non-Default
CUST003706,Female,47,Graduate,Salaried,Married,2,44463.0,721.0,0,LN003706,Business,566299.0,36,14.88,19597.68,62.14,15.0,0,Excellent,Rented,East,Approved,Non-Default
CUST003707,Male,48,Graduate,Self-employed,Divorced,3,28983.0,597.0,2,LN003707,Education,235785.0,60,14.48,5545.16,37.98,8.8,0,Fair,Mortgage,South,Approved,Non-Default
CUST003708,Female,58,Graduate,Salaried,Single,1,102778.0,717.0,1,LN003708,Business,408192.0,36,16.57,14465.95,25.34,9.6,0,Excellent,Rented,South,Approved,Non-Default
CUST003709,Female,60,High School,Unemployed,Single,2,52680.0,724.0,1,LN003709,Home,455618.0,60,15.52,10963.88,44.4,7.2,0,Excellent,Mortgage,North,Approved,Non-Default
CUST003710,Female,33,Graduate,Salaried,Single,0,25008.0,619.0,2,LN003710,Auto,186036.0,48,15.19,5195.46,32.03,2.4,0,Fair,Rented,West,Approved,Default
CUST003711,Male,36,Graduate,Salaried,Married,1,30895.0,699.0,2,LN003711,Personal,43695.0,12,16.05,3965.52,28.76,9.3,0,Good,Mortgage,North,Approved,Non-Default
CUST003712,Male,33,High School,Salaried,Married,2,80277.0,607.0,0,LN003712,Auto,388751.0,24,15.48,18938.01,50.6,4.5,0,Fair,Owned,South,Approved,Non-Default
CUST003713,Male,22,Postgraduate,Self-employed,Married,0,72604.0,688.0,1,LN003713,Auto,139577.0,24,13.91,6695.56,32.02,8.9,0,Good,Rented,East,Approved,Non-Default
CUST003714,Male,36,Graduate,Self-employed,Married,0,37746.0,670.0,1,LN003714,Personal,94871.0,48,17.45,2759.64,19.14,1.0,0,Good,Rented,East,Approved,Non-Default
CUST003715,Male,28,Postgraduate,Salaried,Married,0,38622.0,811.0,2,LN003715,Business,197670.0,24,13.51,9445.01,27.47,9.3,0,Excellent,Owned,West,Approved,Non-Default
CUST003716,Female,52,High School,Self-employed,Divorced,1,79479.0,727.0,2,LN003716,Home,178662.0,48,14.24,4903.74,14.32,12.1,0,Excellent,Rented,South,Approved,Non-Default
CUST003717,Male,49,High School,Salaried,Single,2,51044.0,703.0,0,LN003717,Home,388236.0,60,13.27,8887.32,23.31,14.7,0,Excellent,Owned,West,Approved,Non-Default
CUST003718,Male,41,High School,Salaried,Single,0,93840.0,729.0,2,LN003718,Personal,888311.0,24,16.19,43575.16,71.02,9.3,1,Excellent,Rented,North,Rejected,Non-Default
CUST003719,Male,23,Graduate,Salaried,Married,2,41454.0,670.0,1,LN003719,Education,257250.0,36,14.13,8808.45,14.7,15.3,0,Good,Owned,North,Approved,Non-Default
CUST003720,Female,38,Graduate,Salaried,Married,0,41708.0,794.0,1,LN003720,Business,147270.0,36,12.58,4932.37,32.62,6.6,1,Excellent,Rented,East,Approved,Non-Default
CUST003721,Male,52,High School,Salaried,Married,0,63061.0,559.0,0,LN003721,Education,107989.0,60,17.29,2700.67,19.37,7.2,0,Fair,Rented,East,Approved,Non-Default
CUST003722,Female,31,Postgraduate,Salaried,Divorced,1,58515.0,624.0,1,LN003722,Business,631396.0,48,16.15,17942.48,36.96,3.9,2,Fair,Rented,West,Approved,Non-Default
CUST003723,Male,29,High School,Unemployed,Married,0,105562.0,719.0,0,LN003723,Auto,175761.0,48,14.18,4818.81,17.47,3.9,0,Excellent,Mortgage,East,Approved,Non-Default
CUST003724,Male,39,Graduate,Self-employed,Married,3,71625.0,629.0,1,LN003724,Personal,105602.0,12,17.15,9638.92,19.53,18.8,1,Fair,Rented,North,Approved,Non-Default
CUST003725,Male,36,High School,Self-employed,Married,0,104097.0,710.0,0,LN003725,Personal,68110.0,60,16.05,1658.11,5.0,7.1,0,Excellent,Owned,East,Approved,Non-Default
CUST003726,Female,51,High School,Salaried,Married,0,29026.0,566.0,1,LN003726,Business,117951.0,36,16.0,4146.81,17.99,18.1,0,Fair,Owned,East,Approved,Non-Default
CUST003727,Female,40,Graduate,Self-employed,Married,2,82082.0,736.0,1,LN003727,Auto,498960.0,72,15.15,10591.2,17.51,5.8,0,Excellent,Rented,South,Approved,Non-Default
CUST003728,Female,32,Graduate,Salaried,Married,0,39222.0,634.0,0,LN003728,Auto,279701.0,72,15.9,6051.84,28.97,9.6,0,Fair,Owned,North,Approved,Default
CUST003729,Female,44,Graduate,Salaried,Divorced,3,80231.0,712.0,0,LN003729,Home,320348.0,12,14.9,28898.96,57.99,7.5,1,Excellent,Rented,East,Approved,Non-Default
CUST003730,Female,36,Postgraduate,Self-employed,Divorced,2,29583.0,810.0,0,LN003730,Education,102447.0,36,12.36,3420.35,31.75,0.0,0,Excellent,Rented,West,Approved,Non-Default
CUST003731,Male,39,High School,Unemployed,Married,0,100712.0,740.0,1,LN003731,Home,169298.0,24,13.4,8080.58,18.87,12.5,0,Excellent,Rented,North,Approved,Non-Default
CUST003732,Male,42,Graduate,Salaried,Married,3,62394.0,678.0,2,LN003732,Home,117089.0,48,15.71,3300.97,10.92,12.6,0,Good,Mortgage,East,Approved,Non-Default
CUST003733,Male,53,High School,Self-employed,Divorced,0,42865.0,761.0,0,LN003733,Personal,148785.0,24,15.76,7267.93,34.43,2.7,0,Excellent,Owned,East,Approved,Non-Default
CUST003734,Female,46,Graduate,Unemployed,Married,1,52489.0,736.0,3,LN003734,Education,204048.0,48,13.41,5515.71,14.66,4.2,0,Excellent,Owned,South,Approved,Non-Default
CUST003735,Female,31,Graduate,Salaried,Single,2,56455.0,665.0,0,LN003735,Education,226290.0,36,13.69,7700.03,32.44,2.2,0,Good,Owned,West,Approved,Non-Default
CUST003736,Female,45,High School,Self-employed,Divorced,1,60282.0,725.0,1,LN003736,Personal,133833.0,36,16.52,4739.6,5.0,8.0,0,Excellent,Owned,North,Approved,Non-Default
CUST003737,Female,49,Graduate,Salaried,Single,0,47499.0,583.0,0,LN003737,Personal,118293.0,12,18.61,10879.47,39.42,0.0,0,Fair,Owned,South,Approved,Non-Default
CUST003738,Male,48,High School,Unemployed,Married,0,96509.0,690.0,1,LN003738,Auto,160277.0,72,13.51,3260.72,7.11,15.8,0,Good,Rented,South,Approved,Non-Default
CUST003739,Female,33,High School,Self-employed,Single,1,58504.0,766.0,0,LN003739,Home,204636.0,36,14.46,7039.78,17.77,11.9,0,Excellent,Mortgage,East,Approved,Non-Default
CUST003740,Male,42,Graduate,Self-employed,Single,1,85423.0,731.0,3,LN003740,Auto,203633.0,72,15.02,4308.03,20.89,13.9,1,Excellent,Owned,South,Approved,Non-Default
CUST003741,Male,42,Graduate,Self-employed,Married,3,41700.0,691.0,0,LN003741,Home,124710.0,12,15.38,11278.49,43.16,7.7,0,Good,Owned,South,Approved,Non-Default
CUST003742,Male,50,Graduate,Salaried,Married,1,33973.0,698.0,1,LN003742,Personal,111205.0,24,15.7,5429.02,22.51,4.9,0,Good,Rented,West,Approved,Non-Default
CUST003743,Male,28,High School,Salaried,Married,1,34539.0,827.0,2,LN003743,Personal,188659.0,24,12.24,8901.99,39.33,6.0,0,Excellent,Rented,South,Approved,Default
CUST003744,Male,44,High School,Self-employed,Divorced,2,95731.0,669.0,0,LN003744,Auto,292614.0,24,13.7,14007.81,17.11,0.0,1,Good,Rented,East,Rejected,Non-Default
CUST003745,Male,47,Graduate,Self-employed,Divorced,0,31848.0,702.0,0,LN003745,Personal,306377.0,24,14.66,14805.75,65.1,15.9,0,Excellent,Rented,West,Approved,Default
CUST003746,Male,33,Graduate,Self-employed,Married,2,76361.0,707.0,1,LN003746,Home,246826.0,36,13.45,8370.14,30.68,6.3,0,Excellent,Owned,South,Approved,Non-Default
CUST003747,Male,43,Graduate,Self-employed,Single,3,65109.0,644.0,0,LN003747,Business,114279.0,24,15.61,5574.18,14.86,7.1,0,Fair,Owned,South,Rejected,Non-Default
CUST003748,Male,30,Graduate,Self-employed,Divorced,2,31117.0,764.0,2,LN003748,Home,160702.0,36,12.32,5362.2,17.87,12.5,0,Excellent,Rented,East,Rejected,Non-Default
CUST003749,Female,36,Postgraduate,Salaried,Single,1,72615.0,505.0,1,LN003749,Education,42761.0,24,15.95,2092.69,8.13,8.3,3,Poor,Owned,South,Approved,Default
CUST003750,Female,27,Graduate,Salaried,Married,0,40856.0,718.0,0,LN003750,Auto,245078.0,48,13.15,6593.09,30.03,8.9,0,Excellent,Mortgage,North,Approved,Non-Default
CUST003751,Male,26,Graduate,Salaried,Divorced,1,66807.0,705.0,1,LN003751,Education,144771.0,24,15.41,7047.69,23.88,9.8,0,Excellent,Mortgage,South,Approved,Non-Default
CUST003752,Female,50,High School,Salaried,Married,0,34271.0,588.0,1,LN003752,Personal,598570.0,60,17.97,15189.98,73.32,9.5,1,Fair,Rented,North,Approved,Default
CUST003753,Female,48,Graduate,,Single,1,43981.0,720.0,1,LN003753,Business,395445.0,36,14.26,13565.36,51.85,12.9,0,Excellent,Rented,East,Approved,Default
CUST003754,Male,37,High School,Self-employed,Married,0,68150.0,591.0,0,LN003754,Home,312533.0,48,15.66,8802.95,18.63,0.0,0,Fair,Owned,West,Approved,Non-Default
CUST003755,Male,41,High School,Salaried,Single,0,42397.0,716.0,1,LN003755,Home,111213.0,48,14.11,3045.2,16.9,13.6,0,Excellent,Rented,South,Approved,Non-Default
CUST003756,Female,45,Postgraduate,Salaried,Married,2,37803.0,595.0,0,LN003756,Auto,73737.0,36,17.07,2631.49,20.79,12.7,0,Fair,Rented,South,Approved,Default
CUST003757,Male,50,High School,Self-employed,Single,1,103923.0,707.0,0,LN003757,Home,326977.0,48,13.78,8899.09,26.35,5.2,1,Excellent,Rented,South,Approved,Non-Default
CUST003758,Female,48,Graduate,Self-employed,Married,0,72710.0,612.0,1,LN003758,Personal,215191.0,48,19.58,6500.28,13.92,8.6,1,Fair,Owned,South,Approved,Non-Default
CUST003759,Male,45,Graduate,Self-employed,Married,0,78511.0,775.0,1,LN003759,Home,193547.0,24,12.51,9157.09,10.83,8.9,0,Excellent,Owned,West,Approved,Non-Default
CUST003760,Male,23,Graduate,Self-employed,Married,3,47275.0,719.0,1,LN003760,Personal,152370.0,48,16.91,4389.55,13.39,19.2,0,Excellent,Mortgage,North,Approved,Non-Default
CUST003761,Female,38,Graduate,Self-employed,Married,1,93893.0,696.0,0,LN003761,Personal,185109.0,48,16.51,5294.52,15.51,10.1,0,Good,Owned,West,Approved,Default
CUST003762,Female,53,Graduate,Salaried,Divorced,0,27316.0,682.0,2,LN003762,Personal,101344.0,60,16.21,2475.81,15.16,12.4,0,Good,Mortgage,West,Approved,Non-Default
CUST003763,Female,49,Graduate,Salaried,Single,0,42019.0,652.0,0,LN003763,Auto,218521.0,12,14.22,19643.0,73.69,0.1,0,Good,Owned,North,Approved,Non-Default
CUST003764,Female,46,Graduate,Salaried,Single,0,33512.0,704.0,1,LN003764,Personal,187143.0,24,15.27,9097.96,39.92,9.2,0,Excellent,Owned,East,Approved,Non-Default
CUST003765,Female,44,High School,Salaried,Single,2,57001.0,772.0,0,LN003765,Home,241081.0,60,11.43,5293.53,11.95,11.6,0,Excellent,Rented,West,Approved,Non-Default
CUST003766,Male,28,Postgraduate,Salaried,Single,1,108444.0,782.0,1,LN003766,Auto,203095.0,24,12.12,9571.77,20.41,5.3,0,Excellent,Mortgage,West,Approved,Non-Default
CUST003767,Male,35,Graduate,Salaried,Married,2,59752.0,590.0,0,LN003767,Personal,140075.0,48,19.37,4215.66,15.74,12.5,0,Fair,Owned,South,Approved,Non-Default
CUST003768,Male,45,High School,Salaried,Married,1,31571.0,663.0,3,LN003768,Personal,128043.0,24,15.97,6267.55,30.58,3.2,0,Good,Rented,West,Approved,Non-Default
CUST003769,Male,55,Graduate,Salaried,Single,1,83909.0,621.0,0,LN003769,Home,243515.0,24,16.26,11953.53,26.68,0.1,0,Fair,Owned,East,Approved,Non-Default
CUST003770,Male,49,Graduate,Salaried,Single,0,36529.0,625.0,2,LN003770,Personal,315905.0,36,15.29,10995.87,41.7,9.7,1,Fair,Owned,West,Approved,Non-Default
CUST003771,Female,51,Graduate,Salaried,Divorced,2,43852.0,707.0,1,LN003771,Home,326013.0,36,14.45,11213.74,37.09,8.1,0,Excellent,Rented,West,Approved,Non-Default
CUST003772,Female,45,Graduate,Salaried,Married,1,74736.0,758.0,2,LN003772,Education,187882.0,48,13.35,5073.1,19.56,14.6,0,Excellent,Rented,North,Rejected,Non-Default
CUST003773,Male,36,Graduate,Salaried,Married,0,41903.0,718.0,2,LN003773,Education,128037.0,48,14.22,3512.95,13.96,10.4,0,Excellent,Mortgage,West,Approved,Non-Default
CUST003774,Female,33,Postgraduate,Self-employed,Single,1,47254.0,729.0,1,LN003774,Home,168800.0,12,12.54,15040.35,42.89,19.7,0,Excellent,Mortgage,West,Approved,Non-Default
CUST003775,Female,31,Graduate,Self-employed,Single,3,32973.0,675.0,2,LN003775,Personal,305761.0,48,15.52,8590.37,33.11,10.3,0,Good,Mortgage,East,Approved,Non-Default
CUST003776,Female,23,High School,Salaried,Married,1,60885.0,677.0,0,LN003776,Business,111093.0,12,15.73,10065.37,40.22,10.6,0,Good,Owned,South,Approved,Non-Default
CUST003777,Female,30,High School,Salaried,Married,3,59561.0,597.0,0,LN003777,Home,42620.0,24,14.45,2055.38,7.12,8.5,1,Fair,Owned,North,Approved,Non-Default
CUST003778,Female,31,Postgraduate,Self-employed,Single,0,67274.0,658.0,0,LN003778,Personal,186058.0,24,19.02,9380.73,24.71,5.2,0,Good,Owned,East,Approved,Non-Default
CUST003779,Male,42,High School,Salaried,Divorced,1,41520.0,731.0,1,LN003779,Business,135246.0,48,16.86,3892.74,9.67,3.4,0,Excellent,Rented,South,Approved,Non-Default
CUST003780,Male,25,Graduate,Self-employed,Married,1,166939.0,650.0,0,LN003780,Home,175022.0,24,14.98,8484.57,29.04,3.1,0,Good,Rented,West,Approved,Non-Default
CUST003781,Male,30,High School,Salaried,Married,0,48902.0,687.0,2,LN003781,Home,234998.0,72,14.58,4915.59,16.66,6.0,0,Good,Mortgage,West,Approved,Non-Default
CUST003782,Female,39,Graduate,Self-employed,Single,3,48521.0,742.0,2,LN003782,Home,144309.0,60,13.25,3301.97,31.32,8.4,0,Excellent,Rented,West,Approved,Non-Default
CUST003783,Female,47,Postgraduate,Self-employed,Married,1,62834.0,786.0,1,LN003783,Business,249619.0,36,14.82,8631.14,22.22,11.8,1,Excellent,Rented,North,Approved,Non-Default
CUST003784,Female,36,Postgraduate,Self-employed,Divorced,1,91185.0,710.0,1,LN003784,Personal,406207.0,24,17.21,20124.81,37.21,9.6,0,Excellent,Mortgage,West,Approved,Non-Default
CUST003785,Male,43,Graduate,Salaried,Married,1,53269.0,669.0,0,LN003785,Business,208757.0,48,13.67,5670.1,22.26,4.2,1,Good,Owned,East,Approved,Non-Default
CUST003786,Female,44,Graduate,Salaried,Single,0,44803.0,697.0,0,LN003786,Business,92910.0,60,16.16,2267.3,8.45,16.5,0,Good,Rented,North,Rejected,Non-Default
CUST003787,Male,29,Graduate,Unemployed,Single,1,132508.0,628.0,1,LN003787,Personal,272930.0,24,18.96,13752.72,11.36,9.9,1,Fair,Mortgage,South,Approved,Default
CUST003788,Male,54,High School,Salaried,Married,1,50886.0,632.0,0,LN003788,Home,84301.0,24,14.28,4058.69,26.57,10.4,0,Fair,Owned,East,Approved,Non-Default
CUST003789,Male,21,Graduate,Self-employed,Married,0,33050.0,726.0,1,LN003789,Education,163810.0,36,15.68,5733.23,20.91,14.2,0,Excellent,Owned,East,Approved,Default
CUST003790,Male,21,Graduate,Unemployed,Married,0,37311.0,654.0,0,LN003790,Personal,651180.0,36,15.31,22672.35,75.0,21.5,0,Good,Owned,West,Approved,Default
CUST003791,Male,41,Graduate,Self-employed,Single,0,44013.0,701.0,0,LN003791,Home,250241.0,36,13.95,8546.57,28.16,0.0,0,Excellent,Rented,East,Approved,Non-Default
CUST003792,Female,27,Graduate,Salaried,Married,2,50019.0,742.0,1,LN003792,Business,120357.0,24,14.12,5785.51,10.12,4.0,0,Excellent,Rented,East,Approved,Non-Default
CUST003793,Female,36,Graduate,Self-employed,Married,0,33992.0,671.0,0,LN003793,Education,130465.0,48,14.25,3581.53,32.9,13.3,0,Good,Owned,West,Approved,Default
CUST003794,Female,42,Graduate,Salaried,Married,3,18000.0,591.0,1,LN003794,Auto,218566.0,60,17.03,5435.45,42.47,6.9,3,Fair,Rented,East,Approved,Default
CUST003795,Male,52,High School,Salaried,Married,1,58962.0,508.0,1,LN003795,Home,136820.0,24,17.92,6825.33,18.17,4.2,0,Poor,Owned,South,Approved,Non-Default
CUST003796,Male,40,High School,Salaried,Married,1,35285.0,741.0,0,LN003796,Personal,196934.0,24,13.49,9407.99,47.83,14.7,0,Excellent,Rented,East,Approved,Non-Default
CUST003797,Male,28,Graduate,Self-employed,Single,2,57545.0,528.0,0,LN003797,Auto,221226.0,36,17.62,7955.74,33.2,7.5,0,Poor,Rented,East,Approved,Non-Default
CUST003798,Female,42,High School,Self-employed,Divorced,0,122881.0,690.0,2,LN003798,Personal,441707.0,48,16.05,12529.41,20.16,8.6,1,Good,Rented,East,Approved,Default
CUST003799,Female,52,Postgraduate,Self-employed,Married,1,45167.0,756.0,1,LN003799,Personal,1118469.0,12,14.96,100930.01,75.0,0.0,1,Excellent,Rented,East,Approved,Non-Default
CUST003800,Female,45,Graduate,Salaried,Married,2,44816.0,684.0,0,LN003800,Personal,108899.0,60,15.53,2621.09,15.24,9.5,0,Good,Rented,North,Approved,Non-Default
CUST003801,Male,64,Graduate,Self-employed,Divorced,1,66323.0,731.0,0,LN003801,Personal,102374.0,24,15.51,4988.61,24.42,14.3,0,Excellent,Owned,South,Rejected,Non-Default
CUST003802,Male,32,Graduate,Salaried,Married,0,27936.0,710.0,1,LN003802,Personal,230435.0,60,15.13,5497.77,38.57,0.0,1,Excellent,Rented,North,Approved,Default
CUST003803,Male,34,Graduate,Salaried,Married,1,72554.0,850.0,3,LN003803,Personal,50125.0,36,15.61,1752.61,5.0,0.0,0,Excellent,Mortgage,North,Approved,Non-Default
CUST003804,Male,48,Graduate,Salaried,Single,2,151213.0,712.0,2,LN003804,Personal,319577.0,12,15.64,28941.08,33.84,4.7,1,Excellent,Rented,South,Approved,Non-Default
CUST003805,Female,45,Graduate,Self-employed,Married,2,141940.0,724.0,3,LN003805,Education,248186.0,24,16.43,12203.01,18.39,4.0,1,Excellent,Rented,South,Approved,Non-Default
CUST003806,Female,41,Graduate,Unemployed,Single,2,48104.0,562.0,1,LN003806,Home,213255.0,12,16.72,19421.54,57.8,2.1,1,Fair,Owned,North,Rejected,Default
CUST003807,Male,28,Postgraduate,Self-employed,Divorced,0,94226.0,722.0,1,LN003807,Education,334402.0,12,13.75,29985.67,52.92,5.8,0,Excellent,Mortgage,North,Approved,Default
CUST003808,Female,32,High School,Salaried,Single,0,61578.0,754.0,1,LN003808,Home,262594.0,48,14.84,7286.91,17.63,15.5,1,Excellent,Rented,East,Approved,Non-Default
CUST003809,Female,47,High School,Salaried,Divorced,2,58344.0,716.0,1,LN003809,Auto,235279.0,48,16.19,6690.79,13.71,14.8,0,Excellent,Owned,South,Approved,Non-Default
CUST003810,Male,41,Graduate,Salaried,Married,0,40254.0,662.0,1,LN003810,Home,589444.0,48,14.09,16134.05,64.48,11.3,0,Good,Mortgage,East,Rejected,Non-Default
CUST003811,Male,40,High School,Self-employed,Single,1,58979.0,842.0,2,LN003811,Personal,133804.0,36,13.53,4542.62,14.83,3.2,0,Excellent,Rented,West,Approved,Non-Default
CUST003812,Female,32,Graduate,Self-employed,Divorced,0,47806.0,753.0,1,LN003812,Education,93176.0,36,12.33,3109.48,15.31,10.3,1,Excellent,Rented,South,Approved,Non-Default
CUST003813,Female,21,High School,Salaried,Single,2,32460.0,695.0,2,LN003813,Personal,240824.0,12,16.32,21886.65,75.0,1.0,1,Good,Mortgage,North,Approved,Default
CUST003814,Male,59,High School,Salaried,Married,0,53859.0,679.0,2,LN003814,Personal,56345.0,60,16.2,1376.2,11.96,0.0,0,Good,Rented,West,Approved,Default
CUST003815,Male,43,High School,Salaried,Single,2,34802.0,584.0,1,LN003815,Home,355269.0,72,14.1,7339.62,39.67,4.2,0,Fair,Rented,East,Rejected,Default
CUST003816,Female,30,Postgraduate,Salaried,Single,2,40201.0,684.0,3,LN003816,Personal,58623.0,36,16.64,2079.58,11.4,7.8,0,Good,Rented,North,Approved,Non-Default
CUST003817,Male,34,Graduate,Self-employed,Single,1,116659.0,651.0,1,LN003817,Personal,132737.0,36,14.94,4597.47,13.09,7.4,0,Good,Owned,West,Approved,Non-Default
CUST003818,Male,41,High School,Salaried,Married,1,28129.0,581.0,0,LN003818,Business,79893.0,48,16.66,2291.29,19.52,16.0,0,Fair,Owned,North,Approved,Non-Default
CUST003819,Male,35,Graduate,Salaried,Single,0,75067.0,797.0,1,LN003819,Personal,306268.0,36,15.51,10693.53,34.57,22.8,1,Excellent,Rented,North,Approved,Default
CUST003820,Male,46,Postgraduate,Salaried,Married,2,81254.0,702.0,0,LN003820,Personal,220522.0,36,14.4,7579.83,22.5,12.0,0,Excellent,Mortgage,North,Approved,Non-Default
CUST003821,Male,28,Graduate,Self-employed,Single,2,63687.0,713.0,0,LN003821,Education,571639.0,48,13.69,15532.13,29.2,14.4,0,Excellent,Rented,East,Approved,Non-Default
CUST003822,Male,40,High School,Self-employed,Married,1,36965.0,666.0,0,LN003822,Auto,110996.0,24,14.46,5353.39,28.59,1.6,2,Good,Mortgage,West,Approved,Non-Default
CUST003823,Male,45,Postgraduate,Salaried,Married,0,63141.0,752.0,2,LN003823,Personal,303406.0,48,16.29,8643.74,20.18,8.1,0,Excellent,Rented,South,Approved,Non-Default
CUST003824,Male,43,Graduate,Unemployed,Single,1,38593.0,713.0,0,LN003824,Education,121139.0,12,14.78,10921.23,45.13,2.7,1,Excellent,Rented,West,Approved,Default
CUST003825,Female,42,Graduate,Salaried,Single,2,58519.0,779.0,1,LN003825,Home,241297.0,24,14.66,11660.74,33.65,13.9,0,Excellent,Rented,West,Approved,Non-Default
CUST003826,Male,42,Graduate,Salaried,Married,0,67888.0,764.0,0,LN003826,Personal,144028.0,24,15.38,7009.47,27.83,16.5,0,Excellent,Owned,West,Approved,Non-Default
CUST003827,Male,38,Graduate,Salaried,Married,0,29949.0,685.0,1,LN003827,Personal,218464.0,48,14.64,6040.22,29.78,9.8,0,Good,Rented,North,Approved,Non-Default
CUST003828,Male,42,Graduate,Salaried,Single,2,46057.0,727.0,1,LN003828,Home,462595.0,24,15.44,22526.51,66.85,8.3,0,Excellent,Mortgage,North,Approved,Non-Default
CUST003829,Female,30,Graduate,Self-employed,Single,2,32189.0,655.0,2,LN003829,Personal,449046.0,72,14.83,9453.68,18.18,8.0,2,Good,Mortgage,West,Approved,Non-Default
CUST003830,Male,33,Graduate,Self-employed,Married,1,41215.0,809.0,2,LN003830,Auto,176079.0,48,14.09,4819.57,28.59,10.1,0,Excellent,Rented,South,Rejected,Non-Default
CUST003831,Female,44,High School,Salaried,Married,3,75167.0,681.0,2,LN003831,Home,203387.0,36,14.16,6967.1,19.42,0.0,0,Good,Rented,West,Approved,Non-Default
CUST003832,Male,21,Graduate,Salaried,Married,0,33177.0,838.0,1,LN003832,Business,71068.0,60,12.91,1613.74,14.34,8.5,0,Excellent,Rented,North,Approved,Non-Default
CUST003833,Male,50,Postgraduate,Salaried,Married,1,45382.0,621.0,2,LN003833,Education,135170.0,72,14.46,2818.68,12.52,8.8,1,Fair,Mortgage,North,Approved,Default
CUST003834,Male,37,Graduate,Salaried,Married,1,145401.0,708.0,0,LN003834,Business,65909.0,36,13.71,2243.34,17.15,12.9,0,Excellent,Rented,North,Rejected,Non-Default
CUST003835,Female,42,Graduate,Self-employed,Married,1,45985.0,720.0,1,LN003835,Education,586380.0,60,14.6,13827.12,42.47,15.3,0,Excellent,Owned,North,Approved,Non-Default
CUST003836,Female,31,Graduate,Salaried,Married,2,46370.0,697.0,3,LN003836,Education,556328.0,36,15.44,19405.38,64.59,8.3,0,Good,Owned,North,Rejected,Non-Default
CUST003837,Female,26,Graduate,Self-employed,Married,0,61816.0,666.0,0,LN003837,Personal,108535.0,48,17.84,3179.15,21.92,8.2,0,Good,Rented,East,Approved,Non-Default
CUST003838,Female,34,High School,Unemployed,Divorced,2,154794.0,667.0,1,LN003838,Personal,201775.0,12,15.91,18298.63,23.25,0.0,0,Good,Owned,South,Approved,Non-Default
CUST003839,Male,32,High School,Salaried,Married,1,90453.0,684.0,2,LN003839,Home,136814.0,72,14.34,2844.12,5.72,4.4,0,Good,Owned,East,Approved,Non-Default
CUST003840,Male,40,Postgraduate,Self-employed,Married,0,55972.0,760.0,3,LN003840,Auto,158011.0,36,14.21,5416.57,23.03,2.8,0,Excellent,Rented,South,Rejected,Non-Default
CUST003841,Male,38,Graduate,Salaried,Married,0,75448.0,791.0,1,LN003841,Education,270996.0,36,14.53,9331.91,14.87,12.5,1,Excellent,Owned,South,Approved,Non-Default
CUST003842,Female,67,Graduate,Self-employed,Married,0,53643.0,576.0,1,LN003842,Auto,162322.0,36,16.47,5744.5,18.31,0.3,0,Fair,Mortgage,East,Approved,Non-Default
CUST003843,Female,21,Graduate,Salaried,Divorced,1,52239.0,777.0,0,LN003843,Personal,88441.0,60,15.95,2148.36,13.23,7.2,0,Excellent,Owned,West,Approved,Non-Default
CUST003844,Male,54,Postgraduate,Salaried,Single,0,77517.0,732.0,2,LN003844,Home,297873.0,24,14.86,14423.06,36.57,6.5,0,Excellent,Rented,North,Rejected,Non-Default
CUST003845,Female,28,Graduate,Self-employed,Married,3,57978.0,768.0,2,LN003845,Business,174830.0,72,12.83,3493.89,19.2,9.8,0,Excellent,Rented,North,Approved,Non-Default
CUST003846,Female,58,Graduate,Unemployed,Married,0,62947.0,617.0,1,LN003846,Home,174864.0,36,15.94,6142.52,12.27,6.1,0,Fair,Owned,North,Approved,Non-Default
CUST003847,Female,46,High School,Salaried,Divorced,2,134538.0,774.0,1,LN003847,Auto,266563.0,72,13.76,5458.53,12.98,13.9,0,Excellent,Mortgage,East,Approved,Non-Default
CUST003848,Female,27,Graduate,Self-employed,Married,2,28249.0,778.0,0,LN003848,Home,617341.0,48,14.61,17059.26,75.0,21.5,0,Excellent,Owned,West,Rejected,Default
CUST003849,Female,38,High School,Salaried,Married,2,47461.0,637.0,0,LN003849,Auto,372942.0,48,14.04,10198.68,22.75,12.5,1,Fair,Owned,East,Rejected,Non-Default
CUST003850,Female,41,High School,Salaried,Single,1,68167.0,620.0,1,LN003850,Home,237380.0,24,13.52,11343.54,22.2,0.0,0,Fair,Rented,East,Approved,Default
CUST003851,Male,28,Graduate,Self-employed,Married,2,25597.0,782.0,1,LN003851,Personal,89080.0,24,15.6,4344.63,30.43,3.6,0,Excellent,Mortgage,East,Rejected,Non-Default
CUST003852,Female,45,High School,Salaried,Married,2,64969.0,721.0,2,LN003852,Home,51682.0,60,14.38,1212.76,10.34,0.0,0,Excellent,Mortgage,South,Approved,Non-Default
CUST003853,Female,45,High School,Salaried,Married,0,38725.0,676.0,1,LN003853,Auto,92973.0,72,13.94,1912.79,6.39,6.4,1,Good,Owned,South,Approved,Non-Default
CUST003854,Male,49,Graduate,Self-employed,Married,0,55484.0,702.0,0,LN003854,Education,234254.0,24,14.26,11276.0,21.12,16.4,0,Excellent,Rented,East,Approved,Non-Default
CUST003855,Female,34,High School,Unemployed,Divorced,3,52599.0,831.0,2,LN003855,Education,87480.0,24,12.49,4138.03,18.0,11.3,0,Excellent,Mortgage,East,Approved,Non-Default
CUST003856,Female,23,Postgraduate,Salaried,Married,3,34704.0,700.0,2,LN003856,Home,167083.0,60,12.75,3780.3,25.81,7.8,0,Excellent,Owned,East,Approved,Default
CUST003857,Male,28,Graduate,Self-employed,Married,1,57058.0,687.0,0,LN003857,Personal,281849.0,60,15.88,6836.06,5.76,7.1,0,Good,Rented,East,Approved,Non-Default
CUST003858,Female,39,Graduate,Salaried,Married,1,59510.0,645.0,0,LN003858,Education,313027.0,48,14.83,8684.82,21.75,2.3,0,Fair,Rented,West,Approved,Non-Default
CUST003859,Male,33,Graduate,Self-employed,Divorced,0,50610.0,718.0,1,LN003859,Auto,777433.0,36,13.49,26378.65,63.77,8.2,0,Excellent,Rented,East,Approved,Non-Default
CUST003860,Male,35,Postgraduate,Self-employed,Married,3,52564.0,686.0,0,LN003860,Personal,216475.0,36,16.4,7653.44,35.73,9.9,0,Good,Owned,North,Approved,Default
CUST003861,Male,57,,Salaried,Married,0,44504.0,613.0,2,LN003861,Auto,129728.0,48,13.82,3533.31,21.48,6.9,0,Fair,Owned,South,Rejected,Non-Default
CUST003862,Male,44,Postgraduate,Salaried,Single,1,36426.0,683.0,0,LN003862,Personal,102447.0,12,16.39,9314.02,42.87,4.1,0,Good,Mortgage,North,Approved,Non-Default
CUST003863,Female,54,Graduate,Salaried,Married,1,51658.0,586.0,2,LN003863,Home,211004.0,36,15.23,7338.31,24.17,5.0,0,Fair,Owned,South,Rejected,Non-Default
CUST003864,Male,22,Graduate,Unemployed,Single,1,24176.0,753.0,1,LN003864,Personal,521682.0,72,14.8,10974.39,60.06,0.0,0,Excellent,Owned,South,Approved,Default
CUST003865,Female,33,Postgraduate,Self-employed,Married,1,146911.0,717.0,3,LN003865,Personal,75279.0,12,15.5,6812.33,5.0,19.5,0,Excellent,Owned,South,Approved,Non-Default
CUST003866,Male,36,High School,Unemployed,Single,1,52201.0,681.0,1,LN003866,Home,150382.0,36,14.09,5146.28,16.57,0.0,0,Good,Owned,West,Approved,Non-Default
CUST003867,Female,51,High School,Salaried,Married,1,89729.0,588.0,1,LN003867,Personal,171863.0,36,20.37,6419.49,18.27,0.0,0,Fair,Rented,West,Approved,Non-Default
CUST003868,Female,39,Graduate,Salaried,Married,2,40160.0,763.0,2,LN003868,Business,280019.0,48,15.74,7898.58,28.3,2.2,0,Excellent,Owned,South,Approved,Non-Default
CUST003869,Female,39,High School,Salaried,Single,2,66778.0,577.0,0,LN003869,Education,361457.0,24,16.86,17846.95,38.81,0.0,0,Fair,Rented,West,Rejected,Non-Default
CUST003870,Male,32,Graduate,Self-employed,Married,1,42756.0,615.0,0,LN003870,Education,209240.0,60,15.98,5086.09,15.62,2.2,0,Fair,Mortgage,West,Approved,Non-Default
CUST003871,Female,25,High School,Salaried,Single,1,18000.0,590.0,1,LN003871,Business,226577.0,48,16.08,6430.54,43.7,8.5,1,Fair,Rented,East,Approved,Default
CUST003872,Female,40,High School,Salaried,Married,1,36755.0,641.0,2,LN003872,Personal,79051.0,36,15.67,2766.34,5.35,0.0,0,Fair,Owned,North,Approved,Non-Default
CUST003873,Female,63,Graduate,Salaried,Married,1,44914.0,771.0,0,LN003873,Home,182874.0,60,13.05,4165.63,25.38,6.7,0,Excellent,Rented,East,Approved,Non-Default
CUST003874,Female,21,Graduate,Unemployed,Married,2,35615.0,694.0,1,LN003874,Business,139752.0,12,19.65,12922.46,54.63,4.7,0,Good,Rented,South,Approved,Default
CUST003875,Male,55,High School,Salaried,Married,0,67999.0,667.0,2,LN003875,Home,127008.0,60,14.06,2959.21,5.0,15.1,0,Good,Rented,East,Rejected,Non-Default
CUST003876,Male,59,High School,Self-employed,Married,0,108097.0,638.0,0,LN003876,Home,116961.0,24,13.3,5577.03,5.41,17.0,0,Fair,Mortgage,East,Approved,Non-Default
CUST003877,Male,50,High School,Salaried,Married,1,55080.0,700.0,0,LN003877,Business,180246.0,36,14.72,6223.6,24.54,7.2,0,Excellent,Rented,South,Approved,Non-Default
CUST003878,Male,27,Graduate,Self-employed,Married,0,79101.0,845.0,0,LN003878,Home,85608.0,60,12.59,1929.92,5.0,1.4,0,Excellent,Mortgage,North,Approved,Non-Default
CUST003879,Female,48,Graduate,Self-employed,Married,0,65609.0,729.0,1,LN003879,Home,407357.0,12,15.19,36803.89,68.61,3.8,0,Excellent,Rented,South,Approved,Default
CUST003880,Female,40,Postgraduate,Unemployed,Married,0,71311.0,565.0,1,LN003880,Home,93034.0,72,15.88,2011.94,7.8,7.0,1,Fair,Rented,North,Approved,Default
CUST003881,Female,27,Graduate,Salaried,Married,0,75560.0,646.0,0,LN003881,Education,135754.0,60,15.28,3249.56,5.0,9.1,0,Fair,Owned,North,Approved,Non-Default
CUST003882,Female,30,Graduate,Unemployed,Married,0,34546.0,612.0,2,LN003882,Education,251287.0,36,18.3,9122.49,33.64,17.3,0,Fair,Mortgage,West,Approved,Non-Default
CUST003883,Male,21,High School,Salaried,Single,0,85774.0,738.0,0,LN003883,Education,77335.0,36,15.84,2712.76,15.63,1.3,0,Excellent,Rented,North,Approved,Non-Default
CUST003884,Female,22,Postgraduate,Salaried,Married,0,48702.0,780.0,0,LN003884,Personal,74391.0,36,16.2,2622.72,13.99,5.1,0,Excellent,Owned,North,Approved,Non-Default
CUST003885,Male,38,High School,Unemployed,Married,2,39344.0,764.0,2,LN003885,Education,320323.0,60,13.94,7443.4,30.96,7.4,0,Excellent,Owned,East,Approved,Non-Default
CUST003886,Male,42,High School,Self-employed,Married,1,39084.0,707.0,0,LN003886,Auto,277579.0,60,12.67,6268.98,45.59,12.2,0,Excellent,Mortgage,North,Approved,Non-Default
CUST003887,Male,33,Graduate,Salaried,Married,2,126843.0,604.0,0,LN003887,Business,240953.0,36,15.88,8456.92,26.2,10.5,0,Fair,Rented,East,Approved,Non-Default
CUST003888,Female,29,Graduate,Salaried,Single,0,74791.0,597.0,1,LN003888,Personal,89103.0,36,16.47,3153.31,17.03,7.2,1,Fair,Mortgage,South,Approved,Non-Default
CUST003889,Male,36,Postgraduate,Unemployed,Single,0,40042.0,681.0,1,LN003889,Home,262278.0,60,13.01,5968.97,35.1,4.4,0,Good,Mortgage,East,Approved,Non-Default
CUST003890,Female,34,High School,Self-employed,Single,0,33593.0,603.0,2,LN003890,Home,261664.0,36,14.67,9028.44,47.68,9.9,2,Fair,Mortgage,East,Rejected,Default
CUST003891,Male,46,Postgraduate,Salaried,Single,0,50327.0,716.0,1,LN003891,Personal,145279.0,48,14.74,4024.1,13.99,10.1,0,Excellent,Mortgage,East,Approved,Non-Default
CUST003892,Male,56,High School,Salaried,Married,1,53129.0,741.0,2,LN003892,Auto,304639.0,48,14.75,8439.78,35.23,5.5,1,Excellent,Mortgage,South,Approved,Non-Default
CUST003893,Male,29,High School,Unemployed,Single,0,73323.0,616.0,1,LN003893,Home,70288.0,60,18.3,1796.34,22.47,0.0,0,Fair,Rented,East,Approved,Non-Default
CUST003894,Female,48,Graduate,Self-employed,Single,0,66989.0,729.0,0,LN003894,Home,139805.0,60,15.37,3353.17,15.78,0.0,2,Excellent,Rented,East,Approved,Default
CUST003895,Male,32,Graduate,Unemployed,Single,0,77849.0,728.0,1,LN003895,Education,416189.0,36,14.58,14341.88,45.37,8.4,2,Excellent,Rented,South,Approved,Default
CUST003896,Female,42,Graduate,Salaried,Single,3,53532.0,690.0,2,LN003896,Auto,99238.0,36,13.72,3378.24,18.28,15.5,0,Good,Owned,East,Approved,Non-Default
CUST003897,Male,36,Graduate,Salaried,Single,1,72925.0,725.0,2,LN003897,Home,329743.0,12,13.33,29502.82,51.89,0.0,1,Excellent,Mortgage,South,Approved,Default
CUST003898,Male,45,Graduate,Salaried,Married,1,96277.0,728.0,2,LN003898,Home,562694.0,72,15.88,12168.72,29.6,5.1,0,Excellent,Rented,South,Approved,Non-Default
CUST003899,Male,25,Postgraduate,Unemployed,Divorced,0,60121.0,824.0,0,LN003899,Home,121303.0,24,12.62,5745.34,25.0,3.2,0,Excellent,Rented,East,Approved,Non-Default
CUST003900,Male,31,High School,Salaried,Married,1,63705.0,635.0,2,LN003900,Personal,66724.0,36,17.46,2394.2,6.41,17.9,0,Fair,Rented,East,Rejected,Non-Default
CUST003901,Male,55,Graduate,Salaried,Married,1,32496.0,626.0,3,LN003901,Personal,191857.0,12,19.41,17718.45,72.68,16.5,0,Fair,Owned,East,Approved,Non-Default
CUST003902,Female,40,Graduate,Salaried,Single,3,51906.0,675.0,1,LN003902,Home,121349.0,24,14.41,5849.85,14.18,14.3,0,Good,Owned,East,Approved,Non-Default
CUST003903,Male,54,Postgraduate,Salaried,Married,0,121331.0,655.0,1,LN003903,Auto,203264.0,72,13.41,4124.46,15.06,20.5,0,Good,Rented,North,Approved,Non-Default
CUST003904,Male,29,High School,Unemployed,Single,1,233277.0,681.0,0,LN003904,Home,106995.0,48,14.58,2955.02,9.54,6.3,2,Good,Rented,North,Approved,Non-Default
CUST003905,Female,55,High School,Unemployed,Married,1,35754.0,692.0,0,LN003905,Business,82896.0,48,17.01,2392.4,12.6,4.7,0,Good,Rented,South,Approved,Non-Default
CUST003906,Female,48,Postgraduate,Salaried,Single,3,34704.0,828.0,1,LN003906,Business,129123.0,60,14.33,3026.6,7.7,8.9,0,Excellent,Owned,East,Approved,Non-Default
CUST003907,Female,36,High School,Salaried,Married,1,64049.0,593.0,1,LN003907,Auto,157039.0,24,13.32,7489.55,12.84,8.4,0,Fair,Rented,East,Approved,Non-Default
CUST003908,Female,30,Graduate,Salaried,Divorced,0,22183.0,780.0,1,LN003908,Education,117532.0,36,12.86,3952.2,17.42,15.0,0,Excellent,Owned,East,Rejected,Non-Default
CUST003909,Male,57,High School,Salaried,Married,0,41203.0,696.0,1,LN003909,Personal,44039.0,72,17.79,999.21,13.82,9.0,0,Good,Rented,West,Approved,Non-Default
CUST003910,Male,38,High School,Unemployed,Single,2,61641.0,655.0,0,LN003910,Business,361245.0,60,15.99,8782.86,29.1,7.8,2,Good,Mortgage,West,Approved,Non-Default
CUST003911,Female,36,High School,Unemployed,Single,1,44113.0,657.0,0,LN003911,Home,126268.0,60,15.99,3069.92,20.21,1.1,0,Good,Rented,South,Approved,Non-Default
CUST003912,Female,53,High School,Unemployed,Divorced,2,83392.0,617.0,0,LN003912,Business,84376.0,60,15.77,2041.56,8.32,3.9,1,Fair,Owned,East,Approved,Default
CUST003913,Female,60,High School,Salaried,Single,0,77633.0,702.0,0,LN003913,Home,341658.0,60,15.17,8158.54,16.5,0.0,1,Excellent,Owned,South,Approved,Non-Default
CUST003914,Female,47,High School,Salaried,Single,3,67075.0,650.0,2,LN003914,Auto,383545.0,24,17.11,18983.61,35.42,10.5,0,Good,Rented,North,Approved,Non-Default
CUST003915,Female,40,High School,Unemployed,Married,1,58796.0,648.0,0,LN003915,Business,202868.0,60,16.8,5020.0,27.25,9.5,1,Fair,Rented,South,Approved,Non-Default
CUST003916,Male,34,High School,Salaried,Married,0,68893.0,617.0,0,LN003916,Auto,243746.0,48,14.71,6747.86,21.41,6.9,0,Fair,Owned,North,Rejected,Non-Default
CUST003917,Male,34,High School,Self-employed,Married,0,61138.0,623.0,0,LN003917,Business,232773.0,12,17.39,21273.11,43.55,0.0,0,Fair,Owned,East,Rejected,Default
CUST003918,Female,38,High School,Salaried,Single,1,41565.0,659.0,0,LN003918,Home,113534.0,12,13.29,10156.0,28.93,7.7,1,Good,Owned,West,Approved,Non-Default
CUST003919,Female,45,Graduate,Self-employed,Single,1,59197.0,823.0,2,LN003919,Auto,166903.0,24,11.46,7814.68,24.4,12.5,0,Excellent,Rented,South,Approved,Non-Default
CUST003920,Male,47,High School,Salaried,Divorced,0,46075.0,649.0,1,LN003920,Personal,260859.0,36,16.74,9266.62,26.93,16.5,0,Fair,Rented,South,Approved,Non-Default
CUST003921,Male,33,High School,Self-employed,Divorced,3,70118.0,749.0,2,LN003921,Home,278428.0,60,15.57,6707.38,10.43,0.0,0,Excellent,Rented,West,Approved,Non-Default
CUST003922,Male,28,Postgraduate,Self-employed,Single,1,27041.0,635.0,1,LN003922,Business,287089.0,48,17.71,8389.8,61.31,6.2,0,Fair,Mortgage,North,Rejected,Non-Default
CUST003923,Female,46,High School,Unemployed,Married,3,73805.0,691.0,0,LN003923,Education,778039.0,60,14.39,18261.3,37.49,0.0,2,Good,Rented,North,Approved,Non-Default
CUST003924,Female,21,Graduate,Salaried,Single,2,58480.0,696.0,1,LN003924,Auto,99422.0,48,13.48,2690.99,24.1,19.1,0,Good,Rented,South,Approved,Non-Default
CUST003925,Female,34,Graduate,Self-employed,Single,1,39587.0,569.0,0,LN003925,Education,95044.0,36,15.55,3320.39,14.19,7.1,0,Fair,Owned,West,Approved,Non-Default
CUST003926,Female,57,High School,Unemployed,Married,2,30439.0,669.0,0,LN003926,Auto,445985.0,36,14.18,15281.73,74.33,0.0,1,Good,Mortgage,West,Approved,Non-Default
CUST003927,Female,22,Postgraduate,Salaried,Single,1,67811.0,819.0,1,LN003927,Business,377926.0,48,14.76,10472.04,22.02,16.0,0,Excellent,Rented,South,Approved,Non-Default
CUST003928,Male,34,Graduate,Salaried,Married,2,60331.0,613.0,0,LN003928,Home,201375.0,36,16.19,7098.65,16.78,0.0,0,Fair,Mortgage,South,Rejected,Non-Default
CUST003929,Female,56,Postgraduate,Salaried,Single,0,61755.0,715.0,2,LN003929,Personal,124066.0,36,15.39,4324.52,14.42,0.0,1,Excellent,Owned,South,Approved,Non-Default
CUST003930,Male,35,High School,Salaried,Single,1,70587.0,627.0,2,LN003930,Business,696391.0,72,14.48,14529.25,23.84,0.0,0,Fair,Rented,East,Approved,Non-Default
CUST003931,Male,52,Graduate,Salaried,Married,1,64395.0,780.0,2,LN003931,Personal,81304.0,72,15.18,1727.13,9.99,8.7,0,Excellent,Rented,North,Approved,Non-Default
CUST003932,Male,58,Graduate,Self-employed,Divorced,0,117288.0,637.0,1,LN003932,Personal,240129.0,48,19.22,7207.79,18.91,0.0,3,Fair,Owned,North,Approved,Default
CUST003933,Female,40,High School,Salaried,Single,1,18381.0,703.0,0,LN003933,Education,420875.0,24,16.88,20784.75,75.0,16.1,0,Excellent,Rented,East,Rejected,Non-Default
CUST003934,Male,36,Graduate,Unemployed,Single,2,83537.0,703.0,1,LN003934,Home,295747.0,48,14.42,8144.17,27.49,10.7,0,Excellent,Owned,South,Approved,Non-Default
CUST003935,Male,40,High School,Unemployed,Married,3,43228.0,737.0,0,LN003935,Home,223381.0,60,15.51,5374.21,17.91,0.0,0,Excellent,Rented,North,Approved,Non-Default
CUST003936,Female,36,High School,Self-employed,Married,3,92136.0,594.0,1,LN003936,Education,320799.0,48,16.29,9139.25,17.55,15.6,0,Fair,Owned,North,Approved,Default
CUST003937,Female,40,Graduate,Self-employed,Married,1,25243.0,628.0,0,LN003937,Business,265562.0,12,17.19,24244.47,75.0,5.7,2,Fair,Rented,East,Approved,Default
CUST003938,Male,39,High School,Unemployed,Married,2,133131.0,566.0,2,LN003938,Business,114172.0,48,18.85,3404.73,18.72,2.0,0,Fair,Rented,West,Approved,Non-Default
CUST003939,Male,51,Postgraduate,Self-employed,Married,1,82874.0,736.0,0,LN003939,Personal,201457.0,48,15.75,5683.59,11.33,12.9,0,Excellent,Owned,North,Approved,Non-Default
CUST003940,Male,49,Graduate,Salaried,Married,1,23213.0,652.0,3,LN003940,Home,178126.0,36,14.81,6158.24,40.29,10.3,0,Good,Rented,West,Approved,Default
CUST003941,Male,37,Graduate,Salaried,Married,0,62434.0,634.0,1,LN003941,Personal,229493.0,36,15.63,8026.43,31.01,10.5,0,Fair,Mortgage,South,Approved,Non-Default
CUST003942,Male,55,Graduate,Unemployed,Divorced,3,48229.0,758.0,0,LN003942,Education,224631.0,36,12.07,7468.48,26.06,13.5,0,Excellent,Rented,North,Approved,Non-Default
CUST003943,Female,47,Graduate,Self-employed,Divorced,3,43403.0,650.0,0,LN003943,Home,640298.0,60,15.89,15533.4,50.45,22.4,2,Good,Rented,North,Approved,Non-Default
CUST003944,Male,29,High School,Salaried,Single,1,29987.0,603.0,2,LN003944,Education,133681.0,12,13.67,11982.08,63.17,3.7,0,Fair,Owned,East,Approved,Default
CUST003945,Female,48,Graduate,Salaried,Married,3,64206.0,722.0,1,LN003945,Home,153961.0,60,10.7,3324.5,5.0,18.0,0,Excellent,Owned,South,Approved,Non-Default
CUST003946,Female,50,Graduate,Self-employed,Single,2,53306.0,757.0,1,LN003946,Personal,223758.0,60,13.58,5157.86,10.94,10.2,0,Excellent,Rented,East,Approved,Non-Default
CUST003947,Male,53,Graduate,Unemployed,Married,0,51701.0,700.0,1,LN003947,Home,300368.0,60,10.99,6529.23,29.52,4.2,3,Excellent,Rented,South,Approved,Non-Default
CUST003948,Male,32,High School,Salaried,Married,1,103061.0,569.0,3,LN003948,Education,75692.0,12,16.1,6871.18,9.56,6.0,0,Fair,Owned,South,Approved,Non-Default
CUST003949,Male,45,Graduate,Salaried,Single,0,61214.0,766.0,2,LN003949,Personal,145507.0,48,15.42,4080.61,6.64,9.3,0,Excellent,Rented,East,Approved,Non-Default
CUST003950,Female,64,Graduate,Unemployed,Married,2,97188.0,758.0,2,LN003950,Personal,58430.0,48,15.42,1638.62,9.3,10.1,0,Excellent,Owned,West,Approved,Non-Default
CUST003951,Male,48,Graduate,Self-employed,Married,1,60461.0,703.0,0,LN003951,Business,152392.0,24,15.29,7409.99,16.13,5.1,0,Excellent,Owned,East,Approved,Non-Default
CUST003952,Male,46,High School,Self-employed,Married,1,63395.0,555.0,1,LN003952,Home,153621.0,24,14.53,7414.31,22.36,14.8,0,Fair,Rented,West,Approved,Non-Default
CUST003953,Male,26,Graduate,Salaried,Married,3,132667.0,654.0,0,LN003953,Education,144182.0,24,13.25,6871.62,14.89,15.7,0,Good,Mortgage,East,Approved,Non-Default
CUST003954,Male,53,Postgraduate,Salaried,Divorced,0,70200.0,659.0,1,LN003954,Home,383500.0,48,17.38,11141.45,23.34,0.0,1,Good,Owned,North,Rejected,Non-Default
CUST003955,Male,33,High School,Self-employed,Married,0,23876.0,667.0,3,LN003955,Home,145193.0,72,15.18,3084.32,29.05,20.8,1,Good,Mortgage,East,Approved,Non-Default
CUST003956,Male,41,Graduate,Salaried,Single,2,43834.0,728.0,0,LN003956,Personal,282138.0,48,17.24,8176.18,30.61,7.3,0,Excellent,Owned,North,Approved,Non-Default
CUST003957,Female,43,High School,Salaried,Married,3,35832.0,809.0,1,LN003957,Home,203251.0,12,13.89,18238.8,74.69,12.2,0,Excellent,Owned,North,Approved,Non-Default
CUST003958,Female,31,Postgraduate,Self-employed,Married,1,33593.0,587.0,0,LN003958,Auto,91999.0,60,17.1,2291.36,17.22,15.9,2,Fair,Rented,West,Approved,Non-Default
CUST003959,Female,39,Graduate,Salaried,Divorced,0,25438.0,666.0,0,LN003959,Auto,458710.0,36,13.72,15615.31,75.0,16.3,0,Good,Owned,North,Approved,Default
CUST003960,Female,21,High School,Self-employed,Married,1,39567.0,737.0,0,LN003960,Business,33664.0,36,15.61,1177.05,8.01,2.4,0,Excellent,Owned,North,Approved,Non-Default
CUST003961,Female,42,Graduate,Salaried,Married,2,43133.0,788.0,0,LN003961,Personal,547413.0,12,13.93,49132.61,75.0,2.4,1,Excellent,Mortgage,East,Approved,Default
CUST003962,Male,45,Graduate,Salaried,Married,3,28098.0,729.0,0,LN003962,Personal,154381.0,60,13.24,3531.64,37.69,17.6,1,Excellent,Owned,West,Approved,Non-Default
CUST003963,Female,41,Graduate,Self-employed,Married,1,34627.0,521.0,1,LN003963,Education,378594.0,36,17.06,13509.22,59.54,10.6,1,Poor,Owned,North,Approved,Non-Default
CUST003964,Female,21,Graduate,Salaried,Married,1,74258.0,693.0,0,LN003964,Home,120234.0,12,15.15,10860.63,38.91,15.5,1,Good,Rented,North,Approved,Default
CUST003965,Female,24,Graduate,Unemployed,Single,2,46845.0,703.0,0,LN003965,Home,915940.0,36,12.67,30716.25,75.0,0.0,0,Excellent,Rented,South,Approved,Default
CUST003966,Female,31,Graduate,Self-employed,Married,2,35075.0,752.0,2,LN003966,Personal,227585.0,72,15.32,4851.93,24.86,8.0,0,Excellent,Rented,South,Approved,Non-Default
CUST003967,Female,50,Graduate,Unemployed,Single,2,95678.0,755.0,0,LN003967,Auto,105850.0,48,15.2,2956.63,22.85,9.1,0,Excellent,Rented,South,Approved,Non-Default
CUST003968,Female,55,Graduate,Salaried,Married,1,80932.0,754.0,2,LN003968,Business,185142.0,24,14.95,8972.52,21.28,6.4,1,Excellent,Owned,North,Approved,Non-Default
CUST003969,Female,36,Postgraduate,Salaried,Single,1,81496.0,709.0,1,LN003969,Auto,248142.0,60,13.37,5693.1,9.28,16.5,2,Excellent,Rented,East,Approved,Non-Default
CUST003970,Female,58,High School,Salaried,Single,0,77835.0,803.0,2,LN003970,Home,35876.0,48,15.86,1014.17,8.73,14.1,1,Excellent,Rented,North,Approved,Non-Default
CUST003971,Male,38,Graduate,Salaried,Single,0,40665.0,753.0,3,LN003971,Education,206502.0,12,14.98,18636.57,61.24,13.1,2,Excellent,Rented,West,Approved,Non-Default
CUST003972,Female,42,Graduate,Unemployed,Married,0,26191.0,669.0,3,LN003972,Auto,157531.0,12,15.01,14219.23,75.0,10.2,1,Good,Mortgage,South,Approved,Default
CUST003973,Male,44,High School,Salaried,Single,2,22115.0,643.0,2,LN003973,Personal,68178.0,60,17.31,1705.78,29.72,16.0,0,Fair,Rented,South,Approved,Non-Default
CUST003974,Female,38,Postgraduate,Self-employed,Married,3,107936.0,678.0,0,LN003974,Home,110101.0,36,13.0,3709.74,13.9,7.6,0,Good,Owned,South,Approved,Non-Default
CUST003975,Female,43,Postgraduate,Self-employed,Married,2,55738.0,511.0,1,LN003975,Personal,415757.0,12,18.7,38255.24,75.0,7.5,0,Poor,Rented,North,Approved,Default
CUST003976,Male,37,High School,Self-employed,Single,1,30812.0,715.0,2,LN003976,Home,74575.0,24,12.57,3530.39,19.04,3.6,0,Excellent,Owned,East,Approved,Default
CUST003977,Female,56,High School,Salaried,Single,1,57523.0,767.0,1,LN003977,Home,292365.0,24,13.39,13953.18,31.27,6.6,0,Excellent,Owned,West,Approved,Non-Default
CUST003978,Male,35,High School,Salaried,Married,2,45871.0,821.0,0,LN003978,Home,141016.0,36,11.75,4666.93,7.74,24.6,0,Excellent,Owned,South,Approved,Non-Default
CUST003979,Male,49,Graduate,Salaried,Divorced,2,47985.0,654.0,1,LN003979,Auto,178325.0,36,15.72,6244.75,27.57,1.6,0,Good,Rented,East,Approved,Non-Default
CUST003980,Female,42,High School,Salaried,Single,1,46755.0,659.0,1,LN003980,Personal,103134.0,36,17.7,3713.04,20.9,19.7,0,Good,Owned,North,Approved,Non-Default
CUST003981,Male,22,Postgraduate,Self-employed,Single,0,59555.0,554.0,0,LN003981,Home,130266.0,12,16.31,11838.26,26.02,10.2,0,Fair,Mortgage,East,Approved,Default
CUST003982,Male,25,Graduate,Unemployed,Married,1,86607.0,589.0,2,LN003982,Personal,267293.0,36,17.15,9549.69,20.85,12.1,0,Fair,Owned,East,Approved,Default
CUST003983,Female,52,High School,Salaried,Single,1,64170.0,621.0,2,LN003983,Personal,419943.0,12,17.23,38346.65,73.72,7.2,0,Fair,Rented,South,Approved,Default
CUST003984,Male,37,Graduate,Self-employed,Married,2,50554.0,692.0,0,LN003984,Personal,462758.0,48,14.66,12799.29,48.33,7.4,0,Good,Rented,South,Approved,Non-Default
CUST003985,Male,59,Postgraduate,Salaried,Divorced,3,33658.0,683.0,0,LN003985,Personal,394081.0,48,17.47,11467.28,52.33,4.8,0,Good,Mortgage,South,Approved,Non-Default
CUST003986,Female,60,Postgraduate,Salaried,Married,3,33663.0,612.0,2,LN003986,Business,332975.0,12,16.42,30277.33,75.0,17.3,0,Fair,Owned,South,Approved,Non-Default
CUST003987,Female,21,Graduate,Salaried,Married,0,27617.0,724.0,3,LN003987,Home,339289.0,48,12.47,9013.28,36.51,0.0,2,Excellent,Mortgage,East,Rejected,Default
CUST003988,Male,59,High School,Salaried,Married,0,96109.0,683.0,0,LN003988,Auto,447702.0,48,16.99,12916.14,21.55,13.3,0,Good,Owned,North,Approved,Non-Default
CUST003989,Male,44,High School,Salaried,Single,0,38969.0,621.0,0,LN003989,Auto,974015.0,60,16.29,23836.5,75.0,10.1,0,Fair,Rented,East,Rejected,Default
CUST003990,Female,34,Graduate,Salaried,Single,0,33566.0,757.0,2,LN003990,Education,444878.0,36,14.88,15395.71,52.36,10.0,0,Excellent,Owned,East,Approved,Default
CUST003991,Female,35,Graduate,Salaried,Divorced,2,120959.0,771.0,1,LN003991,Education,178047.0,12,12.65,15873.45,15.5,9.2,0,Excellent,Owned,North,Approved,Non-Default
CUST003992,Female,49,Graduate,Salaried,Married,1,41266.0,646.0,2,LN003992,Education,131877.0,48,14.32,3624.94,23.0,11.6,0,Fair,Mortgage,East,Approved,Non-Default
CUST003993,Male,21,High School,Self-employed,Single,1,62147.0,656.0,1,LN003993,Personal,207980.0,36,17.95,7513.76,20.88,6.9,0,Good,Owned,North,Approved,Non-Default
CUST003994,Male,31,Graduate,Self-employed,Married,1,35443.0,746.0,3,LN003994,Auto,244543.0,36,15.43,8528.75,41.04,3.1,0,Excellent,Rented,West,Approved,Non-Default
CUST003995,Female,21,High School,Unemployed,Married,2,33618.0,672.0,1,LN003995,Auto,203698.0,12,15.04,18389.28,72.62,9.6,2,Good,Owned,East,Approved,Default
CUST003996,Male,31,Postgraduate,Salaried,Divorced,1,56862.0,578.0,0,LN003996,Personal,197346.0,72,17.86,4485.42,13.82,8.8,1,Fair,Rented,East,Approved,Non-Default
CUST003997,Female,39,Graduate,Salaried,Single,2,77133.0,752.0,0,LN003997,Auto,274025.0,36,11.81,9076.7,14.78,19.8,0,Excellent,Owned,North,Approved,Non-Default
CUST003998,Male,57,High School,Salaried,Divorced,0,133265.0,648.0,2,LN003998,Auto,137733.0,60,15.22,3292.59,9.25,11.6,0,Fair,Owned,North,Approved,Non-Default
CUST003999,Female,25,High School,Salaried,Single,3,40578.0,703.0,1,LN003999,Home,178398.0,24,13.15,8493.94,32.79,0.0,0,Excellent,Mortgage,South,Rejected,Non-Default
CUST004000,Female,40,High School,Salaried,Single,0,37333.0,707.0,0,LN004000,Business,165940.0,24,16.44,8159.87,42.64,11.2,1,Excellent,Owned,South,Approved,Non-Default
CUST004001,Female,33,Graduate,Salaried,Married,0,85502.0,687.0,2,LN004001,Education,39198.0,60,13.26,897.1,5.0,9.9,1,Good,Rented,West,Approved,Non-Default
CUST004002,Male,46,High School,Salaried,Married,1,47852.0,768.0,1,LN004002,Home,444145.0,36,14.31,15246.78,40.56,14.0,0,Excellent,Mortgage,East,Approved,Non-Default
CUST004003,Male,37,Graduate,Salaried,Married,0,61486.0,632.0,0,LN004003,Home,140288.0,72,14.44,2923.89,9.69,1.6,0,Fair,Mortgage,East,Approved,Non-Default
CUST004004,Female,43,Graduate,Salaried,Married,1,63119.0,713.0,2,LN004004,Home,383297.0,48,13.89,10453.02,25.45,6.6,0,Excellent,Rented,South,Approved,Non-Default
CUST004005,Female,39,Graduate,Self-employed,Married,0,28821.0,697.0,1,LN004005,Auto,188376.0,60,14.42,4424.31,8.67,8.3,0,Good,Rented,South,Approved,Non-Default
CUST004006,Male,52,High School,Salaried,Divorced,0,58274.0,781.0,2,LN004006,Auto,230911.0,60,14.39,5419.7,26.15,0.0,0,Excellent,Rented,North,Approved,Non-Default
CUST004007,Male,51,Postgraduate,Salaried,Married,0,89244.0,709.0,1,LN004007,Business,254821.0,36,17.03,9088.87,26.87,6.5,0,Excellent,Owned,East,Approved,Default
CUST004008,Female,58,High School,Salaried,Married,0,91222.0,739.0,2,LN004008,Personal,389671.0,36,14.25,13365.4,26.12,1.7,1,Excellent,Rented,East,Approved,Non-Default
CUST004009,Female,35,Graduate,Salaried,Married,0,36110.0,758.0,0,LN004009,Education,170269.0,36,14.49,5860.0,37.05,12.5,0,Excellent,Rented,North,Rejected,Default
CUST004010,Female,54,Graduate,Salaried,Divorced,3,40669.0,747.0,1,LN004010,Auto,52169.0,24,13.63,2495.67,10.0,3.3,0,Excellent,Owned,North,Approved,Non-Default
CUST004011,Female,39,High School,Salaried,Divorced,2,,750.0,1,LN004011,Home,135134.0,60,11.37,2963.14,8.01,12.8,1,Excellent,Rented,East,Approved,Default
CUST004012,Male,37,Graduate,Self-employed,Married,2,40782.0,726.0,3,LN004012,Home,134938.0,24,15.8,6594.1,20.09,11.8,0,Excellent,Rented,West,Approved,Non-Default
CUST004013,Female,57,Graduate,Unemployed,Single,0,80801.0,716.0,0,LN004013,Personal,476916.0,72,15.95,10332.06,19.64,0.0,0,Excellent,Mortgage,East,Approved,Non-Default
CUST004014,Female,50,High School,Salaried,Single,1,50500.0,724.0,1,LN004014,Education,127891.0,36,14.36,4393.41,21.09,10.5,0,Excellent,Rented,North,Approved,Non-Default
CUST004015,Male,45,High School,Salaried,Divorced,2,54979.0,778.0,0,LN004015,Business,119377.0,72,12.49,2364.37,13.74,14.0,0,Excellent,Mortgage,West,Approved,Default
CUST004016,Female,48,Postgraduate,Salaried,Married,0,51217.0,778.0,3,LN004016,Auto,162015.0,24,12.32,7650.84,18.65,5.5,1,Excellent,Rented,South,Approved,Non-Default
CUST004017,Male,41,High School,Salaried,Single,2,37598.0,634.0,0,LN004017,Auto,152469.0,48,14.84,4230.97,19.64,7.8,0,Fair,Rented,West,Approved,Non-Default
CUST004018,Male,30,Graduate,Salaried,Divorced,2,47075.0,655.0,0,LN004018,Business,145190.0,12,16.85,13231.68,38.23,10.7,0,Good,Rented,East,Approved,Non-Default
CUST004019,Female,31,High School,Self-employed,Married,1,97424.0,787.0,0,LN004019,Education,396220.0,48,14.09,10845.19,23.5,11.0,1,Excellent,Rented,East,Approved,Non-Default
CUST004020,Female,54,Postgraduate,Salaried,Married,0,48162.0,850.0,2,LN004020,Auto,275104.0,24,12.68,13037.63,43.25,5.1,0,Excellent,Rented,West,Approved,Non-Default
CUST004021,Male,38,Graduate,Salaried,Single,3,22839.0,850.0,2,LN004021,Personal,248858.0,60,14.85,5900.74,23.71,8.9,0,Excellent,Rented,North,Approved,Non-Default
CUST004022,Male,35,High School,Unemployed,Married,2,80484.0,645.0,2,LN004022,Education,457094.0,48,16.02,12958.85,25.17,5.2,0,Fair,Mortgage,South,Approved,Non-Default
CUST004023,Male,40,High School,Salaried,Single,0,46001.0,765.0,1,LN004023,Personal,573776.0,36,12.78,19272.04,63.2,11.2,0,Excellent,Owned,West,Approved,Non-Default
CUST004024,Female,51,High School,Salaried,Married,2,72223.0,734.0,0,LN004024,Personal,793883.0,24,14.52,38311.92,67.09,9.8,0,Excellent,Mortgage,West,Approved,Non-Default
CUST004025,Male,52,Postgraduate,Salaried,Married,1,71463.0,850.0,1,LN004025,Home,179184.0,36,10.17,5796.08,14.12,11.1,1,Excellent,Rented,South,Approved,Non-Default
CUST004026,Female,40,High School,Self-employed,Married,0,104285.0,760.0,0,LN004026,Personal,542454.0,60,16.55,13350.47,34.46,2.8,0,Excellent,Rented,South,Approved,Non-Default
CUST004027,Male,41,Graduate,Unemployed,Single,0,33568.0,709.0,1,LN004027,Auto,352214.0,48,15.11,9822.03,48.02,0.0,0,Excellent,Owned,East,Approved,Default
CUST004028,Female,26,Graduate,Salaried,Married,1,80444.0,680.0,2,LN004028,Business,313274.0,24,12.35,14798.15,27.63,5.0,1,Good,Mortgage,North,Approved,Non-Default
CUST004029,Female,39,High School,Salaried,Single,0,32150.0,659.0,1,LN004029,Business,39314.0,24,17.7,1957.02,27.53,0.0,0,Good,Owned,South,Approved,Non-Default
CUST004030,Female,49,Graduate,Unemployed,Single,2,93144.0,688.0,2,LN004030,Auto,204982.0,36,15.49,7155.05,26.45,6.8,0,Good,Rented,South,Approved,Non-Default
CUST004031,Female,36,Graduate,Salaried,Married,1,36558.0,633.0,1,LN004031,Home,170738.0,24,13.06,8122.01,38.26,16.6,0,Fair,Mortgage,West,Approved,Non-Default
CUST004032,Male,30,High School,Unemployed,Single,1,63169.0,672.0,0,LN004032,Auto,242574.0,24,15.87,11862.12,21.87,7.8,0,Good,Mortgage,North,Approved,Non-Default
CUST004033,Male,43,Graduate,Salaried,Married,2,86930.0,766.0,1,LN004033,Home,72586.0,60,13.26,1661.23,5.0,15.4,0,Excellent,Rented,West,Approved,Non-Default
CUST004034,Female,25,Graduate,Salaried,Married,0,53439.0,701.0,1,LN004034,Personal,476148.0,36,17.54,17104.22,51.73,3.2,0,Excellent,Mortgage,South,Approved,Non-Default
CUST004035,Male,42,High School,Self-employed,Single,1,37666.0,653.0,0,LN004035,Business,120348.0,60,15.42,2889.67,12.43,9.8,0,Good,Rented,East,Approved,Non-Default
CUST004036,Male,37,Graduate,Self-employed,Married,1,138821.0,692.0,1,LN004036,Personal,268428.0,36,13.62,9124.77,8.49,16.4,0,Good,Rented,South,Approved,Non-Default
CUST004037,Male,39,High School,Unemployed,Single,1,49289.0,642.0,1,LN004037,Home,139078.0,36,13.72,4734.46,24.38,13.0,1,Fair,Owned,South,Approved,Non-Default
CUST004038,Female,33,Postgraduate,Unemployed,Single,0,106589.0,640.0,0,LN004038,Auto,227605.0,48,14.68,6297.56,16.91,24.3,0,Fair,Rented,West,Approved,Non-Default
CUST004039,Female,49,Graduate,Salaried,Divorced,3,30767.0,715.0,1,LN004039,Auto,471767.0,24,13.82,22610.8,75.0,8.0,0,Excellent,Rented,East,Approved,Non-Default
CUST004040,Female,36,Graduate,Unemployed,Single,1,84142.0,660.0,0,LN004040,Home,76909.0,36,16.58,2725.97,19.76,19.7,0,Good,Mortgage,North,Approved,Non-Default
CUST004041,Male,42,High School,Salaried,Married,2,66005.0,720.0,2,LN004041,Auto,296355.0,24,15.7,14468.02,28.88,8.1,0,Excellent,Mortgage,South,Approved,Non-Default
CUST004042,Male,49,Graduate,Self-employed,Divorced,3,29699.0,780.0,0,LN004042,Auto,320974.0,24,11.27,15000.17,60.76,15.9,0,Excellent,Rented,South,Rejected,Non-Default
CUST004043,Female,51,Graduate,Salaried,Divorced,3,76810.0,626.0,0,LN004043,Personal,298710.0,36,17.16,10673.63,18.05,0.1,0,Fair,Rented,East,Approved,Default
CUST004044,Male,43,High School,Salaried,Married,1,51036.0,592.0,0,LN004044,Personal,267139.0,36,17.41,9578.83,30.27,10.5,1,Fair,Rented,West,Approved,Default
CUST004045,Male,48,Postgraduate,Unemployed,Divorced,1,94315.0,577.0,1,LN004045,Business,252590.0,72,20.3,6094.25,11.65,1.4,0,Fair,Owned,West,Approved,Non-Default
CUST004046,Female,54,Postgraduate,Salaried,Divorced,2,102838.0,752.0,0,LN004046,Education,72327.0,12,13.84,6488.59,17.54,4.8,0,Excellent,Owned,North,Approved,Non-Default
CUST004047,Male,23,Postgraduate,Salaried,Married,1,45697.0,784.0,0,LN004047,Home,223333.0,36,14.65,7703.69,28.57,19.8,1,Excellent,Mortgage,South,Approved,Non-Default
CUST004048,Female,50,Graduate,Self-employed,Married,1,27965.0,592.0,0,LN004048,Business,107900.0,12,14.25,9700.73,48.29,9.1,2,Fair,Mortgage,North,Approved,Default
CUST004049,Male,34,High School,Self-employed,Married,2,46311.0,753.0,2,LN004049,Business,263718.0,12,12.92,23544.68,61.54,10.7,0,Excellent,Owned,West,Approved,Default
CUST004050,Female,48,Graduate,Unemployed,Married,0,53460.0,576.0,1,LN004050,Auto,183616.0,36,17.97,6635.4,23.81,10.4,0,Fair,Owned,East,Approved,Default
CUST004051,Female,26,High School,Self-employed,Married,1,39585.0,750.0,0,LN004051,Home,254846.0,24,13.3,12151.79,52.27,14.6,1,Excellent,Owned,South,Approved,Non-Default
CUST004052,Female,24,Graduate,Unemployed,Married,2,40731.0,607.0,0,LN004052,Home,245686.0,48,14.82,6815.23,28.33,0.9,0,Fair,Rented,West,Approved,Non-Default
CUST004053,Male,29,High School,Salaried,Single,2,68799.0,668.0,0,LN004053,Education,163502.0,36,16.59,5795.98,5.0,9.6,0,Good,Mortgage,West,Approved,Non-Default
CUST004054,Female,43,Graduate,Self-employed,Single,0,109224.0,779.0,1,LN004054,Auto,197724.0,36,14.14,6771.19,24.64,20.1,0,Excellent,Rented,West,Approved,Non-Default
CUST004055,Male,52,High School,Self-employed,Married,2,53972.0,754.0,0,LN004055,Auto,280716.0,48,15.84,7932.59,17.75,7.5,0,Excellent,Owned,North,Approved,Non-Default
CUST004056,Female,32,Postgraduate,Unemployed,Single,0,62795.0,784.0,1,LN004056,Education,327456.0,36,14.55,11279.34,47.86,7.9,0,Excellent,Owned,East,Approved,Default
CUST004057,Female,41,Graduate,Self-employed,Married,0,85704.0,814.0,1,LN004057,Business,161965.0,72,15.11,3434.43,5.27,3.8,0,Excellent,Rented,North,Approved,Non-Default
CUST004058,Female,62,Graduate,Salaried,Married,1,54597.0,707.0,1,LN004058,Home,557657.0,24,13.68,26690.5,72.74,0.0,0,Excellent,Mortgage,North,Approved,Non-Default
CUST004059,Male,29,High School,Salaried,Married,0,66017.0,705.0,2,LN004059,Auto,546987.0,60,13.43,12566.37,24.96,3.6,0,Excellent,Rented,West,Approved,Non-Default
CUST004060,Male,44,Graduate,Salaried,Married,2,48179.0,763.0,1,LN004060,Personal,450662.0,36,15.26,15679.79,60.13,0.7,0,Excellent,Owned,West,Approved,Non-Default
CUST004061,Female,58,Graduate,Salaried,Single,1,75431.0,668.0,1,LN004061,Auto,150837.0,60,14.55,3552.87,23.51,9.0,0,Good,Owned,South,Approved,Non-Default
CUST004062,Female,37,Graduate,Salaried,Single,1,106106.0,811.0,3,LN004062,Personal,99448.0,24,15.85,4862.16,20.11,6.4,0,Excellent,Mortgage,West,Approved,Non-Default
CUST004063,Female,34,Graduate,Unemployed,Divorced,1,38588.0,737.0,2,LN004063,Personal,162035.0,12,14.27,14569.25,59.11,6.5,0,Excellent,Rented,East,Approved,Non-Default
CUST004064,Male,33,Graduate,Self-employed,Married,0,59391.0,646.0,1,LN004064,Home,338305.0,36,15.01,11729.11,20.4,0.0,0,Fair,Rented,West,Approved,Non-Default
CUST004065,Female,52,High School,Self-employed,Single,1,104906.0,701.0,1,LN004065,Education,124088.0,36,11.73,4105.51,7.29,5.7,0,Excellent,Rented,East,Approved,Non-Default
CUST004066,Male,68,Graduate,Salaried,Divorced,0,54279.0,667.0,1,LN004066,Personal,112527.0,36,19.17,4134.47,26.39,9.4,0,Good,Rented,East,Approved,Non-Default
CUST004067,Male,50,High School,Self-employed,Single,2,22798.0,658.0,1,LN004067,Business,125988.0,48,14.76,3491.03,29.12,15.0,1,Good,Mortgage,West,Approved,Default
CUST004068,Female,33,Graduate,Self-employed,Divorced,2,74564.0,658.0,0,LN004068,Personal,253518.0,48,17.21,7342.85,15.97,13.2,0,Good,Rented,North,Approved,Non-Default
CUST004069,Male,44,Graduate,Salaried,Married,1,73562.0,623.0,3,LN004069,Home,182802.0,36,17.57,6569.37,10.61,0.0,2,Fair,Rented,North,Approved,Non-Default
CUST004070,Male,27,Postgraduate,Salaried,Single,2,111533.0,804.0,2,LN004070,Home,184742.0,36,13.51,6270.17,21.88,2.1,0,Excellent,Rented,South,Approved,Non-Default
CUST004071,Male,35,Graduate,Self-employed,Single,2,23383.0,747.0,2,LN004071,Education,104955.0,72,14.19,2173.37,26.54,3.8,1,Excellent,Rented,West,Approved,Non-Default
CUST004072,Female,47,High School,Salaried,Married,1,51101.0,747.0,0,LN004072,Home,133104.0,36,13.44,4513.06,9.87,6.2,0,Excellent,Mortgage,North,Approved,Non-Default
CUST004073,Female,45,Graduate,Unemployed,Married,1,36804.0,709.0,1,LN004073,Personal,184933.0,60,15.19,4418.01,22.33,8.2,0,Excellent,Owned,East,Approved,Non-Default
CUST004074,Female,37,Graduate,Salaried,Married,0,156178.0,770.0,0,LN004074,Personal,163184.0,48,16.29,4648.95,6.74,0.0,0,Excellent,Mortgage,East,Approved,Non-Default
CUST004075,Female,40,High School,Salaried,Single,0,35622.0,636.0,1,LN004075,Personal,97117.0,36,16.34,3430.67,26.35,11.9,0,Fair,Owned,West,Approved,Non-Default
CUST004076,Male,48,High School,Salaried,Married,2,30544.0,691.0,2,LN004076,Home,107833.0,48,13.79,2935.35,23.0,5.4,2,Good,Mortgage,North,Approved,Non-Default
CUST004077,Male,41,Postgraduate,Salaried,Married,1,49967.0,706.0,1,LN004077,Personal,559825.0,12,15.7,50713.96,75.0,18.8,1,Excellent,Rented,West,Approved,Non-Default
CUST004078,Male,26,Graduate,Salaried,Single,2,31930.0,685.0,1,LN004078,Business,60733.0,12,15.11,5484.81,25.72,9.0,0,Good,Owned,West,Approved,Default
CUST004079,Female,43,Graduate,Salaried,Single,1,67950.0,727.0,0,LN004079,Education,139120.0,36,14.99,4821.96,28.23,8.7,0,Excellent,Mortgage,North,Approved,Non-Default
CUST004080,Male,29,Graduate,Self-employed,Single,1,22524.0,708.0,2,LN004080,Business,229276.0,60,13.98,5332.47,41.89,1.8,0,Excellent,Mortgage,North,Approved,Non-Default
CUST004081,Female,45,High School,Salaried,Single,2,31638.0,685.0,1,LN004081,Personal,282200.0,36,15.65,9872.62,51.19,4.6,1,Good,Rented,West,Approved,Default
CUST004082,Female,51,Graduate,Salaried,Married,2,44885.0,734.0,1,LN004082,Auto,143413.0,24,13.34,6841.04,32.5,0.0,0,Excellent,Rented,North,Approved,Non-Default
CUST004083,Male,41,High School,Unemployed,Single,0,63965.0,775.0,2,LN004083,Auto,208569.0,48,12.79,5573.67,30.99,0.0,2,Excellent,Owned,South,Approved,Non-Default
CUST004084,Male,51,Graduate,Salaried,Divorced,0,67390.0,690.0,3,LN004084,Education,165839.0,48,14.75,4594.43,21.52,10.2,1,Good,Owned,North,Approved,Non-Default
CUST004085,Male,66,Graduate,Salaried,Single,2,69976.0,659.0,1,LN004085,Home,81463.0,48,13.03,2186.66,13.38,3.6,1,Good,Rented,East,Approved,Non-Default
CUST004086,Male,43,High School,Unemployed,Married,0,92826.0,699.0,0,LN004086,Personal,761791.0,36,16.22,26865.13,53.57,11.8,0,Good,Rented,North,Approved,Default
CUST004087,Male,55,Postgraduate,Salaried,Married,0,105341.0,620.0,0,LN004087,Home,108158.0,24,14.25,5205.76,17.53,9.3,0,Fair,Rented,East,Approved,Non-Default
CUST004088,Male,43,Graduate,Self-employed,Married,2,82462.0,711.0,1,LN004088,Home,124935.0,60,16.28,3056.79,14.45,7.8,0,Excellent,Rented,East,Approved,Non-Default
CUST004089,Female,36,High School,Self-employed,Married,2,27254.0,689.0,1,LN004089,Personal,185375.0,12,16.86,16894.77,75.0,7.8,0,Good,Owned,East,Approved,Non-Default
CUST004090,Male,44,High School,Salaried,Married,0,56021.0,725.0,0,LN004090,Home,312097.0,48,13.53,8455.11,30.12,11.7,0,Excellent,Owned,West,Approved,Non-Default
CUST004091,Male,27,High School,Salaried,Married,0,18501.0,670.0,0,LN004091,Personal,302908.0,60,17.06,7537.82,50.8,0.0,0,Good,Mortgage,West,Approved,Non-Default
CUST004092,Female,44,High School,Salaried,Single,2,33386.0,731.0,0,LN004092,Auto,213041.0,48,12.47,5659.47,37.17,9.5,1,Excellent,Rented,South,Approved,Non-Default
CUST004093,Male,37,High School,,Single,2,98610.0,721.0,0,LN004093,Business,122258.0,12,15.15,11043.46,28.14,11.7,2,Excellent,Owned,East,Approved,Non-Default
CUST004094,Female,34,Graduate,Salaried,Married,0,53069.0,706.0,1,LN004094,Home,296163.0,24,14.78,14329.01,41.12,17.7,0,Excellent,Rented,West,Approved,Non-Default
CUST004095,Female,40,Graduate,Salaried,Married,0,48033.0,639.0,0,LN004095,Personal,263384.0,60,17.07,6555.69,25.81,15.1,0,Fair,Mortgage,East,Approved,Non-Default
CUST004096,Male,59,High School,Unemployed,Married,2,61335.0,612.0,1,LN004096,Business,357076.0,12,14.79,32193.7,70.02,1.4,0,Fair,Owned,East,Approved,Non-Default
CUST004097,Female,44,High School,Self-employed,Divorced,0,84642.0,684.0,2,LN004097,Auto,157235.0,36,14.17,5386.91,12.93,11.2,1,Good,Owned,West,Approved,Non-Default
CUST004098,Female,30,Graduate,Self-employed,Married,1,59356.0,640.0,0,LN004098,Business,304329.0,48,16.01,8626.33,30.22,3.5,1,Fair,Rented,East,Approved,Non-Default
CUST004099,Female,45,High School,Salaried,Married,2,21085.0,690.0,1,LN004099,Education,185065.0,72,15.8,3994.05,33.55,13.4,0,Good,Owned,South,Approved,Non-Default
CUST004100,Male,22,High School,Salaried,Single,0,39022.0,631.0,0,LN004100,Auto,220418.0,72,15.09,4671.52,13.98,3.2,0,Fair,Owned,East,Approved,Non-Default
CUST004101,Female,46,Graduate,Unemployed,Divorced,0,19146.0,758.0,1,LN004101,Personal,60052.0,36,13.44,2036.14,31.85,6.8,1,Excellent,Owned,North,Approved,Non-Default
CUST004102,Female,36,Graduate,Salaried,Married,0,86838.0,647.0,0,LN004102,Personal,184766.0,60,13.82,4281.96,5.0,7.4,0,Fair,Owned,West,Approved,Non-Default
CUST004103,Female,42,High School,Salaried,Single,1,80045.0,583.0,1,LN004103,Auto,214114.0,12,15.98,19424.72,38.3,7.0,1,Fair,Owned,West,Rejected,Non-Default
CUST004104,Female,36,High School,Salaried,Divorced,1,64357.0,707.0,0,LN004104,Auto,580680.0,60,12.16,12963.9,46.75,10.3,0,Excellent,Rented,East,Approved,Default
CUST004105,Female,40,Postgraduate,Self-employed,Married,0,28342.0,662.0,1,LN004105,Personal,115687.0,24,17.3,5736.52,15.63,8.0,1,Good,Rented,North,Approved,Non-Default
CUST004106,Male,33,Graduate,Self-employed,Single,1,111994.0,688.0,2,LN004106,Personal,141897.0,48,17.26,4113.56,5.0,2.2,2,Good,Owned,North,Approved,Default
CUST004107,Male,39,Graduate,Salaried,Married,0,27988.0,693.0,1,LN004107,Personal,178159.0,24,13.74,8532.06,39.7,17.2,1,Good,Rented,West,Approved,Default
CUST004108,Female,29,Graduate,Self-employed,Married,0,23592.0,759.0,2,LN004108,Home,133843.0,60,14.27,3133.06,32.79,15.0,0,Excellent,Owned,West,Approved,Non-Default
CUST004109,Female,56,Postgraduate,Salaried,Married,2,94620.0,681.0,1,LN004109,Home,122638.0,36,15.03,4253.09,5.0,8.2,2,Good,Rented,East,Approved,Non-Default
CUST004110,Female,42,Postgraduate,Self-employed,Married,1,23535.0,667.0,0,LN004110,Education,157529.0,24,14.99,7637.3,47.98,8.2,1,Good,Mortgage,South,Approved,Default
CUST004111,Female,47,Graduate,Self-employed,Married,1,25481.0,633.0,0,LN004111,Auto,244322.0,36,14.39,8396.7,63.34,0.0,0,Fair,Owned,West,Approved,Non-Default
CUST004112,Female,49,High School,Salaried,Single,0,38436.0,703.0,2,LN004112,Business,122567.0,36,14.57,4223.06,41.64,5.6,1,Excellent,Rented,East,Approved,Non-Default
CUST004113,Male,45,Graduate,Salaried,Single,1,101475.0,695.0,1,LN004113,Education,62340.0,48,13.36,1683.59,8.73,2.4,0,Good,Mortgage,South,Approved,Non-Default
CUST004114,Female,37,Graduate,Unemployed,Single,2,45111.0,768.0,0,LN004114,Education,162386.0,12,15.29,14678.92,43.95,0.0,0,Excellent,Owned,East,Approved,Non-Default
CUST004115,Female,40,Graduate,Self-employed,Married,1,67673.0,703.0,2,LN004115,Home,355598.0,36,15.21,12363.52,38.62,13.1,1,Excellent,Rented,South,Approved,Non-Default
CUST004116,Female,39,Graduate,Salaried,Married,1,63399.0,588.0,1,LN004116,Personal,73007.0,60,17.22,1823.06,13.24,16.6,0,Fair,Mortgage,East,Approved,Non-Default
CUST004117,Male,46,High School,Salaried,Married,0,45294.0,695.0,1,LN004117,Personal,199592.0,72,14.86,4205.22,23.68,9.5,0,Good,Rented,South,Approved,Non-Default
CUST004118,Male,40,Graduate,Self-employed,Married,0,84831.0,732.0,0,LN004118,Personal,193440.0,24,14.87,9367.31,14.91,15.9,1,Excellent,Mortgage,East,Approved,Non-Default
CUST004119,Male,60,High School,Salaried,Married,1,28073.0,654.0,1,LN004119,Education,102540.0,24,15.47,4994.75,27.46,7.9,0,Good,Mortgage,South,Approved,Non-Default
CUST004120,Male,42,Postgraduate,Self-employed,Divorced,1,59793.0,611.0,0,LN004120,Personal,183096.0,24,17.97,9138.25,28.91,10.8,0,Fair,Owned,West,Approved,Non-Default
CUST004121,Female,53,Graduate,Self-employed,Married,1,26111.0,711.0,1,LN004121,Business,329705.0,36,17.25,11795.95,65.19,6.9,0,Excellent,Owned,North,Approved,Default
CUST004122,Female,44,High School,Salaried,Married,0,119054.0,696.0,0,LN004122,Personal,319273.0,24,16.2,15663.13,21.35,3.0,0,Good,Rented,East,Approved,Non-Default
CUST004123,Male,45,High School,Self-employed,Single,2,103651.0,731.0,3,LN004123,Home,457554.0,36,12.88,15390.37,22.35,3.1,0,Excellent,Owned,East,Approved,Non-Default
CUST004124,Male,43,Graduate,Salaried,Single,1,42926.0,679.0,1,LN004124,Business,153699.0,48,15.56,4321.32,24.34,10.4,1,Good,Owned,South,Approved,Non-Default
CUST004125,Female,24,Postgraduate,Unemployed,Divorced,0,53388.0,700.0,1,LN004125,Personal,291086.0,72,17.38,6537.41,20.22,13.1,0,Excellent,Owned,South,Approved,Non-Default
CUST004126,Female,28,Postgraduate,Self-employed,Married,2,85368.0,616.0,2,LN004126,Home,101693.0,48,14.8,2819.89,26.16,9.0,0,Fair,Rented,North,Approved,Non-Default
CUST004127,Male,57,Graduate,Salaried,Married,2,42792.0,731.0,1,LN004127,Personal,152017.0,24,16.53,7481.78,45.31,16.4,0,Excellent,Rented,South,Approved,Non-Default
CUST004128,Female,43,Graduate,Salaried,Single,1,59081.0,596.0,1,LN004128,Business,563839.0,48,15.42,15812.36,42.03,17.3,0,Fair,Mortgage,East,Approved,Default
CUST004129,Male,21,High School,Salaried,Single,0,41227.0,590.0,2,LN004129,Home,220111.0,36,15.74,7710.23,32.29,7.9,1,Fair,Rented,West,Approved,Default
CUST004130,Female,47,High School,Salaried,Married,1,49448.0,637.0,0,LN004130,Business,67274.0,60,16.4,1650.31,14.09,14.5,1,Fair,Owned,East,Approved,Non-Default
CUST004131,Male,55,Graduate,Salaried,Single,2,57095.0,609.0,0,LN004131,Education,95233.0,72,16.61,2097.89,11.61,8.6,0,Fair,Rented,East,Approved,Non-Default
CUST004132,Female,56,High School,Salaried,Married,0,41554.0,693.0,2,LN004132,Personal,165610.0,60,15.46,3979.95,16.82,3.0,1,Good,Owned,North,Rejected,Non-Default
CUST004133,Male,34,Graduate,Self-employed,Divorced,1,66600.0,703.0,0,LN004133,Auto,274057.0,36,15.04,9505.65,29.57,7.8,0,Excellent,Rented,North,Approved,Non-Default
CUST004134,Female,37,High School,Salaried,Divorced,0,21543.0,651.0,3,LN004134,Home,223398.0,24,15.14,10846.69,74.68,0.0,0,Good,Rented,West,Approved,Non-Default
CUST004135,Female,40,Graduate,Salaried,Single,0,57186.0,681.0,1,LN004135,Auto,292429.0,12,14.06,26264.61,67.24,5.8,3,Good,Mortgage,South,Approved,Non-Default
CUST004136,Female,50,Graduate,Salaried,Married,3,49587.0,745.0,1,LN004136,Personal,67016.0,36,15.19,2329.37,13.9,4.0,2,Excellent,Owned,North,Rejected,Non-Default
CUST004137,Male,55,High School,Salaried,Married,3,40228.0,638.0,1,LN004137,Auto,254198.0,60,14.0,5914.74,31.0,6.5,0,Fair,Rented,South,Approved,Non-Default
CUST004138,Male,40,High School,Self-employed,Married,3,69359.0,766.0,0,LN004138,Business,158240.0,60,14.64,3734.68,10.99,8.6,0,Excellent,Rented,East,Approved,Non-Default
CUST004139,Male,26,High School,Salaried,Married,2,85861.0,691.0,1,LN004139,Home,358045.0,12,14.58,32245.62,57.58,2.7,1,Good,Mortgage,North,Approved,Non-Default
CUST004140,Male,55,Graduate,Self-employed,Married,2,62390.0,639.0,1,LN004140,Auto,319522.0,48,15.57,8985.13,19.13,10.7,0,Fair,Mortgage,North,Approved,Non-Default
CUST004141,Male,34,Graduate,Self-employed,Married,0,44829.0,846.0,2,LN004141,Personal,187695.0,24,14.29,9037.51,29.5,8.1,0,Excellent,Owned,South,Approved,Non-Default
CUST004142,Male,28,Graduate,Self-employed,Divorced,1,34500.0,688.0,0,LN004142,Personal,502814.0,12,17.75,46038.18,75.0,4.9,0,Good,Owned,West,Approved,Non-Default
CUST004143,Female,45,Graduate,Salaried,Divorced,0,70897.0,635.0,1,LN004143,Personal,103226.0,60,15.61,2488.92,5.29,8.4,3,Fair,Rented,West,Approved,Non-Default
CUST004144,Female,44,Graduate,Salaried,Divorced,0,95754.0,595.0,2,LN004144,Home,180802.0,12,12.34,16092.81,43.09,11.8,0,Fair,Rented,South,Approved,Default
CUST004145,Male,28,Postgraduate,Self-employed,Married,2,29122.0,648.0,1,LN004145,Home,50607.0,60,14.18,1182.26,22.73,0.0,0,Fair,Owned,East,Approved,Non-Default
CUST004146,Male,63,Graduate,Unemployed,Married,1,45181.0,728.0,3,LN004146,Auto,86749.0,60,13.14,1980.03,8.29,9.5,0,Excellent,Mortgage,South,Approved,Non-Default
CUST004147,Male,65,Postgraduate,Salaried,Divorced,0,48672.0,631.0,2,LN004147,Home,455653.0,48,13.82,12410.29,39.86,4.7,0,Fair,Rented,East,Rejected,Non-Default
CUST004148,Female,37,High School,Salaried,Single,0,100180.0,724.0,0,LN004148,Personal,64531.0,60,15.43,1549.79,9.65,14.8,1,Excellent,Mortgage,West,Approved,Default
CUST004149,Male,43,Postgraduate,Self-employed,Divorced,2,33342.0,714.0,1,LN004149,Home,266994.0,24,14.89,12931.69,56.78,2.5,1,Excellent,Mortgage,East,Approved,Non-Default
CUST004150,Female,50,High School,Self-employed,Married,0,77163.0,784.0,2,LN004150,Personal,47326.0,12,14.12,4251.94,9.53,18.5,0,Excellent,Rented,North,Approved,Non-Default
CUST004151,Female,61,Graduate,Self-employed,Single,0,52059.0,667.0,1,LN004151,Business,159152.0,24,16.02,7794.1,30.28,10.7,0,Good,Owned,South,Approved,Non-Default
CUST004152,Male,37,Postgraduate,Unemployed,Single,2,77882.0,754.0,0,LN004152,Personal,470017.0,12,13.06,41993.87,75.0,12.0,0,Excellent,Owned,North,Approved,Default
CUST004153,Female,25,High School,Self-employed,Divorced,3,76915.0,603.0,0,LN004153,Home,303613.0,24,14.66,14672.18,33.18,5.2,1,Fair,Owned,East,Approved,Non-Default
CUST004154,Male,34,High School,Salaried,Single,2,48515.0,755.0,0,LN004154,Auto,212973.0,48,13.91,5810.19,25.94,6.6,1,Excellent,Rented,East,Approved,Non-Default
CUST004155,Male,35,Graduate,Self-employed,Married,1,67300.0,751.0,1,LN004155,Personal,236329.0,36,16.39,8354.2,26.76,12.4,1,Excellent,Rented,West,Approved,Non-Default
CUST004156,Female,43,High School,Salaried,Single,1,77936.0,707.0,2,LN004156,Auto,233028.0,60,14.49,5481.53,15.5,13.5,0,Excellent,Owned,East,Approved,Non-Default
CUST004157,Female,36,High School,Salaried,Single,2,69058.0,636.0,3,LN004157,Education,46966.0,36,18.2,1702.65,8.46,2.6,0,Fair,Mortgage,North,Approved,Non-Default
CUST004158,Female,46,Postgraduate,Salaried,Married,0,54569.0,749.0,2,LN004158,Auto,181399.0,48,13.37,4899.86,23.35,8.1,0,Excellent,Rented,South,Approved,Non-Default
CUST004159,Male,44,Graduate,Self-employed,Married,0,107954.0,578.0,0,LN004159,Auto,101371.0,60,16.76,2506.27,8.52,0.6,0,Fair,Rented,East,Approved,Non-Default
CUST004160,Female,29,Graduate,Salaried,Married,3,69554.0,701.0,3,LN004160,Personal,122161.0,24,15.84,5972.05,22.46,5.9,0,Excellent,Owned,East,Approved,Non-Default
CUST004161,Female,32,Graduate,Self-employed,Married,1,69298.0,769.0,0,LN004161,Auto,81714.0,48,13.26,2202.74,5.0,10.0,0,Excellent,Rented,South,Rejected,Non-Default
CUST004162,Female,34,Graduate,Salaried,Married,2,103461.0,750.0,3,LN004162,Home,122910.0,36,14.46,4228.29,8.94,6.8,0,Excellent,Owned,East,Approved,Non-Default
CUST004163,Male,37,High School,Self-employed,Married,0,28182.0,619.0,3,LN004163,Home,188679.0,36,16.88,6715.66,46.16,18.0,3,Fair,Rented,West,Approved,Default
CUST004164,Male,29,Postgraduate,Salaried,Single,0,52511.0,771.0,1,LN004164,Personal,131044.0,12,16.42,11915.8,42.02,4.1,0,Excellent,Rented,West,Approved,Non-Default
CUST004165,Female,35,Graduate,Self-employed,Married,2,51113.0,778.0,0,LN004165,Business,563033.0,36,15.84,19750.12,52.49,6.6,0,Excellent,Owned,South,Rejected,Default
CUST004166,Female,31,High School,Salaried,Married,1,44342.0,684.0,1,LN004166,Auto,378963.0,72,13.16,7639.38,28.95,2.3,0,Good,Mortgage,East,Approved,Non-Default
CUST004167,Female,47,Graduate,Salaried,Divorced,1,55781.0,699.0,1,LN004167,Auto,37836.0,72,13.07,760.92,5.0,10.7,1,Good,Owned,East,Approved,Default
CUST004168,Male,45,Graduate,Salaried,Married,2,39901.0,619.0,0,LN004168,Home,217403.0,24,17.9,10843.15,35.88,4.7,0,Fair,Owned,South,Approved,Non-Default
CUST004169,Female,58,Graduate,Salaried,Single,0,49036.0,725.0,1,LN004169,Business,220482.0,72,14.99,4660.9,18.43,5.4,0,Excellent,Owned,East,Approved,Non-Default
CUST004170,Male,39,Graduate,Salaried,Single,0,65887.0,754.0,2,LN004170,Auto,392374.0,36,13.86,13383.75,34.97,6.3,1,Excellent,Owned,North,Approved,Non-Default
CUST004171,Male,51,Graduate,Salaried,Married,3,58323.0,727.0,2,LN004171,Personal,162117.0,12,17.13,14795.84,40.07,2.0,1,Excellent,Mortgage,North,Rejected,Non-Default
CUST004172,Male,40,Postgraduate,Self-employed,Married,3,39350.0,,1,LN004172,Business,321429.0,36,16.12,11319.54,34.72,10.8,2,Good,Mortgage,North,Rejected,Default
CUST004173,Female,45,Graduate,Salaried,Married,2,36704.0,676.0,2,LN004173,Personal,209983.0,24,16.04,10285.43,35.19,7.5,0,Good,Rented,North,Approved,Non-Default
CUST004174,Female,45,High School,Salaried,Single,0,53281.0,530.0,2,LN004174,Personal,217257.0,12,17.86,19903.65,42.62,8.8,0,Poor,Mortgage,North,Approved,Default
CUST004175,Female,35,Graduate,Self-employed,Divorced,0,111533.0,535.0,1,LN004175,Education,71333.0,36,15.59,2493.44,5.0,5.8,0,Poor,Owned,West,Approved,Non-Default
CUST004176,Male,52,High School,Self-employed,Married,2,111607.0,765.0,0,LN004176,Personal,84483.0,48,14.34,2323.06,20.87,4.5,1,Excellent,Rented,South,Approved,Non-Default
CUST004177,Female,31,Graduate,Self-employed,Divorced,0,44249.0,694.0,1,LN004177,Home,192119.0,60,13.6,4430.53,24.79,11.8,2,Good,Mortgage,North,Rejected,Default
CUST004178,Male,36,Postgraduate,Salaried,Married,2,26016.0,646.0,0,LN004178,Home,83790.0,60,14.41,1967.5,17.43,5.6,0,Fair,Mortgage,South,Approved,Non-Default
CUST004179,Female,22,Postgraduate,Self-employed,Married,0,34648.0,662.0,2,LN004179,Education,256827.0,24,16.27,12608.21,52.21,6.2,0,Good,Owned,South,Approved,Non-Default
CUST004180,Female,31,Graduate,Self-employed,Single,2,49085.0,543.0,0,LN004180,Personal,429753.0,48,18.33,12698.22,38.98,9.9,0,Poor,Rented,West,Approved,Default
CUST004181,Female,61,Graduate,Unemployed,Divorced,1,238665.0,672.0,0,LN004181,Auto,403708.0,72,13.06,8116.87,5.0,13.1,0,Good,Rented,East,Approved,Non-Default
CUST004182,Male,37,Postgraduate,Salaried,Single,0,102521.0,550.0,0,LN004182,Auto,157542.0,36,16.02,5540.27,14.94,1.2,0,Fair,Rented,South,Rejected,Non-Default
CUST004183,Female,57,,Salaried,Married,3,70726.0,789.0,1,LN004183,Business,247681.0,24,14.05,11897.73,25.44,11.5,2,Excellent,Rented,South,Approved,Non-Default
CUST004184,Female,27,Postgraduate,Unemployed,Single,2,42731.0,599.0,0,LN004184,Personal,123020.0,48,16.25,3502.19,16.28,8.7,2,Fair,Owned,East,Approved,Non-Default
CUST004185,Female,42,Postgraduate,Self-employed,Single,0,60603.0,661.0,1,LN004185,Personal,100095.0,48,16.39,2856.75,14.9,9.9,0,Good,Rented,South,Approved,Non-Default
CUST004186,Female,47,Postgraduate,Self-employed,Married,0,20681.0,754.0,0,LN004186,Personal,540266.0,12,13.58,48402.23,75.0,7.7,0,Excellent,Mortgage,West,Approved,Default
CUST004187,Female,33,Graduate,Salaried,Single,3,96201.0,629.0,1,LN004187,Business,157175.0,36,14.22,5388.68,7.0,5.8,0,Fair,Owned,East,Rejected,Non-Default
CUST004188,Female,33,High School,Salaried,Married,1,68401.0,671.0,1,LN004188,Personal,92475.0,36,16.09,3255.26,24.17,16.0,1,Good,Mortgage,East,Approved,Non-Default
CUST004189,Female,51,High School,Self-employed,Single,0,179336.0,601.0,0,LN004189,Personal,270620.0,60,18.6,6960.6,14.92,10.9,0,Fair,Rented,East,Approved,Non-Default
CUST004190,Male,28,Graduate,Self-employed,Single,3,105071.0,682.0,0,LN004190,Personal,199236.0,60,16.64,4913.04,12.11,3.2,0,Good,Owned,South,Approved,Non-Default
CUST004191,Male,47,High School,Salaried,Divorced,2,37280.0,701.0,1,LN004191,Personal,54353.0,24,17.17,2691.78,21.42,15.5,0,Excellent,Mortgage,South,Approved,Non-Default
CUST004192,Female,39,Graduate,Self-employed,Single,2,49446.0,685.0,2,LN004192,Personal,199465.0,36,14.12,6828.87,20.78,11.5,0,Good,Rented,West,Approved,Non-Default
CUST004193,Male,45,Postgraduate,Salaried,Single,2,65133.0,637.0,3,LN004193,Personal,133086.0,48,16.64,3815.46,5.0,4.1,0,Fair,Rented,North,Approved,Non-Default
CUST004194,Female,62,High School,Self-employed,Married,1,113355.0,766.0,2,LN004194,Home,636064.0,48,15.23,17776.38,17.8,2.4,0,Excellent,Rented,South,Approved,Non-Default
CUST004195,Female,27,Graduate,Self-employed,Divorced,0,44272.0,739.0,0,LN004195,Personal,218249.0,24,15.17,10599.8,29.52,5.1,0,Excellent,Mortgage,South,Approved,Non-Default
CUST004196,Female,45,Postgraduate,Self-employed,Married,0,60279.0,801.0,1,LN004196,Education,302981.0,48,12.98,8125.21,32.0,9.0,1,Excellent,Mortgage,East,Approved,Non-Default
CUST004197,Female,40,Postgraduate,Self-employed,Single,1,63154.0,665.0,3,LN004197,Personal,169118.0,72,16.36,3702.08,6.49,15.7,0,Good,Rented,West,Approved,Non-Default
CUST004198,Female,51,Graduate,Salaried,Divorced,2,53030.0,767.0,3,LN004198,Auto,207053.0,24,14.6,10000.0,29.28,16.7,0,Excellent,Rented,South,Approved,Non-Default
CUST004199,Male,42,Graduate,Self-employed,Married,0,87012.0,737.0,0,LN004199,Home,99970.0,24,17.13,4948.99,20.73,13.5,2,Excellent,Owned,East,Approved,Non-Default
CUST004200,Male,34,High School,Salaried,Single,2,102148.0,752.0,0,LN004200,Education,388652.0,60,12.55,8753.76,13.75,1.0,0,Excellent,Owned,South,Approved,Non-Default
CUST004201,Female,35,High School,Self-employed,Divorced,2,102036.0,609.0,1,LN004201,Business,178470.0,12,17.88,16351.94,22.26,5.9,0,Fair,Mortgage,West,Approved,Non-Default
CUST004202,Female,47,Graduate,Salaried,Married,1,51549.0,710.0,0,LN004202,Personal,177585.0,48,16.86,5111.37,22.24,2.5,0,Excellent,Mortgage,North,Approved,Non-Default
CUST004203,Male,48,Graduate,Self-employed,Single,1,62460.0,713.0,1,LN004203,Education,226343.0,48,13.07,6080.08,7.76,6.5,1,Excellent,Rented,West,Approved,Non-Default
CUST004204,Female,45,High School,Self-employed,Single,2,52486.0,667.0,0,LN004204,Personal,142677.0,12,18.13,13089.46,42.08,1.5,0,Good,Mortgage,North,Approved,Non-Default
CUST004205,Female,47,Graduate,Self-employed,Single,1,62050.0,674.0,1,LN004205,Home,133189.0,36,13.59,4525.61,25.85,2.0,1,Good,Owned,West,Approved,Non-Default
CUST004206,Male,46,High School,Salaried,Married,2,54433.0,795.0,0,LN004206,Personal,181929.0,60,14.47,4277.63,12.89,14.9,1,Excellent,Mortgage,West,Approved,Non-Default
CUST004207,Male,24,Graduate,Salaried,Divorced,0,33139.0,705.0,3,LN004207,Auto,127215.0,48,13.59,3450.23,36.27,8.0,0,Excellent,Owned,South,Approved,Non-Default
CUST004208,Male,48,High School,Self-employed,Married,0,70734.0,630.0,0,LN004208,Personal,243207.0,36,18.27,8825.49,21.07,3.1,2,Fair,Owned,West,Approved,Default
CUST004209,Female,41,Graduate,Salaried,Married,3,49521.0,739.0,2,LN004209,Home,253563.0,24,14.88,12279.97,29.43,3.3,0,Excellent,Mortgage,East,Approved,Non-Default
CUST004210,Male,27,,Salaried,Married,2,72211.0,675.0,1,LN004210,Personal,209170.0,24,15.1,10151.89,30.55,10.0,0,Good,Mortgage,South,Approved,Non-Default
CUST004211,Female,70,High School,Self-employed,Married,1,30624.0,809.0,2,LN004211,Personal,290390.0,60,13.98,6753.86,36.57,3.1,0,Excellent,Owned,West,Approved,Non-Default
CUST004212,Female,44,Postgraduate,Salaried,Single,2,,704.0,0,LN004212,Home,166890.0,12,14.75,15043.53,52.97,7.6,1,Excellent,Mortgage,East,Rejected,Non-Default
CUST004213,Male,31,High School,Salaried,Single,2,18000.0,778.0,2,LN004213,Personal,245959.0,60,14.29,5760.08,49.21,7.7,0,Excellent,Mortgage,East,Approved,Default
CUST004214,Female,53,Postgraduate,Salaried,Single,3,44397.0,722.0,1,LN004214,Home,173399.0,12,12.39,15437.94,61.42,6.8,0,Excellent,Rented,South,Rejected,Non-Default
CUST004215,Female,43,High School,Self-employed,Married,1,82874.0,668.0,0,LN004215,Home,323662.0,24,14.87,15673.3,30.8,5.3,1,Good,Owned,East,Approved,Non-Default
CUST004216,Male,55,Graduate,Self-employed,Divorced,3,98849.0,754.0,3,LN004216,Auto,195836.0,36,15.54,6840.62,27.27,5.0,0,Excellent,Owned,North,Approved,Non-Default
CUST004217,Female,34,Postgraduate,Salaried,Single,2,51102.0,664.0,2,LN004217,Personal,220034.0,36,17.92,7945.93,29.17,14.5,0,Good,Owned,East,Rejected,Default
CUST004218,Female,35,High School,Self-employed,Single,0,40789.0,672.0,0,LN004218,Education,305896.0,60,13.3,7007.14,30.54,8.6,0,Good,Rented,East,Approved,Non-Default
CUST004219,Female,33,Graduate,Self-employed,Married,1,77130.0,700.0,0,LN004219,Auto,96764.0,24,15.5,4714.78,20.27,5.7,0,Excellent,Mortgage,West,Approved,Default
CUST004220,Female,58,Graduate,Unemployed,Married,0,76619.0,785.0,1,LN004220,Home,208354.0,24,12.93,9898.68,15.63,0.0,0,Excellent,Rented,West,Approved,Non-Default
CUST004221,Female,40,Graduate,Self-employed,Single,0,43525.0,696.0,0,LN004221,Personal,70569.0,60,17.39,1768.65,21.33,12.4,0,Good,Rented,West,Approved,Non-Default
CUST004222,Female,38,High School,Unemployed,Married,1,91577.0,678.0,0,LN004222,Personal,163503.0,72,15.43,3495.57,17.02,0.0,1,Good,Owned,West,Approved,Non-Default
CUST004223,Male,29,Graduate,Salaried,Divorced,2,80566.0,648.0,0,LN004223,Business,198983.0,48,14.44,5481.53,13.93,17.1,0,Fair,Owned,West,Approved,Non-Default
CUST004224,Male,35,High School,Salaried,Single,0,37096.0,750.0,1,LN004224,Auto,643546.0,12,15.7,58298.16,75.0,3.9,0,Excellent,Rented,East,Approved,Non-Default
CUST004225,Female,37,Graduate,Self-employed,Married,1,35632.0,670.0,0,LN004225,Auto,74685.0,24,17.36,3705.53,28.1,0.0,2,Good,Rented,South,Approved,Default
CUST004226,Female,40,Graduate,Salaried,Married,1,28219.0,557.0,1,LN004226,Home,121746.0,24,16.68,6000.7,27.44,5.8,0,Fair,Owned,South,Approved,Non-Default
CUST004227,Female,39,High School,Self-employed,Married,3,60913.0,704.0,1,LN004227,Personal,263442.0,24,15.46,12831.07,32.71,4.2,0,Excellent,Mortgage,East,Approved,Non-Default
CUST004228,Male,41,Graduate,Salaried,Married,3,31416.0,638.0,1,LN004228,Business,588478.0,36,17.03,20989.63,75.0,13.6,0,Fair,Mortgage,South,Approved,Non-Default
CUST004229,Male,42,High School,Salaried,Married,2,37525.0,642.0,0,LN004229,Personal,140974.0,36,15.71,4936.07,19.84,5.7,0,Fair,Mortgage,West,Approved,Non-Default
CUST004230,Female,37,High School,Salaried,Married,2,37403.0,638.0,0,LN004230,Personal,75614.0,24,16.49,3720.02,15.15,17.2,0,Fair,Rented,East,Approved,Non-Default
CUST004231,Male,39,Graduate,Self-employed,Single,0,118034.0,792.0,2,LN004231,Home,162590.0,24,15.33,7908.96,33.91,10.8,0,Excellent,Rented,East,Rejected,Non-Default
CUST004232,Male,43,Graduate,Salaried,Married,2,77742.0,624.0,0,LN004232,Business,114024.0,24,16.51,5610.8,6.17,3.3,0,Fair,Owned,East,Approved,Non-Default
CUST004233,Female,21,Postgraduate,Salaried,Divorced,0,74782.0,634.0,0,LN004233,Business,457741.0,12,14.62,41232.9,67.36,11.0,1,Fair,Mortgage,South,Approved,Default
CUST004234,Male,50,Graduate,Salaried,Single,0,105599.0,708.0,0,LN004234,Auto,334739.0,36,13.69,11390.25,22.9,13.4,0,Excellent,Mortgage,South,Approved,Non-Default
CUST004235,Male,34,Postgraduate,Self-employed,Married,0,62755.0,711.0,3,LN004235,Education,322120.0,72,14.18,6668.61,32.91,0.0,0,Excellent,Owned,West,Approved,Non-Default
CUST004236,Male,47,Graduate,Unemployed,Single,2,126192.0,724.0,0,LN004236,Personal,100618.0,24,15.4,4897.77,6.78,0.0,0,Excellent,Rented,East,Approved,Non-Default
CUST004237,Female,49,High School,Salaried,Married,0,77105.0,686.0,1,LN004237,Home,87384.0,72,13.98,1799.68,21.48,0.0,2,Good,Owned,West,Approved,Non-Default
CUST004238,Male,29,Graduate,Salaried,Single,0,79334.0,612.0,1,LN004238,Business,262144.0,60,16.51,6446.09,20.14,12.0,0,Fair,Rented,North,Approved,Non-Default
CUST004239,Male,30,Graduate,Self-employed,Single,1,54707.0,624.0,1,LN004239,Personal,192202.0,36,17.44,6894.69,13.54,0.3,0,Fair,Mortgage,East,Approved,Non-Default
CUST004240,Female,36,Postgraduate,Salaried,Divorced,0,76206.0,729.0,1,LN004240,Personal,541799.0,24,16.0,26528.16,66.54,9.0,1,Excellent,Owned,West,Approved,Default
CUST004241,Male,34,Graduate,Salaried,Married,2,41246.0,719.0,0,LN004241,Home,474540.0,36,14.33,16294.81,54.48,1.4,0,Excellent,Rented,East,Approved,Default
CUST004242,Female,44,Graduate,Unemployed,Married,2,50777.0,725.0,1,LN004242,Education,147499.0,72,14.93,3113.26,22.63,2.2,0,Excellent,Owned,North,Rejected,Non-Default
CUST004243,Male,37,Graduate,Salaried,Divorced,0,53182.0,622.0,1,LN004243,Home,197594.0,36,14.01,6754.25,25.46,15.2,3,Fair,Rented,West,Approved,Non-Default
CUST004244,Male,43,Graduate,Salaried,Married,3,69514.0,610.0,0,LN004244,Auto,414675.0,24,15.36,20177.2,33.94,0.0,1,Fair,Mortgage,West,Rejected,Non-Default
CUST004245,Male,57,Postgraduate,Self-employed,Married,1,57752.0,850.0,1,LN004245,Personal,141860.0,48,12.5,3770.64,13.92,2.8,0,Excellent,Owned,North,Approved,Non-Default
CUST004246,Male,34,Graduate,Self-employed,Married,2,71813.0,675.0,2,LN004246,Business,144163.0,48,15.67,4061.3,7.51,22.2,0,Good,Owned,North,Approved,Default
CUST004247,Female,41,Graduate,Salaried,Single,3,51484.0,730.0,0,LN004247,Education,873500.0,60,13.7,20189.22,45.46,11.6,0,Excellent,Rented,East,Rejected,Non-Default
CUST004248,Female,36,Postgraduate,Self-employed,Married,2,28438.0,646.0,2,LN004248,Education,119876.0,36,13.55,4070.93,27.29,18.8,0,Fair,Rented,South,Approved,Non-Default
CUST004249,Female,44,Graduate,Self-employed,Married,0,48520.0,768.0,0,LN004249,Auto,69078.0,60,14.88,1639.01,13.17,6.7,3,Excellent,Rented,North,Approved,Non-Default
CUST004250,Female,56,Graduate,Self-employed,Married,1,35929.0,779.0,1,LN004250,Education,610393.0,60,13.49,14041.9,54.06,12.7,0,Excellent,Owned,East,Rejected,Default
CUST004251,Male,35,Graduate,Salaried,Single,0,40723.0,725.0,0,LN004251,Home,139824.0,60,13.61,3225.26,13.39,9.8,0,Excellent,Rented,North,Approved,Non-Default
CUST004252,Male,41,High School,Salaried,Divorced,2,36289.0,650.0,0,LN004252,Personal,541581.0,60,17.24,13529.67,47.5,0.0,0,Good,Owned,North,Approved,Non-Default
CUST004253,Female,64,Graduate,Salaried,Married,0,29529.0,776.0,1,LN004253,Personal,90689.0,72,13.53,1845.97,20.81,12.3,0,Excellent,Rented,East,Approved,Non-Default
CUST004254,Female,69,Graduate,Salaried,Divorced,0,83845.0,681.0,0,LN004254,Personal,406608.0,36,18.1,14720.26,26.28,5.2,0,Good,Owned,North,Approved,Non-Default
CUST004255,Male,34,Graduate,Salaried,Married,0,53434.0,792.0,0,LN004255,Home,189529.0,48,11.96,4987.3,27.58,0.0,0,Excellent,Rented,East,Approved,Non-Default
CUST004256,Male,21,Graduate,Salaried,Married,0,38042.0,768.0,0,LN004256,Personal,709395.0,24,13.78,33986.42,75.0,4.6,0,Excellent,Owned,North,Approved,Non-Default
CUST004257,Female,49,High School,Salaried,Married,2,52744.0,722.0,1,LN004257,Auto,449156.0,24,13.24,21404.36,53.85,0.0,1,Excellent,Rented,South,Approved,Default
CUST004258,Female,35,Graduate,Self-employed,Married,0,52451.0,808.0,1,LN004258,Personal,90129.0,24,14.12,4332.46,14.67,3.7,0,Excellent,Mortgage,South,Approved,Non-Default
CUST004259,Female,41,Graduate,Salaried,Single,1,42985.0,593.0,2,LN004259,Auto,255742.0,60,12.81,5794.07,11.22,0.0,0,Fair,Owned,East,Approved,Non-Default
CUST004260,Male,21,Graduate,Self-employed,Married,0,115070.0,625.0,0,LN004260,Home,133542.0,60,14.66,3153.17,13.08,9.2,0,Fair,Owned,North,Approved,Non-Default
CUST004261,Female,36,Graduate,Unemployed,Single,1,45301.0,674.0,1,LN004261,Personal,332961.0,36,17.35,11929.05,40.11,7.5,2,Good,Owned,North,Approved,Default
CUST004262,Male,46,Graduate,Self-employed,Single,1,70169.0,735.0,1,LN004262,Home,284585.0,24,14.97,13794.52,26.96,8.9,0,Excellent,Rented,West,Approved,Non-Default
CUST004263,Male,38,High School,Salaried,Married,2,73546.0,631.0,1,LN004263,Home,130435.0,12,14.73,11756.23,26.58,7.2,0,Fair,Mortgage,North,Approved,Non-Default
CUST004264,Male,43,Graduate,Self-employed,Divorced,0,18000.0,798.0,1,LN004264,Personal,145647.0,12,13.75,13060.1,75.0,2.1,0,Excellent,Rented,South,Approved,Non-Default
CUST004265,Female,31,High School,Salaried,Single,2,34576.0,734.0,3,LN004265,Home,233481.0,48,13.9,6368.51,20.55,13.2,0,Excellent,Rented,North,Approved,Non-Default
CUST004266,Female,60,Postgraduate,Salaried,Married,1,22748.0,671.0,1,LN004266,Education,31144.0,36,15.42,1086.03,7.36,0.0,0,Good,Owned,East,Approved,Non-Default
CUST004267,Male,44,Graduate,Unemployed,Married,0,39829.0,566.0,1,LN004267,Home,363622.0,60,17.05,9046.72,39.39,0.0,0,Fair,Rented,North,Approved,Default
CUST004268,Male,56,Graduate,Salaried,Married,2,50120.0,826.0,2,LN004268,Personal,158174.0,36,16.93,5633.83,25.01,3.1,0,Excellent,Mortgage,South,Approved,Non-Default
CUST004269,Male,28,Postgraduate,Salaried,Single,3,67631.0,693.0,1,LN004269,Auto,83981.0,36,15.66,2938.45,25.7,13.1,0,Good,Rented,West,Approved,Non-Default
CUST004270,Male,37,Graduate,Self-employed,Married,3,47009.0,751.0,0,LN004270,Auto,163236.0,12,12.99,14579.03,49.13,15.0,1,Excellent,Mortgage,South,Approved,Default
CUST004271,Male,50,Graduate,Unemployed,Single,2,66767.0,579.0,0,LN004271,Home,78444.0,60,14.51,1846.06,5.0,11.5,0,Fair,Mortgage,East,Approved,Non-Default
CUST004272,Female,40,Postgraduate,Unemployed,Divorced,0,41519.0,640.0,3,LN004272,Home,209716.0,60,12.88,4758.81,23.74,20.6,1,Fair,Mortgage,North,Approved,Default
CUST004273,Female,33,Postgraduate,Self-employed,Married,2,66088.0,765.0,2,LN004273,Home,337833.0,24,13.21,16094.54,35.34,6.2,0,Excellent,Owned,West,Approved,Default
CUST004274,Male,23,High School,Salaried,Married,0,89338.0,738.0,2,LN004274,Personal,138286.0,36,17.66,4975.82,5.32,17.4,3,Excellent,Owned,South,Approved,Non-Default
CUST004275,Male,56,Postgraduate,Unemployed,Married,3,42538.0,773.0,0,LN004275,Personal,421587.0,36,15.03,14620.65,54.87,5.1,1,Excellent,Owned,South,Approved,Non-Default
CUST004276,Male,37,High School,Salaried,Married,2,19865.0,792.0,1,LN004276,Education,116482.0,36,11.92,3864.42,32.34,8.2,1,Excellent,Rented,East,Approved,Non-Default
CUST004277,Male,41,Graduate,Salaried,Married,0,50640.0,593.0,1,LN004277,Personal,234777.0,72,18.17,5377.33,18.24,10.3,0,Fair,Mortgage,West,Rejected,Non-Default
CUST004278,Male,32,Graduate,Salaried,Married,1,56664.0,691.0,3,LN004278,Personal,968343.0,48,16.88,27881.5,49.91,6.0,0,Good,Rented,North,Approved,Non-Default
CUST004279,Male,43,Graduate,Unemployed,Married,0,91331.0,741.0,0,LN004279,Business,240371.0,24,15.11,11667.35,17.21,13.9,1,Excellent,Mortgage,East,Approved,Non-Default
CUST004280,Female,52,Graduate,Unemployed,Married,0,26921.0,788.0,0,LN004280,Personal,561923.0,24,16.27,27586.05,75.0,17.4,2,Excellent,Rented,South,Approved,Non-Default
CUST004281,Female,44,High School,Self-employed,Single,2,42347.0,685.0,0,LN004281,Business,212656.0,12,17.4,19435.63,61.61,10.8,0,Good,Owned,South,Approved,Non-Default
CUST004282,Male,43,Graduate,Salaried,Single,0,48504.0,658.0,2,LN004282,Business,47715.0,36,16.38,1686.48,22.69,9.1,0,Good,Rented,South,Approved,Non-Default
CUST004283,Female,45,Postgraduate,Self-employed,Single,1,79340.0,705.0,2,LN004283,Home,569236.0,48,13.75,15483.92,35.55,7.3,0,Excellent,Rented,West,Approved,Non-Default
CUST004284,Female,33,Graduate,Salaried,Married,1,38175.0,627.0,0,LN004284,Business,176067.0,36,15.83,6175.23,30.45,5.9,0,Fair,Owned,East,Approved,Non-Default
CUST004285,Female,39,Graduate,Salaried,Married,0,45649.0,626.0,1,LN004285,Personal,49662.0,48,16.81,1428.12,15.05,13.0,0,Fair,Owned,North,Approved,Non-Default
CUST004286,Male,21,Graduate,Salaried,Divorced,3,99451.0,592.0,1,LN004286,Personal,187669.0,60,16.42,4605.73,13.94,14.8,0,Fair,Owned,South,Approved,Default
CUST004287,Female,40,High School,Unemployed,Married,0,42147.0,835.0,0,LN004287,Personal,128250.0,36,14.13,4391.38,20.59,11.1,0,Excellent,Mortgage,North,Approved,Non-Default
CUST004288,Male,52,High School,Self-employed,Single,1,40559.0,625.0,0,LN004288,Home,35782.0,60,15.33,857.46,5.0,2.0,1,Fair,Rented,East,Approved,Non-Default
CUST004289,Male,39,Postgraduate,Self-employed,Married,0,136891.0,722.0,2,LN004289,Home,380190.0,60,14.62,8969.04,9.02,6.3,0,Excellent,Owned,West,Approved,Non-Default
CUST004290,Male,23,High School,Self-employed,Divorced,2,51306.0,756.0,1,LN004290,Home,57521.0,24,14.38,2772.09,24.52,16.3,0,Excellent,Rented,East,Approved,Non-Default
CUST004291,Female,29,High School,Salaried,Single,2,50879.0,725.0,1,LN004291,Business,217539.0,24,14.99,10546.7,25.97,3.5,1,Excellent,Owned,South,Rejected,Non-Default
CUST004292,Male,37,High School,Salaried,Married,1,188879.0,738.0,0,LN004292,Auto,141182.0,24,13.81,6765.89,11.35,8.5,0,Excellent,Owned,South,Approved,Non-Default
CUST004293,Male,50,Graduate,Self-employed,Single,2,71753.0,698.0,0,LN004293,Business,208174.0,24,16.08,10200.81,23.64,8.0,2,Good,Rented,North,Approved,Default
CUST004294,Male,32,High School,Salaried,Married,0,109124.0,544.0,0,LN004294,Personal,175015.0,48,20.49,5371.57,15.33,2.5,2,Poor,Rented,West,Approved,Default
CUST004295,Male,40,High School,Salaried,Married,0,60893.0,618.0,2,LN004295,Home,331898.0,48,15.67,9350.08,21.34,20.2,0,Fair,Rented,South,Approved,Non-Default
CUST004296,Female,38,High School,Salaried,Single,3,55598.0,522.0,1,LN004296,Personal,228240.0,24,18.06,11401.29,28.63,10.6,1,Poor,Rented,West,Approved,Default
CUST004297,Female,43,High School,Salaried,Married,0,126361.0,667.0,1,LN004297,Education,309528.0,60,13.1,7058.57,13.72,4.3,1,Good,Rented,East,Rejected,Non-Default
CUST004298,Male,35,High School,Salaried,Married,0,77789.0,696.0,1,LN004298,Business,261698.0,60,15.6,6308.5,16.61,9.7,0,Good,Owned,South,Approved,Non-Default
CUST004299,Male,41,Graduate,Salaried,Married,0,51962.0,703.0,1,LN004299,Home,178284.0,36,14.91,6172.42,23.36,9.0,0,Excellent,Rented,East,Approved,Non-Default
CUST004300,Female,47,Graduate,Salaried,Married,2,45389.0,623.0,1,LN004300,Personal,194726.0,72,16.63,4291.8,24.23,13.6,0,Fair,Rented,South,Approved,Non-Default
CUST004301,Male,28,Graduate,Salaried,Married,0,56694.0,742.0,2,LN004301,Auto,353964.0,72,12.43,6999.47,21.29,2.0,0,Excellent,Rented,East,Approved,Non-Default
CUST004302,Male,52,Postgraduate,Unemployed,Single,0,21369.0,673.0,1,LN004302,Home,127051.0,60,14.56,2993.27,28.87,1.1,0,Good,Rented,South,Approved,Non-Default
CUST004303,Female,30,Postgraduate,Salaried,Divorced,0,41768.0,755.0,1,LN004303,Auto,212404.0,36,14.92,7354.74,32.24,6.8,0,Excellent,Rented,West,Approved,Non-Default
CUST004304,Female,46,Graduate,Self-employed,Single,0,173151.0,591.0,0,LN004304,Business,353192.0,36,17.41,12664.45,21.93,9.7,0,Fair,Owned,North,Approved,Non-Default
CUST004305,Female,34,Postgraduate,Salaried,Married,1,81397.0,639.0,1,LN004305,Home,218211.0,48,13.13,5868.14,30.05,0.0,0,Fair,Rented,South,Approved,Non-Default
CUST004306,Female,29,Postgraduate,Salaried,Single,3,47067.0,679.0,2,LN004306,Auto,344993.0,24,15.05,16735.75,47.86,9.8,0,Good,Mortgage,South,Approved,Non-Default
CUST004307,Male,53,Postgraduate,Salaried,Single,0,76196.0,790.0,0,LN004307,Home,271407.0,36,14.0,9276.05,35.96,0.0,0,Excellent,Owned,South,Approved,Non-Default
CUST004308,Male,21,Graduate,Salaried,Married,3,104084.0,780.0,2,LN004308,Education,121263.0,60,14.97,2882.93,5.0,8.4,1,Excellent,Owned,North,Rejected,Non-Default
CUST004309,Male,31,Graduate,Unemployed,Divorced,0,59818.0,561.0,2,LN004309,Business,301954.0,60,16.98,7501.09,21.69,8.3,1,Fair,Mortgage,West,Approved,Non-Default
CUST004310,Female,23,High School,Self-employed,Married,1,30780.0,727.0,1,LN004310,Personal,143998.0,60,16.08,3507.88,27.37,10.4,0,Excellent,Rented,North,Approved,Non-Default
CUST004311,Male,43,High School,Self-employed,Married,2,48072.0,730.0,0,LN004311,Personal,541312.0,60,16.29,13247.21,35.84,12.6,0,Excellent,Mortgage,North,Approved,Default
CUST004312,Female,38,Graduate,Salaried,Single,0,55438.0,659.0,0,LN004312,Home,141556.0,60,17.01,3518.79,8.89,9.4,2,Good,Owned,North,Approved,Non-Default
CUST004313,Male,21,High School,Self-employed,Single,0,39134.0,670.0,0,LN004313,Home,263518.0,60,14.61,6215.26,33.55,6.8,0,Good,Owned,West,Approved,Non-Default
CUST004314,Female,56,High School,Self-employed,Married,0,23216.0,698.0,0,LN004314,Education,232286.0,24,14.4,11196.66,73.04,7.4,0,Good,Owned,North,Rejected,Non-Default
CUST004315,Female,53,Graduate,Self-employed,Married,0,52819.0,672.0,0,LN004315,Personal,94166.0,12,15.31,8513.04,23.7,12.8,0,Good,Rented,East,Approved,Default
CUST004316,Male,32,Graduate,Salaried,Married,2,18000.0,681.0,2,LN004316,Education,103115.0,24,15.78,5038.0,53.8,2.7,0,Good,Owned,East,Rejected,Default
CUST004317,Female,49,High School,Salaried,Married,0,78849.0,642.0,2,LN004317,Home,100684.0,36,14.17,3449.46,28.27,9.5,0,Fair,Owned,East,Approved,Non-Default
CUST004318,Male,27,Graduate,Unemployed,Married,2,96649.0,641.0,3,LN004318,Auto,249540.0,24,15.93,12209.91,17.88,7.2,0,Fair,Rented,North,Approved,Non-Default
CUST004319,Female,39,Postgraduate,Salaried,Married,0,52330.0,816.0,1,LN004319,Personal,120188.0,12,16.39,10926.95,33.43,14.1,0,Excellent,Owned,North,Approved,Non-Default
CUST004320,Male,38,Graduate,Salaried,Divorced,3,50644.0,666.0,2,LN004320,Auto,259379.0,36,14.85,8972.42,22.45,16.8,0,Good,Owned,South,Rejected,Non-Default
CUST004321,Female,31,Graduate,Salaried,Single,1,38940.0,719.0,2,LN004321,Auto,163977.0,48,12.24,4337.49,18.45,0.4,1,Excellent,Rented,East,Approved,Non-Default
CUST004322,Male,47,High School,Self-employed,Married,3,55921.0,631.0,1,LN004322,Business,163826.0,36,16.72,5818.04,27.08,12.1,2,Fair,Owned,South,Approved,Non-Default
CUST004323,Female,25,High School,Unemployed,Single,1,55016.0,701.0,2,LN004323,Personal,286508.0,36,17.36,10266.2,25.49,11.5,0,Excellent,Mortgage,East,Approved,Non-Default
CUST004324,Female,52,High School,Salaried,Single,2,51970.0,719.0,1,LN004324,Personal,140633.0,60,17.35,3521.61,11.65,12.6,3,Excellent,Owned,East,Approved,Non-Default
CUST004325,Female,50,High School,Self-employed,Married,1,34757.0,747.0,0,LN004325,Auto,136706.0,60,13.66,3156.86,19.65,0.6,0,Excellent,Rented,South,Approved,Non-Default
CUST004326,Female,61,Graduate,Self-employed,Married,2,49340.0,634.0,3,LN004326,Personal,272138.0,36,16.54,9640.27,31.33,6.9,0,Fair,Rented,East,Approved,Non-Default
CUST004327,Male,30,Graduate,Salaried,Married,0,61795.0,590.0,0,LN004327,Business,107530.0,36,18.35,3906.37,6.55,11.0,0,Fair,Owned,West,Approved,Non-Default
CUST004328,Female,23,High School,Salaried,Married,0,55343.0,772.0,0,LN004328,Auto,99720.0,12,13.33,8922.17,25.71,0.0,0,Excellent,Owned,South,Approved,Non-Default
CUST004329,Female,40,Graduate,Self-employed,Married,2,104643.0,614.0,1,LN004329,Auto,187181.0,24,17.49,9298.78,16.7,17.5,3,Fair,Owned,East,Approved,Non-Default
CUST004330,Male,29,High School,Unemployed,Single,2,37056.0,731.0,1,LN004330,Education,31800.0,24,13.53,1519.76,15.72,6.4,0,Excellent,Owned,West,Approved,Non-Default
CUST004331,Female,27,Graduate,Self-employed,Single,3,70859.0,707.0,0,LN004331,Personal,73716.0,36,15.02,2556.11,14.94,14.1,0,Excellent,Mortgage,South,Approved,Non-Default
CUST004332,Female,51,Postgraduate,Salaried,Married,2,28028.0,706.0,0,LN004332,Business,41932.0,72,16.24,915.13,14.3,12.3,0,Excellent,Owned,West,Approved,Non-Default
CUST004333,Female,36,Graduate,Salaried,Single,2,88994.0,755.0,2,LN004333,Personal,62925.0,48,14.45,1733.76,11.63,3.5,1,Excellent,Rented,South,Approved,Non-Default
CUST004334,Female,43,Graduate,Salaried,Single,2,42440.0,669.0,1,LN004334,Home,268541.0,72,14.67,5630.29,33.54,0.0,0,Good,Owned,South,Rejected,Non-Default
CUST004335,Female,45,High School,Salaried,Married,0,134928.0,827.0,1,LN004335,Home,109168.0,48,10.91,2816.74,5.26,15.1,0,Excellent,Mortgage,South,Rejected,Non-Default
CUST004336,Male,39,High School,Self-employed,Married,1,30837.0,785.0,1,LN004336,Home,190958.0,36,13.25,6457.15,36.43,2.9,2,Excellent,Owned,East,Approved,Non-Default
CUST004337,Female,46,High School,Salaried,Married,0,65656.0,779.0,0,LN004337,Education,619971.0,48,13.28,16718.56,47.12,12.2,0,Excellent,Mortgage,North,Approved,Non-Default
CUST004338,Male,21,Graduate,Unemployed,Divorced,2,51674.0,628.0,0,LN004338,Personal,232077.0,36,17.72,8357.58,33.33,11.5,0,Fair,Owned,West,Approved,Non-Default
CUST004339,Male,55,Graduate,Self-employed,Married,1,50123.0,694.0,2,LN004339,Auto,101331.0,48,14.58,2798.59,10.63,18.2,0,Good,Mortgage,South,Approved,Non-Default
CUST004340,Male,43,Postgraduate,Salaried,Married,0,103469.0,770.0,0,LN004340,Personal,132141.0,60,14.03,3076.75,7.75,2.3,1,Excellent,Rented,West,Approved,Non-Default
CUST004341,Male,24,Graduate,Self-employed,Divorced,3,55033.0,794.0,0,LN004341,Education,176028.0,60,13.79,4076.72,5.0,6.9,0,Excellent,Rented,South,Approved,Non-Default
CUST004342,Male,42,High School,Salaried,Single,3,29456.0,642.0,2,LN004342,Personal,91005.0,36,16.21,3208.91,19.98,1.4,0,Fair,Mortgage,West,Approved,Default
CUST004343,Male,57,High School,Salaried,Single,2,54274.0,756.0,1,LN004343,Personal,198912.0,24,15.41,9683.37,8.7,7.0,2,Excellent,Owned,East,Rejected,Non-Default
CUST004344,Female,40,High School,Salaried,Single,0,18844.0,837.0,2,LN004344,Personal,223764.0,36,14.76,7730.58,53.62,11.8,0,Excellent,Owned,East,Approved,Non-Default
CUST004345,Female,32,Graduate,Salaried,Single,0,98162.0,622.0,3,LN004345,Auto,581240.0,48,14.53,16038.2,36.12,17.0,0,Fair,Owned,North,Approved,Non-Default
CUST004346,Male,41,High School,Self-employed,Married,3,42962.0,674.0,0,LN004346,Home,173947.0,36,14.63,5998.46,22.7,9.6,1,Good,Owned,North,Rejected,Non-Default
CUST004347,Female,29,Graduate,Salaried,Single,0,58466.0,706.0,2,LN004347,Home,168479.0,24,15.08,8175.39,30.99,3.1,0,Excellent,Mortgage,East,Approved,Non-Default
CUST004348,Female,60,Graduate,Salaried,Married,0,105264.0,786.0,1,LN004348,Education,1076711.0,36,12.87,36211.27,48.04,14.6,0,Excellent,Mortgage,North,Approved,Non-Default
CUST004349,Female,40,Postgraduate,Self-employed,Single,0,71126.0,675.0,0,LN004349,Personal,341786.0,48,16.2,9721.36,14.96,13.9,0,Good,Owned,North,Approved,Non-Default
CUST004350,Male,42,Graduate,Salaried,Married,0,47187.0,721.0,3,LN004350,Auto,218411.0,72,11.8,4247.3,25.66,5.7,0,Excellent,Rented,East,Approved,Non-Default
CUST004351,Male,56,Graduate,Salaried,Single,2,36626.0,638.0,1,LN004351,Education,154846.0,12,12.82,13817.35,61.23,13.4,0,Fair,Rented,West,Approved,Non-Default
CUST004352,Male,51,High School,Salaried,Married,2,54219.0,748.0,0,LN004352,Personal,185370.0,36,16.67,6578.54,17.44,9.1,1,Excellent,Owned,East,Approved,Non-Default
CUST004353,Female,52,High School,Self-employed,Married,2,45900.0,710.0,0,LN004353,Business,222188.0,24,15.5,10826.01,31.8,9.0,0,Excellent,Rented,South,Approved,Non-Default
CUST004354,Male,36,High School,Self-employed,Married,0,20073.0,682.0,1,LN004354,Home,206931.0,24,15.2,10053.06,75.0,5.3,0,Good,Owned,East,Approved,Default
CUST004355,Female,42,Graduate,Salaried,Married,3,50810.0,747.0,0,LN004355,Education,163700.0,12,14.68,14750.58,29.41,17.2,0,Excellent,Rented,South,Rejected,Non-Default
CUST004356,Male,54,Graduate,Salaried,Married,3,49957.0,739.0,2,LN004356,Home,138889.0,60,13.58,3201.54,5.0,13.2,0,Excellent,Owned,East,Approved,Non-Default
CUST004357,Female,40,High School,Salaried,Married,1,48745.0,612.0,2,LN004357,Education,517804.0,48,14.3,14227.81,28.77,4.6,0,Fair,Owned,South,Approved,Non-Default
CUST004358,Female,55,Graduate,Salaried,Single,0,84429.0,761.0,2,LN004358,Home,355625.0,60,14.52,8370.96,22.92,7.1,0,Excellent,Rented,South,Approved,Non-Default
CUST004359,Female,54,Graduate,Unemployed,Married,0,19512.0,564.0,1,LN004359,Home,67143.0,12,16.07,6094.17,48.5,0.5,0,Fair,Rented,East,Approved,Default
CUST004360,Male,48,Graduate,Unemployed,Married,1,106300.0,608.0,2,LN004360,Personal,127774.0,48,17.3,3706.79,16.94,6.6,0,Fair,Owned,North,Approved,Non-Default
CUST004361,Female,46,Postgraduate,Salaried,Married,2,52450.0,595.0,0,LN004361,Home,406168.0,12,16.02,36855.82,75.0,12.1,0,Fair,Mortgage,South,Approved,Default
CUST004362,Male,27,,Unemployed,Married,2,56879.0,773.0,1,LN004362,Home,85521.0,24,11.78,4016.99,12.97,0.0,0,Excellent,Mortgage,North,Approved,Non-Default
CUST004363,Female,38,Graduate,Salaried,Single,2,48964.0,649.0,0,LN004363,Education,47714.0,36,13.87,1627.74,6.5,0.1,0,Fair,Rented,East,Approved,Default
CUST004364,Male,44,High School,Salaried,Single,1,42823.0,716.0,1,LN004364,Auto,546452.0,48,13.8,14877.84,42.08,1.6,1,Excellent,Owned,South,Approved,Default
CUST004365,Female,42,Graduate,Unemployed,Married,1,35387.0,676.0,3,LN004365,Personal,183468.0,36,15.11,6369.87,17.87,18.4,0,Good,Mortgage,South,Rejected,Non-Default
CUST004366,Male,34,Graduate,Salaried,Married,2,109768.0,645.0,0,LN004366,Personal,129661.0,36,17.93,4683.0,19.85,8.9,0,Fair,Rented,West,Approved,Non-Default
CUST004367,Male,40,Graduate,Self-employed,Married,1,62011.0,784.0,0,LN004367,Auto,146071.0,48,12.91,3912.2,9.22,2.0,1,Excellent,Owned,North,Approved,Non-Default
CUST004368,Male,54,Graduate,Salaried,Single,3,44625.0,722.0,2,LN004368,Personal,133422.0,12,15.62,12081.51,37.46,1.1,0,Excellent,Owned,East,Approved,Non-Default
CUST004369,Female,33,Graduate,Salaried,Single,0,78021.0,723.0,1,LN004369,Home,168693.0,60,13.46,3878.12,8.84,13.7,1,Excellent,Rented,East,Approved,Non-Default
CUST004370,Female,33,Graduate,Salaried,Married,0,44984.0,776.0,1,LN004370,Home,480178.0,24,12.0,22603.65,69.9,1.6,0,Excellent,Owned,East,Approved,Non-Default
CUST004371,Female,39,Graduate,Self-employed,Divorced,2,34278.0,566.0,2,LN004371,Business,293203.0,36,17.74,10561.79,55.38,8.6,0,Fair,Rented,North,Approved,Default
CUST004372,Male,48,High School,Salaried,Divorced,0,102127.0,625.0,1,LN004372,Home,63928.0,36,14.63,2204.52,20.52,17.4,1,Fair,Mortgage,West,Approved,Non-Default
CUST004373,Female,58,Graduate,Salaried,Married,1,40175.0,686.0,0,LN004373,Home,383329.0,12,13.47,34322.49,75.0,5.4,0,Good,Rented,North,Approved,Non-Default
CUST004374,Female,49,Graduate,Salaried,Married,3,30779.0,771.0,1,LN004374,Home,159798.0,60,12.95,3631.81,32.42,8.9,2,Excellent,Owned,West,Approved,Default
CUST004375,Male,65,High School,Salaried,Married,2,55849.0,577.0,2,LN004375,Home,87160.0,48,16.25,2481.31,9.58,14.3,0,Fair,Owned,South,Approved,Non-Default
CUST004376,Female,42,High School,Salaried,Divorced,0,86928.0,735.0,1,LN004376,Personal,157486.0,60,15.31,3772.26,18.22,20.9,1,Excellent,Rented,South,Rejected,Non-Default
CUST004377,Female,40,Graduate,Salaried,Married,1,61041.0,752.0,1,LN004377,Auto,300157.0,36,13.15,10135.18,22.57,0.0,1,Excellent,Mortgage,West,Approved,Non-Default
CUST004378,Female,30,Postgraduate,Self-employed,Married,0,63730.0,694.0,0,LN004378,Personal,147883.0,48,17.2,4282.49,10.81,12.0,0,Good,Owned,West,Approved,Default
CUST004379,Male,29,Postgraduate,Salaried,Single,0,79336.0,712.0,2,LN004379,Auto,470870.0,12,15.32,42571.06,66.89,8.6,1,Excellent,Rented,North,Approved,Non-Default
CUST004380,Female,44,Postgraduate,Self-employed,Married,2,38206.0,704.0,0,LN004380,Auto,120949.0,24,16.2,5933.6,30.13,8.1,0,Excellent,Rented,South,Approved,Non-Default
CUST004381,Male,30,High School,Unemployed,Single,0,79992.0,669.0,1,LN004381,Business,245782.0,12,13.81,22046.09,37.28,17.5,0,Good,Owned,West,Approved,Non-Default
CUST004382,Female,47,High School,Self-employed,Married,1,44406.0,752.0,1,LN004382,Auto,51938.0,36,13.87,1771.84,16.6,11.7,0,Excellent,Owned,West,Approved,Non-Default
CUST004383,Female,28,Graduate,,Married,2,81938.0,713.0,0,LN004383,Home,162257.0,48,12.56,4317.6,5.0,7.9,0,Excellent,Mortgage,North,Approved,Non-Default
CUST004384,Male,41,Graduate,Salaried,Married,2,50106.0,741.0,0,LN004384,Home,139819.0,48,13.35,3775.33,25.02,5.8,0,Excellent,Rented,West,Rejected,Non-Default
CUST004385,Male,40,Graduate,Self-employed,Single,1,43015.0,690.0,2,LN004385,Auto,144879.0,24,15.69,7072.29,21.51,17.9,0,Good,Rented,East,Approved,Non-Default
CUST004386,Male,29,Graduate,Self-employed,Married,2,73324.0,653.0,2,LN004386,Auto,99863.0,60,14.21,2334.52,10.21,4.3,0,Good,Owned,West,Rejected,Non-Default
CUST004387,Male,31,High School,Unemployed,Single,0,28835.0,766.0,2,LN004387,Personal,97086.0,48,15.67,2735.06,25.47,12.5,0,Excellent,Mortgage,West,Approved,Non-Default
CUST004388,Male,24,Graduate,Self-employed,Married,2,104332.0,740.0,1,LN004388,Personal,476301.0,24,15.4,23184.86,40.23,8.8,0,Excellent,Rented,South,Approved,Non-Default
CUST004389,Male,55,Postgraduate,Self-employed,Single,2,74516.0,781.0,1,LN004389,Personal,109882.0,36,14.65,3790.29,19.21,9.2,3,Excellent,Rented,North,Rejected,Non-Default
CUST004390,Male,34,Graduate,Salaried,Single,2,59847.0,615.0,2,LN004390,Business,149817.0,60,16.7,3699.21,14.6,0.0,0,Fair,Mortgage,East,Approved,Non-Default
CUST004391,Female,23,Graduate,Self-employed,Married,1,55012.0,642.0,1,LN004391,Personal,288222.0,36,15.26,10028.05,35.36,11.9,0,Fair,Mortgage,North,Approved,Default
CUST004392,Male,50,High School,Self-employed,Single,1,39068.0,784.0,1,LN004392,Auto,124598.0,12,13.07,11132.85,36.22,14.3,0,Excellent,Owned,West,Approved,Non-Default
CUST004393,Female,29,Graduate,Salaried,Single,2,52163.0,812.0,2,LN004393,Personal,233842.0,48,14.4,6437.1,25.92,0.0,0,Excellent,Owned,East,Approved,Non-Default
CUST004394,Male,41,Postgraduate,Salaried,Married,2,41448.0,637.0,0,LN004394,Personal,103344.0,36,17.42,3706.13,13.01,4.3,0,Fair,Mortgage,North,Approved,Non-Default
CUST004395,Male,48,High School,Self-employed,Single,1,49142.0,703.0,0,LN004395,Personal,746759.0,60,15.77,18068.6,53.68,9.2,0,Excellent,Rented,West,Approved,Default
CUST004396,Female,56,High School,Salaried,Divorced,0,68568.0,654.0,3,LN004396,Personal,69300.0,48,16.96,1998.22,15.34,13.1,0,Good,Owned,East,Approved,Non-Default
CUST004397,Female,56,Postgraduate,Unemployed,Single,1,30203.0,726.0,1,LN004397,Personal,171754.0,60,17.66,4329.72,14.74,3.6,0,Excellent,Mortgage,South,Approved,Non-Default
CUST004398,Male,39,Postgraduate,Salaried,Single,2,45903.0,613.0,3,LN004398,Home,118465.0,24,16.43,5824.78,24.87,6.4,1,Fair,Owned,West,Approved,Non-Default
CUST004399,Female,47,Postgraduate,Self-employed,Married,3,60209.0,650.0,0,LN004399,Education,46264.0,36,14.37,1589.52,5.0,7.0,2,Good,Mortgage,South,Approved,Non-Default
CUST004400,Male,55,Postgraduate,Salaried,Married,1,81780.0,603.0,1,LN004400,Personal,153049.0,60,16.6,3770.82,15.21,11.4,0,Fair,Owned,North,Approved,Non-Default
CUST004401,Female,22,High School,Salaried,Single,0,71357.0,655.0,0,LN004401,Auto,334259.0,36,11.69,11052.76,12.19,18.0,0,Good,Owned,East,Approved,Non-Default
CUST004402,Female,50,Postgraduate,Unemployed,Married,1,44575.0,776.0,1,LN004402,Personal,157789.0,36,13.14,5327.18,21.05,8.1,1,Excellent,Rented,North,Approved,Non-Default
CUST004403,Female,56,High School,Self-employed,Divorced,0,35078.0,619.0,1,LN004403,Auto,133387.0,24,14.94,6463.69,56.32,12.2,0,Fair,Mortgage,North,Approved,Non-Default
CUST004404,Female,43,Graduate,Salaried,Single,1,75903.0,721.0,0,LN004404,Education,83848.0,60,13.6,1933.65,16.56,5.6,0,Excellent,Rented,East,Rejected,Non-Default
CUST004405,Male,35,High School,Self-employed,Single,2,62856.0,698.0,0,LN004405,Home,112725.0,48,13.64,3060.06,13.43,14.5,0,Good,Rented,East,Approved,Non-Default
CUST004406,Male,32,Postgraduate,Salaried,Single,2,71505.0,731.0,0,LN004406,Personal,166957.0,36,15.67,5842.55,12.78,7.1,2,Excellent,Mortgage,West,Approved,Default
CUST004407,Female,57,Graduate,Unemployed,Married,1,57558.0,726.0,2,LN004407,Business,158723.0,60,14.24,3712.99,20.61,14.0,2,Excellent,Rented,West,Approved,Default
CUST004408,Female,34,Graduate,Salaried,Single,2,27725.0,738.0,2,LN004408,Auto,649048.0,24,14.62,31353.11,75.0,0.0,0,Excellent,Mortgage,East,Approved,Non-Default
CUST004409,Male,42,Graduate,Salaried,Married,0,95000.0,677.0,0,LN004409,Home,245066.0,48,11.59,6404.3,22.69,0.3,0,Good,Owned,East,Approved,Non-Default
CUST004410,Female,55,Postgraduate,Salaried,Married,0,38828.0,698.0,0,LN004410,Auto,219411.0,60,13.26,5021.53,32.82,3.3,0,Good,Mortgage,East,Approved,Non-Default
CUST004411,Male,29,High School,Unemployed,Married,0,37620.0,694.0,0,LN004411,Personal,132603.0,72,15.66,2851.64,5.0,16.5,0,Good,Rented,West,Approved,Non-Default
CUST004412,Female,41,Graduate,Unemployed,Married,0,74032.0,581.0,3,LN004412,Education,32369.0,24,16.09,1586.28,5.0,11.9,0,Fair,Owned,East,Rejected,Non-Default
CUST004413,Male,49,Graduate,Self-employed,Married,0,57382.0,689.0,0,LN004413,Home,182314.0,36,15.16,6334.27,14.43,11.6,0,Good,Owned,East,Approved,Non-Default
CUST004414,Female,37,Graduate,Self-employed,Married,0,48519.0,632.0,1,LN004414,Business,134376.0,12,14.65,12106.37,30.36,11.4,0,Fair,Rented,East,Rejected,Non-Default
CUST004415,Male,42,Graduate,Salaried,Married,0,45244.0,740.0,3,LN004415,Personal,114467.0,72,14.44,2385.73,21.24,12.0,0,Excellent,Rented,North,Approved,Non-Default
CUST004416,Female,37,High School,Salaried,Single,3,43826.0,730.0,1,LN004416,Home,175320.0,24,13.19,8350.69,33.53,15.8,1,Excellent,Mortgage,North,Rejected,Non-Default
CUST004417,Male,46,High School,Salaried,Married,1,86612.0,758.0,2,LN004417,Auto,125151.0,60,14.38,2936.76,5.0,18.8,0,Excellent,Rented,South,Approved,Non-Default
CUST004418,Male,60,Graduate,Unemployed,Married,1,27971.0,565.0,0,LN004418,Home,229476.0,48,15.91,6492.84,46.8,0.0,0,Fair,Mortgage,North,Approved,Non-Default
CUST004419,Male,29,High School,Salaried,Married,3,69524.0,671.0,2,LN004419,Home,127695.0,60,14.4,2997.79,13.98,20.1,0,Good,Rented,West,Rejected,Non-Default
CUST004420,Female,38,Graduate,Salaried,Single,1,26352.0,850.0,1,LN004420,Auto,289402.0,12,11.92,25702.19,75.0,9.7,0,Excellent,Owned,East,Rejected,Non-Default
CUST004421,Male,42,Graduate,Salaried,Married,0,69577.0,599.0,1,LN004421,Personal,327024.0,36,16.62,11597.54,37.55,16.2,1,Fair,Owned,North,Approved,Non-Default
CUST004422,Female,39,High School,Self-employed,Single,2,82381.0,674.0,1,LN004422,Home,120573.0,48,15.04,3358.08,15.58,16.5,0,Good,Owned,South,Approved,Non-Default
CUST004423,Male,43,Postgraduate,Self-employed,Divorced,1,43958.0,760.0,2,LN004423,Business,149151.0,24,15.5,7267.31,41.88,6.3,0,Excellent,Owned,West,Approved,Non-Default
CUST004424,Male,58,Postgraduate,Self-employed,Single,2,65294.0,644.0,2,LN004424,Education,202448.0,48,13.84,5515.96,14.9,10.0,0,Fair,Owned,South,Approved,Non-Default
CUST004425,Male,34,Graduate,Salaried,Divorced,1,44036.0,655.0,1,LN004425,Personal,80654.0,24,15.38,3925.22,9.76,6.6,0,Good,Owned,North,Approved,Non-Default
CUST004426,Female,47,High School,Salaried,Married,0,52791.0,671.0,2,LN004426,Personal,217964.0,24,16.61,10735.83,34.04,3.3,1,Good,Owned,West,Approved,Non-Default
CUST004427,Male,50,Graduate,Salaried,Married,2,53314.0,674.0,0,LN004427,Home,240821.0,36,15.52,8409.59,34.45,8.6,1,Good,Owned,West,Approved,Non-Default
CUST004428,Male,47,High School,Self-employed,Single,0,48775.0,736.0,1,LN004428,Home,285098.0,48,12.87,7630.08,33.22,2.9,1,Excellent,Owned,South,Approved,Default
CUST004429,Female,28,High School,Salaried,Single,0,33489.0,667.0,0,LN004429,Home,121054.0,36,15.96,4253.51,10.62,2.7,0,Good,Rented,East,Approved,Non-Default
CUST004430,Male,43,Graduate,Salaried,Married,2,62195.0,632.0,0,LN004430,Personal,386314.0,36,15.14,13418.2,44.45,17.3,0,Fair,Mortgage,East,Approved,Non-Default
CUST004431,Male,25,Graduate,Self-employed,Married,3,64408.0,554.0,1,LN004431,Personal,55621.0,36,18.18,2015.86,9.88,0.0,1,Fair,Rented,South,Rejected,Non-Default
CUST004432,Female,39,High School,Salaried,Married,2,70348.0,631.0,3,LN004432,Business,261880.0,48,16.08,7432.49,16.08,7.6,0,Fair,Mortgage,North,Approved,Non-Default
CUST004433,Male,39,High School,Salaried,Divorced,1,57905.0,663.0,1,LN004433,Personal,69006.0,36,15.35,2403.96,10.17,10.6,1,Good,Rented,East,Approved,Non-Default
CUST004434,Male,33,Graduate,Salaried,Married,2,41384.0,659.0,0,LN004434,Auto,157818.0,48,14.92,4385.8,22.87,10.1,0,Good,Owned,North,Approved,Non-Default
CUST004435,Male,31,High School,Self-employed,Single,2,109299.0,697.0,0,LN004435,Auto,315472.0,12,15.04,28479.93,52.89,11.3,0,Good,Rented,West,Rejected,Non-Default
CUST004436,Male,59,Graduate,Salaried,Married,3,87190.0,683.0,1,LN004436,Home,47325.0,60,14.46,1112.49,20.29,16.0,1,Good,Rented,North,Approved,Non-Default
CUST004437,Female,38,Graduate,Salaried,Single,2,27643.0,613.0,2,LN004437,Auto,372853.0,12,14.67,33595.05,75.0,15.3,0,Fair,Rented,East,Approved,Default
CUST004438,Male,40,Graduate,Salaried,Married,2,41949.0,697.0,0,LN004438,Home,273673.0,48,15.31,7659.6,28.9,25.5,1,Good,Owned,West,Rejected,Non-Default
CUST004439,Female,56,High School,Self-employed,Divorced,0,146571.0,787.0,1,LN004439,Personal,455396.0,12,14.01,40890.84,40.12,5.7,0,Excellent,Owned,South,Approved,Non-Default
CUST004440,Female,48,High School,Self-employed,Married,3,63798.0,662.0,0,LN004440,Auto,196054.0,36,14.72,6769.42,16.79,0.0,0,Good,Rented,North,Rejected,Non-Default
CUST004441,Female,33,Graduate,Salaried,Married,0,50857.0,610.0,3,LN004441,Home,60714.0,72,15.18,1289.74,13.19,5.5,0,Fair,Owned,South,Approved,Non-Default
CUST004442,Female,32,High School,Salaried,Married,2,30527.0,800.0,0,LN004442,Home,169747.0,24,12.09,7997.72,31.69,3.3,1,Excellent,Mortgage,North,Rejected,Default
CUST004443,Female,47,Graduate,Salaried,Married,3,42747.0,544.0,0,LN004443,Business,580088.0,24,20.12,29558.06,75.0,5.3,0,Poor,Owned,East,Approved,Default
CUST004444,Male,41,High School,Unemployed,Single,0,64554.0,781.0,1,LN004444,Home,60555.0,60,14.57,1426.97,12.95,0.0,0,Excellent,Owned,North,Approved,Non-Default
CUST004445,Male,21,Graduate,Salaried,Married,0,53196.0,727.0,2,LN004445,Auto,182421.0,24,13.53,8718.11,27.23,8.7,0,Excellent,Mortgage,West,Approved,Non-Default
CUST004446,Male,43,High School,Self-employed,Single,0,44110.0,772.0,1,LN004446,Business,155199.0,36,14.6,5349.67,16.93,11.6,0,Excellent,Owned,West,Approved,Non-Default
CUST004447,Male,42,Graduate,Unemployed,Married,2,79951.0,696.0,3,LN004447,Personal,124797.0,60,15.73,3016.95,5.0,0.0,1,Good,Owned,West,Approved,Non-Default
CUST004448,Female,58,Graduate,Unemployed,Married,0,33897.0,571.0,1,LN004448,Education,146117.0,36,17.31,5232.04,24.72,4.1,0,Fair,Mortgage,North,Approved,Non-Default
CUST004449,Male,30,Graduate,Salaried,Married,1,69210.0,751.0,0,LN004449,Personal,134053.0,36,15.24,4662.76,24.67,0.0,0,Excellent,Rented,East,Approved,Non-Default
CUST004450,Male,45,Graduate,Self-employed,Single,2,45213.0,703.0,1,LN004450,Home,104245.0,60,13.68,2408.34,17.05,23.3,2,Excellent,Rented,West,Approved,Non-Default
CUST004451,Male,40,Graduate,Salaried,Divorced,1,75466.0,714.0,0,LN004451,Personal,249870.0,24,16.59,12304.97,26.76,2.7,0,Excellent,Rented,West,Approved,Non-Default
CUST004452,Male,24,High School,Salaried,Single,1,37199.0,660.0,0,LN004452,Business,226476.0,60,15.11,5400.93,35.22,0.9,0,Good,Rented,East,Approved,Default
CUST004453,Male,33,High School,Self-employed,Married,1,20880.0,699.0,0,LN004453,Personal,306944.0,48,15.54,8626.74,69.25,3.3,0,Good,Rented,East,Approved,Non-Default
CUST004454,Male,35,Graduate,Salaried,Married,0,43564.0,766.0,0,LN004454,Home,194081.0,72,13.39,3936.07,25.0,20.5,1,Excellent,Mortgage,West,Approved,Non-Default
CUST004455,Male,23,Graduate,Salaried,Married,2,24073.0,715.0,3,LN004455,Personal,120001.0,72,15.56,2574.06,5.0,0.0,0,Excellent,Rented,West,Approved,Non-Default
CUST004456,Female,55,Postgraduate,Salaried,Single,2,39609.0,701.0,0,LN004456,Home,186147.0,12,14.83,16786.39,64.15,7.5,1,Excellent,Rented,East,Approved,Default
CUST004457,Male,31,Postgraduate,Self-employed,Single,1,38971.0,774.0,2,LN004457,Auto,201999.0,36,13.33,6838.3,21.96,7.9,0,Excellent,Owned,South,Rejected,Non-Default
CUST004458,Male,41,Postgraduate,Self-employed,Single,0,33281.0,663.0,2,LN004458,Personal,318371.0,36,18.43,11578.67,59.72,5.8,0,Good,Rented,East,Approved,Non-Default
CUST004459,Female,54,Graduate,Salaried,Single,0,89057.0,652.0,2,LN004459,Business,194343.0,36,16.3,6861.34,21.09,8.7,0,Good,Owned,West,Approved,Non-Default
CUST004460,Female,37,Postgraduate,Self-employed,Married,1,80716.0,670.0,1,LN004460,Home,81469.0,12,15.25,7362.87,6.34,0.3,2,Good,Mortgage,East,Rejected,Non-Default
CUST004461,Female,46,Graduate,Self-employed,Single,2,21641.0,598.0,2,LN004461,Business,1018110.0,60,17.34,25489.16,75.0,4.3,0,Fair,Owned,East,Approved,Default
CUST004462,Male,35,Graduate,Unemployed,Single,0,42980.0,775.0,1,LN004462,Personal,168387.0,36,14.67,5810.02,20.53,5.2,0,Excellent,Owned,West,Approved,Non-Default
CUST004463,Male,28,Graduate,Salaried,Single,0,35629.0,600.0,1,LN004463,Home,378824.0,12,15.57,34293.99,75.0,7.1,0,Fair,Rented,South,Approved,Default
CUST004464,Female,30,High School,Salaried,Married,0,37980.0,740.0,1,LN004464,Personal,80602.0,36,15.14,2799.62,5.45,12.0,0,Excellent,Owned,North,Approved,Non-Default
CUST004465,Female,42,Graduate,Salaried,Married,3,70371.0,764.0,2,LN004465,Home,171378.0,24,15.28,8332.36,8.4,6.7,0,Excellent,Owned,West,Approved,Non-Default
CUST004466,Male,37,Graduate,Salaried,Single,3,49548.0,693.0,1,LN004466,Business,94280.0,36,16.01,3315.07,7.22,6.7,0,Good,Mortgage,West,Approved,Non-Default
CUST004467,Female,52,Graduate,Self-employed,Single,0,56617.0,617.0,2,LN004467,Business,210730.0,60,16.8,5214.55,17.23,0.0,1,Fair,Rented,North,Approved,Non-Default
CUST004468,Female,25,High School,Self-employed,Single,3,25980.0,698.0,1,LN004468,Auto,246395.0,60,13.37,5653.02,28.9,6.0,1,Good,Mortgage,East,Approved,Non-Default
CUST004469,Male,45,High School,Self-employed,Married,0,26665.0,641.0,2,LN004469,Personal,121990.0,48,15.7,3438.52,23.96,16.3,0,Fair,Rented,South,Approved,Non-Default
CUST004470,Female,41,Graduate,Self-employed,Married,0,133674.0,537.0,1,LN004470,Home,70045.0,60,16.08,1706.34,14.03,2.9,0,Poor,Rented,East,Rejected,Non-Default
CUST004471,Male,42,Postgraduate,Unemployed,Married,0,94567.0,715.0,0,LN004471,Home,101649.0,72,12.62,2020.18,5.0,12.5,0,Excellent,Mortgage,West,Approved,Non-Default
CUST004472,Male,44,High School,Unemployed,Single,1,40901.0,728.0,0,LN004472,Personal,167550.0,48,16.46,4787.98,23.45,13.0,0,Excellent,Mortgage,North,Approved,Non-Default
CUST004473,Male,31,High School,Self-employed,Married,2,84443.0,599.0,1,LN004473,Home,321191.0,12,15.11,29006.83,57.8,10.9,0,Fair,Rented,South,Rejected,Non-Default
CUST004474,Female,35,Graduate,Self-employed,Married,0,46125.0,713.0,1,LN004474,Personal,133362.0,60,15.74,3224.71,18.56,3.5,1,Excellent,Rented,East,Approved,Non-Default
CUST004475,Male,45,High School,Self-employed,Married,0,67707.0,714.0,0,LN004475,Personal,442297.0,24,12.77,20979.85,52.26,7.1,0,Excellent,Rented,North,Approved,Non-Default
CUST004476,Female,44,High School,Unemployed,Single,1,18000.0,732.0,1,LN004476,Business,149485.0,12,16.81,13620.27,75.0,14.8,0,Excellent,Rented,South,Approved,Non-Default
CUST004477,Female,53,High School,Unemployed,Single,0,62303.0,757.0,0,LN004477,Business,1146446.0,36,14.61,39523.32,73.59,11.6,0,Excellent,Rented,West,Rejected,Non-Default
CUST004478,Female,24,Graduate,Salaried,Married,3,40736.0,508.0,3,LN004478,Auto,106101.0,48,16.89,3055.51,7.29,10.0,0,Poor,Rented,West,Approved,Non-Default
CUST004479,Male,61,High School,Self-employed,Married,1,46155.0,739.0,1,LN004479,Home,363662.0,48,15.18,10154.2,38.78,0.0,0,Excellent,Rented,East,Approved,Non-Default
CUST004480,Male,56,Graduate,Self-employed,Married,1,37707.0,833.0,1,LN004480,Personal,485689.0,24,13.84,23282.63,75.0,5.5,0,Excellent,Rented,West,Approved,Default
CUST004481,Female,47,High School,Salaried,Married,0,82300.0,661.0,1,LN004481,Personal,286951.0,60,17.56,7218.16,24.65,18.9,0,Good,Owned,West,Approved,Non-Default
CUST004482,Female,36,High School,Salaried,Single,3,84795.0,735.0,3,LN004482,Home,220084.0,48,13.1,5915.23,18.01,12.0,0,Excellent,Mortgage,West,Rejected,Non-Default
CUST004483,Male,37,Graduate,Self-employed,Married,2,33394.0,791.0,0,LN004483,Home,120351.0,36,12.18,4007.73,26.51,11.1,0,Excellent,Owned,West,Approved,Non-Default
CUST004484,Male,57,Graduate,Salaried,Married,0,73330.0,643.0,2,LN004484,Personal,142858.0,24,18.14,7141.72,16.97,10.4,0,Fair,Owned,West,Approved,Non-Default
CUST004485,Male,62,Graduate,Salaried,Single,1,69167.0,718.0,1,LN004485,Education,131302.0,24,12.59,6217.08,22.11,16.7,0,Excellent,Rented,North,Approved,Non-Default
CUST004486,Male,52,High School,Salaried,Married,3,30363.0,687.0,1,LN004486,Personal,119209.0,24,14.62,5758.55,21.02,10.9,0,Good,Rented,West,Rejected,Non-Default
CUST004487,Male,38,Graduate,Salaried,Married,1,60454.0,640.0,3,LN004487,Auto,166314.0,48,16.8,4781.81,11.34,12.9,0,Fair,Mortgage,North,Approved,Non-Default
CUST004488,Male,34,Graduate,Salaried,Married,3,72423.0,830.0,0,LN004488,Personal,177213.0,36,13.75,6035.22,26.12,12.1,1,Excellent,Mortgage,South,Approved,Non-Default
CUST004489,Male,50,Postgraduate,Self-employed,Married,2,90163.0,681.0,3,LN004489,Auto,381631.0,48,15.31,10681.14,24.63,7.6,0,Good,Rented,South,Approved,Non-Default
CUST004490,Male,35,Graduate,Salaried,Married,1,99764.0,708.0,1,LN004490,Personal,119382.0,36,13.97,4078.45,8.63,3.6,0,Excellent,Rented,West,Approved,Non-Default
CUST004491,Female,41,High School,,Single,0,29208.0,765.0,2,LN004491,Home,105511.0,60,12.62,2380.22,15.67,6.7,0,Excellent,Owned,North,Approved,Non-Default
CUST004492,Female,38,High School,Unemployed,Divorced,3,27022.0,605.0,3,LN004492,Auto,507117.0,72,13.44,10298.06,40.47,21.3,0,Fair,Mortgage,East,Approved,Non-Default
CUST004493,Female,49,Postgraduate,Salaried,Married,2,66704.0,700.0,1,LN004493,Auto,249245.0,60,13.65,5754.37,18.06,0.0,0,Excellent,Owned,South,Rejected,Non-Default
CUST004494,Male,52,Graduate,Salaried,Single,3,56137.0,582.0,0,LN004494,Auto,201340.0,36,14.02,6883.28,24.31,15.8,1,Fair,Owned,South,Approved,Non-Default
CUST004495,Male,42,High School,Self-employed,Single,2,40959.0,789.0,2,LN004495,Auto,262162.0,60,14.12,6116.37,23.16,6.0,0,Excellent,Mortgage,North,Approved,Non-Default
CUST004496,Female,31,High School,Salaried,Married,1,42354.0,565.0,1,LN004496,Personal,215518.0,36,18.69,7866.29,29.55,10.3,0,Fair,Rented,West,Approved,Non-Default
CUST004497,Male,46,High School,Salaried,Married,2,22866.0,745.0,0,LN004497,Personal,90766.0,12,14.85,8185.96,57.57,14.8,0,Excellent,Owned,West,Approved,Non-Default
CUST004498,Female,46,Graduate,Salaried,Married,1,50777.0,589.0,3,LN004498,Education,214925.0,48,15.31,6015.35,26.91,7.7,1,Fair,Owned,South,Approved,Non-Default
CUST004499,Female,49,High School,Salaried,Single,0,50480.0,699.0,0,LN004499,Education,91540.0,36,13.14,3090.52,11.62,10.7,0,Good,Mortgage,North,Approved,Non-Default
CUST004500,Male,30,Graduate,Unemployed,Married,0,55974.0,653.0,1,LN004500,Personal,165729.0,36,13.66,5636.9,17.26,3.2,0,Good,Owned,West,Rejected,Non-Default
CUST004501,Female,25,Postgraduate,Salaried,Married,2,72989.0,603.0,2,LN004501,Personal,470000.0,12,15.84,42607.93,75.0,8.4,0,Fair,Rented,North,Approved,Non-Default
CUST004502,Male,31,High School,Salaried,Married,1,130875.0,654.0,2,LN004502,Home,183964.0,36,16.04,6471.26,9.78,6.0,0,Good,Rented,West,Approved,Non-Default
CUST004503,Female,37,Graduate,Self-employed,Married,0,41963.0,764.0,1,LN004503,Home,116015.0,36,14.94,4018.29,17.49,9.1,1,Excellent,Owned,North,Approved,Non-Default
CUST004504,Female,52,High School,Self-employed,Married,0,89965.0,678.0,0,LN004504,Business,333756.0,48,16.83,9601.21,30.32,9.2,0,Good,Mortgage,North,Approved,Non-Default
CUST004505,Female,34,Postgraduate,Salaried,Married,0,78961.0,727.0,3,LN004505,Business,433531.0,24,13.45,20702.61,39.74,7.4,0,Excellent,Rented,East,Approved,Non-Default
CUST004506,Female,36,Postgraduate,Self-employed,Single,1,45789.0,745.0,1,LN004506,Auto,198966.0,36,13.87,6787.63,29.56,20.6,0,Excellent,Owned,West,Approved,Non-Default
CUST004507,Female,37,Postgraduate,Self-employed,Single,1,70381.0,733.0,0,LN004507,Personal,123253.0,60,17.08,3068.46,14.03,3.7,1,Excellent,Rented,South,Approved,Non-Default
CUST004508,Female,30,Graduate,Self-employed,Single,1,108529.0,698.0,2,LN004508,Auto,199091.0,48,15.95,5637.2,22.7,1.7,0,Good,Owned,East,Rejected,Non-Default
CUST004509,Male,38,High School,Salaried,Married,1,37944.0,687.0,1,LN004509,Home,52016.0,60,13.77,1204.13,14.67,16.4,1,Good,Mortgage,South,Approved,Default
CUST004510,Female,48,High School,Salaried,Married,0,52164.0,714.0,3,LN004510,Home,216249.0,60,12.71,4888.29,22.12,4.2,0,Excellent,Rented,South,Rejected,Non-Default
CUST004511,Female,26,Graduate,Salaried,Single,3,90204.0,696.0,0,LN004511,Home,214599.0,60,14.19,5014.51,24.65,3.5,0,Good,Owned,North,Approved,Non-Default
CUST004512,Male,48,Graduate,Unemployed,Married,0,64301.0,663.0,0,LN004512,Auto,64504.0,60,13.51,1484.56,10.23,6.2,0,Good,Mortgage,South,Approved,Non-Default
CUST004513,Male,36,Graduate,,Married,1,79946.0,717.0,0,LN004513,Auto,197584.0,36,14.51,6802.0,23.78,0.0,0,Excellent,Mortgage,West,Approved,Non-Default
CUST004514,Male,22,High School,Salaried,Single,1,37447.0,640.0,0,LN004514,Auto,187812.0,48,13.94,5126.59,20.93,7.9,1,Fair,Rented,North,Approved,Default
CUST004515,Male,49,High School,Self-employed,Married,0,50338.0,728.0,1,LN004515,Business,612903.0,72,18.14,14027.51,26.66,2.9,0,Excellent,Owned,West,Rejected,Non-Default
CUST004516,Female,30,Postgraduate,Self-employed,Married,0,61865.0,782.0,0,LN004516,Personal,153625.0,36,15.22,5342.03,22.97,10.5,0,Excellent,Owned,North,Approved,Non-Default
CUST004517,Male,46,High School,Self-employed,Married,0,81325.0,732.0,0,LN004517,Home,209220.0,36,11.26,6875.38,28.8,13.2,0,Excellent,Rented,South,Approved,Non-Default
CUST004518,Female,22,Graduate,Self-employed,Married,2,54662.0,724.0,1,LN004518,Business,82095.0,36,15.04,2847.46,17.09,7.1,0,Excellent,Mortgage,East,Approved,Non-Default
CUST004519,Male,44,Postgraduate,Self-employed,Single,3,87334.0,767.0,0,LN004519,Education,78890.0,48,11.99,2077.09,18.67,0.0,0,Excellent,Owned,West,Approved,Non-Default
CUST004520,Male,35,Graduate,Unemployed,Married,1,55096.0,769.0,1,LN004520,Personal,238800.0,48,13.75,6495.65,39.23,13.6,0,Excellent,Mortgage,West,Approved,Non-Default
CUST004521,Male,36,High School,Salaried,Married,1,22363.0,680.0,1,LN004521,Education,125510.0,24,12.77,5953.42,36.33,8.6,0,Good,Rented,South,Rejected,Default
CUST004522,Female,21,Graduate,Salaried,Married,1,48354.0,654.0,1,LN004522,Personal,82713.0,36,13.89,2822.52,14.99,3.0,1,Good,Rented,North,Approved,Non-Default
CUST004523,Female,33,Graduate,Salaried,Single,2,70721.0,697.0,0,LN004523,Personal,401805.0,60,15.76,9719.95,16.69,9.7,0,Good,Owned,South,Approved,Non-Default
CUST004524,Female,42,Graduate,Salaried,Divorced,3,63748.0,678.0,0,LN004524,Personal,100437.0,60,15.95,2439.77,10.35,1.4,1,Good,Mortgage,North,Rejected,Non-Default
CUST004525,Female,39,Graduate,Salaried,Single,1,94375.0,709.0,1,LN004525,Personal,86096.0,48,17.06,2486.98,5.0,26.2,0,Excellent,Mortgage,North,Rejected,Non-Default
CUST004526,Female,42,Graduate,Unemployed,Divorced,1,19215.0,793.0,1,LN004526,Education,43310.0,24,13.17,2062.5,37.42,10.1,1,Excellent,Mortgage,West,Approved,Non-Default
CUST004527,Female,50,Graduate,Self-employed,Divorced,1,39194.0,642.0,1,LN004527,Home,215005.0,24,14.18,10341.3,31.66,3.2,0,Fair,Rented,South,Approved,Non-Default
CUST004528,Male,48,Postgraduate,Salaried,Single,3,35658.0,611.0,1,LN004528,Auto,306113.0,72,12.98,6141.71,22.71,4.6,0,Fair,Owned,West,Approved,Non-Default
CUST004529,Male,27,Graduate,Salaried,Married,1,62828.0,696.0,0,LN004529,Personal,399890.0,24,17.27,19823.39,39.68,13.1,0,Good,Rented,West,Approved,Non-Default
CUST004530,Male,49,Postgraduate,Salaried,Married,2,43748.0,752.0,0,LN004530,Auto,333633.0,12,13.88,29937.11,75.0,9.4,0,Excellent,Owned,North,Rejected,Non-Default
CUST004531,Female,40,Graduate,Self-employed,Single,0,48839.0,678.0,2,LN004531,Home,263911.0,24,14.04,12676.12,36.74,4.6,0,Good,Rented,East,Approved,Non-Default
CUST004532,Female,51,Postgraduate,Salaried,Married,1,28579.0,780.0,0,LN004532,Education,125465.0,48,15.96,3553.14,26.33,3.2,0,Excellent,Mortgage,South,Approved,Non-Default
CUST004533,Female,36,High School,Salaried,Single,0,51224.0,668.0,1,LN004533,Home,114360.0,36,14.67,3945.87,9.46,7.7,0,Good,Rented,North,Rejected,Non-Default
CUST004534,Female,29,Graduate,Salaried,Single,0,52443.0,769.0,1,LN004534,Business,371349.0,60,15.67,8965.5,26.58,5.7,0,Excellent,Rented,West,Rejected,Non-Default
CUST004535,Female,45,Graduate,Self-employed,Divorced,2,76438.0,679.0,0,LN004535,Home,98928.0,12,12.92,8832.27,21.76,3.6,1,Good,Rented,North,Approved,Default
CUST004536,Female,70,Graduate,Salaried,Married,1,20742.0,682.0,0,LN004536,Personal,385148.0,24,16.45,18940.96,75.0,13.9,2,Good,Mortgage,North,Approved,Default
CUST004537,Female,46,Postgraduate,Salaried,Married,1,26074.0,688.0,1,LN004537,Business,367816.0,36,13.95,12562.15,75.0,12.9,0,Good,Owned,West,Approved,Default
CUST004538,Female,39,Postgraduate,Salaried,Single,0,38939.0,741.0,1,LN004538,Personal,121528.0,24,14.74,5877.48,26.54,0.0,0,Excellent,Rented,South,Approved,Non-Default
CUST004539,Female,30,Graduate,Salaried,Single,0,38529.0,603.0,1,LN004539,Auto,176464.0,60,15.02,4199.92,24.08,10.9,0,Fair,Rented,West,Approved,Non-Default
CUST004540,Female,51,Graduate,Salaried,Single,0,67213.0,716.0,3,LN004540,Personal,132596.0,36,15.74,4644.68,15.43,1.5,0,Excellent,Mortgage,South,Approved,Non-Default
CUST004541,Female,36,Graduate,Self-employed,Married,1,36065.0,751.0,1,LN004541,Education,396920.0,60,14.73,9386.54,40.98,13.3,0,Excellent,Mortgage,North,Approved,Non-Default
CUST004542,Female,33,Postgraduate,Salaried,Married,1,55214.0,697.0,0,LN004542,Home,179813.0,36,12.54,6018.85,25.77,10.0,0,Good,Rented,South,Approved,Non-Default
CUST004543,Male,31,High School,Self-employed,Single,2,54362.0,773.0,1,LN004543,Home,93596.0,36,14.32,3213.46,30.49,7.2,0,Excellent,Rented,South,Approved,Non-Default
CUST004544,Male,68,High School,Salaried,Divorced,0,28668.0,733.0,2,LN004544,Auto,270554.0,36,13.65,9200.97,42.94,4.6,0,Excellent,Rented,North,Rejected,Non-Default
CUST004545,Female,37,Graduate,Self-employed,Married,3,52600.0,661.0,2,LN004545,Home,321995.0,48,14.95,8953.2,33.14,10.1,0,Good,Owned,South,Approved,Non-Default
CUST004546,Male,35,High School,Salaried,Single,3,183078.0,695.0,0,LN004546,Personal,115481.0,36,16.92,4112.62,17.95,7.6,2,Good,Mortgage,West,Approved,Non-Default
CUST004547,Male,49,Postgraduate,Self-employed,Married,0,31606.0,671.0,0,LN004547,Auto,408747.0,48,15.13,11402.69,50.17,0.0,0,Good,Mortgage,West,Rejected,Default
CUST004548,Male,31,Postgraduate,Salaried,Married,1,80778.0,762.0,0,LN004548,Home,296576.0,24,12.2,13988.58,27.93,5.9,0,Excellent,Rented,West,Approved,Non-Default
CUST004549,Male,42,Graduate,Salaried,Married,3,89616.0,731.0,1,LN004549,Home,87415.0,12,11.75,7756.5,20.62,0.0,0,Excellent,Mortgage,North,Approved,Non-Default
CUST004550,Male,52,Graduate,Salaried,Divorced,0,60664.0,708.0,3,LN004550,Personal,242733.0,24,16.3,11919.79,27.67,13.8,1,Excellent,Rented,East,Approved,Non-Default
CUST004551,Female,59,Postgraduate,Salaried,Single,0,92867.0,789.0,2,LN004551,Auto,390029.0,24,13.56,18645.45,26.13,4.3,0,Excellent,Rented,West,Approved,Default
CUST004552,Male,43,Graduate,Unemployed,Divorced,2,37938.0,617.0,0,LN004552,Personal,67709.0,36,17.13,2418.39,5.0,3.9,1,Fair,Owned,South,Approved,Default
CUST004553,Male,48,High School,Salaried,Married,1,92119.0,675.0,0,LN004553,Personal,119617.0,36,15.77,4191.81,6.57,2.6,0,Good,Rented,North,Approved,Non-Default
CUST004554,Male,28,High School,Unemployed,Single,2,96876.0,740.0,0,LN004554,Home,112821.0,36,13.75,3842.27,10.45,4.2,0,Excellent,Rented,North,Approved,Non-Default
CUST004555,Female,43,Graduate,Salaried,Divorced,0,83217.0,621.0,1,LN004555,Education,288710.0,48,16.08,8193.96,14.95,6.4,0,Fair,Owned,North,Approved,Default
CUST004556,Female,47,Graduate,Self-employed,Married,0,101096.0,591.0,0,LN004556,Personal,89042.0,36,17.56,3199.46,14.56,5.0,1,Fair,Rented,North,Rejected,Non-Default
CUST004557,Female,32,Graduate,Salaried,Married,1,31204.0,757.0,2,LN004557,Home,75550.0,72,14.99,1597.1,16.66,6.9,2,Excellent,Owned,South,Rejected,Non-Default
CUST004558,Female,36,High School,Salaried,Married,1,60832.0,714.0,3,LN004558,Personal,156977.0,48,14.73,4347.33,9.28,8.8,0,Excellent,Rented,North,Approved,Non-Default
CUST004559,Male,45,High School,Self-employed,Married,1,139404.0,773.0,2,LN004559,Business,249624.0,12,12.17,22198.65,30.33,5.8,0,Excellent,Rented,East,Approved,Non-Default
CUST004560,Female,29,Graduate,Self-employed,Single,2,73976.0,667.0,2,LN004560,Personal,288585.0,72,16.11,6277.43,13.32,16.5,0,Good,Rented,North,Approved,Non-Default
CUST004561,Male,45,High School,Salaried,Single,1,69968.0,630.0,0,LN004561,Auto,291472.0,24,15.3,14174.08,34.08,3.2,0,Fair,Rented,North,Approved,Non-Default
CUST004562,Male,38,High School,Salaried,Single,1,36904.0,670.0,3,LN004562,Auto,76160.0,48,14.15,2086.92,19.54,7.2,1,Good,Rented,North,Approved,Non-Default
CUST004563,Male,47,Graduate,Salaried,Divorced,0,51809.0,666.0,3,LN004563,Home,128348.0,36,14.05,4389.75,9.52,5.9,0,Good,Rented,North,Approved,Non-Default
CUST004564,Male,44,Graduate,Self-employed,Single,0,238476.0,773.0,0,LN004564,Auto,243169.0,60,14.52,5723.89,22.15,0.0,0,Excellent,Mortgage,West,Rejected,Non-Default
CUST004565,Male,47,High School,Salaried,Single,0,146513.0,823.0,0,LN004565,Personal,606041.0,24,14.97,29376.26,28.17,9.7,2,Excellent,Mortgage,North,Approved,Default
CUST004566,Female,24,High School,Self-employed,Single,1,53164.0,736.0,3,LN004566,Business,316920.0,72,13.27,6407.14,19.16,0.8,0,Excellent,Owned,South,Approved,Non-Default
CUST004567,Female,47,High School,Unemployed,Single,1,51993.0,617.0,1,LN004567,Home,299794.0,60,14.82,7103.78,14.58,18.4,0,Fair,Rented,East,Approved,Non-Default
CUST004568,Male,56,High School,Salaried,Married,0,35876.0,652.0,1,LN004568,Business,238793.0,60,16.06,5814.6,36.24,0.0,0,Good,Owned,South,Approved,Non-Default
CUST004569,Female,41,Graduate,Self-employed,Single,0,58026.0,635.0,0,LN004569,Home,385542.0,48,14.64,10659.7,35.63,1.4,0,Fair,Rented,East,Approved,Non-Default
CUST004570,Female,31,High School,Salaried,Married,1,64197.0,732.0,1,LN004570,Home,156630.0,36,12.16,5214.33,26.67,2.6,0,Excellent,Rented,East,Approved,Non-Default
CUST004571,Male,55,Graduate,Self-employed,Married,0,34748.0,643.0,2,LN004571,Business,263386.0,24,17.49,13084.5,45.0,17.0,0,Fair,Owned,South,Approved,Default
CUST004572,Female,32,High School,Salaried,Single,2,39299.0,697.0,1,LN004572,Home,170973.0,24,13.67,8182.28,25.4,4.3,0,Good,Rented,South,Approved,Non-Default
CUST004573,Male,40,Postgraduate,Salaried,Single,3,169659.0,595.0,0,LN004573,Home,178347.0,12,14.75,16076.27,15.68,11.9,0,Fair,Rented,North,Approved,Non-Default
CUST004574,Female,36,Graduate,Salaried,Single,2,94697.0,760.0,1,LN004574,Personal,241873.0,12,14.82,21810.51,24.7,10.3,0,Excellent,Owned,West,Approved,Non-Default
CUST004575,Male,25,Graduate,Salaried,Single,1,84861.0,660.0,2,LN004575,Personal,111542.0,24,16.14,5468.91,24.29,2.5,0,Good,Rented,South,Approved,Non-Default
CUST004576,Male,39,High School,Salaried,Married,2,77994.0,645.0,1,LN004576,Auto,313586.0,24,15.69,15307.74,34.15,3.6,0,Fair,Owned,West,Approved,Non-Default
CUST004577,Female,33,Graduate,Salaried,Divorced,2,47008.0,659.0,0,LN004577,Auto,255182.0,48,14.94,7094.15,24.83,2.9,0,Good,Rented,East,Approved,Non-Default
CUST004578,Male,50,High School,Salaried,Single,0,32951.0,678.0,0,LN004578,Auto,82147.0,12,15.22,7422.98,34.14,9.9,0,Good,Owned,East,Approved,Non-Default
CUST004579,Female,51,High School,Self-employed,Married,0,50039.0,668.0,1,LN004579,Business,70943.0,36,15.26,2468.3,5.0,10.8,0,Good,Mortgage,East,Approved,Non-Default
CUST004580,Female,42,High School,Self-employed,Married,0,45560.0,759.0,2,LN004580,Business,287624.0,24,16.69,14177.98,41.76,8.8,0,Excellent,Mortgage,South,Approved,Non-Default
CUST004581,Female,40,High School,Salaried,Married,0,42730.0,718.0,3,LN004581,Personal,269211.0,48,14.59,7436.51,26.64,5.8,0,Excellent,Rented,East,Approved,Non-Default
CUST004582,Female,37,Graduate,Salaried,Divorced,2,65110.0,705.0,0,LN004582,Personal,189253.0,36,15.11,6570.72,14.63,7.0,0,Excellent,Owned,South,Approved,Default
CUST004583,Male,43,Graduate,Salaried,Single,3,45939.0,695.0,0,LN004583,Auto,438373.0,36,13.24,14821.25,44.52,4.5,0,Good,Rented,East,Approved,Non-Default
CUST004584,Male,36,High School,Self-employed,Married,1,50922.0,664.0,3,LN004584,Home,237768.0,24,14.25,11444.03,38.81,0.0,0,Good,Owned,South,Approved,Non-Default
CUST004585,Male,21,Graduate,Salaried,Married,1,113506.0,594.0,0,LN004585,Business,367800.0,36,16.55,13030.85,18.29,8.3,0,Fair,Owned,North,Approved,Non-Default
CUST004586,Male,61,Graduate,Salaried,Single,0,73659.0,737.0,0,LN004586,Education,148243.0,36,12.75,4977.06,9.22,6.2,0,Excellent,Owned,South,Approved,Non-Default
CUST004587,Female,54,Graduate,Self-employed,Single,1,31435.0,750.0,3,LN004587,Auto,258174.0,36,15.75,9044.8,39.9,13.1,1,Excellent,Rented,West,Approved,Non-Default
CUST004588,Male,45,High School,Salaried,Married,2,81330.0,687.0,2,LN004588,Home,730396.0,60,16.25,17858.98,42.82,0.3,0,Good,Mortgage,East,Approved,Non-Default
CUST004589,Male,57,Graduate,Salaried,Single,0,71443.0,597.0,1,LN004589,Home,147121.0,24,13.43,7024.15,19.72,1.7,1,Fair,Rented,West,Approved,Non-Default
CUST004590,Female,44,Graduate,Salaried,Married,2,43382.0,780.0,1,LN004590,Personal,546801.0,24,14.96,26502.16,75.0,7.4,1,Excellent,Rented,East,Approved,Non-Default
CUST004591,Female,65,High School,Self-employed,Married,2,26893.0,582.0,2,LN004591,Home,154035.0,60,17.78,3893.07,30.84,4.6,0,Fair,Mortgage,West,Approved,Default
CUST004592,Male,33,Graduate,Self-employed,Single,3,27136.0,671.0,1,LN004592,Personal,80378.0,60,16.16,1961.48,15.53,0.0,0,Good,Mortgage,West,Approved,Non-Default
CUST004593,Female,37,High School,Salaried,Single,1,47494.0,701.0,0,LN004593,Home,103989.0,60,14.12,2426.12,9.84,9.1,0,Excellent,Rented,North,Approved,Non-Default
CUST004594,Male,46,Graduate,Unemployed,Married,2,36016.0,729.0,2,LN004594,Business,154574.0,36,16.82,5497.15,23.19,14.4,0,Excellent,Mortgage,West,Approved,Non-Default
CUST004595,Female,35,Postgraduate,Salaried,Single,1,29397.0,660.0,1,LN004595,Personal,213176.0,36,16.45,7542.08,48.29,13.1,0,Good,Owned,East,Approved,Non-Default
CUST004596,Female,42,High School,Self-employed,Divorced,0,35511.0,681.0,3,LN004596,Home,209710.0,72,15.65,4508.68,20.41,6.1,0,Good,Mortgage,East,Rejected,Default
CUST004597,Male,36,High School,Self-employed,Divorced,2,79839.0,725.0,1,LN004597,Personal,128302.0,48,16.8,3688.9,12.41,9.1,0,Excellent,Mortgage,West,Approved,Non-Default
CUST004598,Female,46,High School,Self-employed,Married,0,78151.0,706.0,0,LN004598,Home,347697.0,24,12.54,16455.12,23.42,4.7,1,Excellent,Rented,North,Approved,Non-Default
CUST004599,Female,37,High School,Self-employed,Married,1,51392.0,648.0,3,LN004599,Home,278038.0,72,17.1,6200.79,11.83,0.0,0,Fair,Mortgage,East,Approved,Non-Default
CUST004600,Female,46,Graduate,Salaried,Married,2,37808.0,727.0,1,LN004600,Education,143890.0,60,16.11,3507.54,9.49,2.8,2,Excellent,Owned,South,Approved,Non-Default
CUST004601,Male,34,Graduate,Unemployed,Divorced,0,53513.0,696.0,0,LN004601,Auto,435153.0,36,14.29,14933.86,44.45,11.6,1,Good,Owned,East,Approved,Non-Default
CUST004602,Male,37,Graduate,Salaried,Married,0,27816.0,673.0,2,LN004602,Personal,216169.0,60,14.3,5063.56,34.3,9.3,1,Good,Mortgage,North,Approved,Default
CUST004603,Female,53,Graduate,Salaried,Divorced,1,48968.0,697.0,2,LN004603,Business,284050.0,48,13.98,7759.24,35.84,0.0,0,Good,Owned,West,Approved,Non-Default
CUST004604,Female,45,Graduate,Self-employed,Single,0,35043.0,606.0,2,LN004604,Home,176337.0,36,12.99,5940.64,18.54,6.7,0,Fair,Rented,South,Approved,Non-Default
CUST004605,Male,37,Graduate,Self-employed,Divorced,0,82355.0,769.0,1,LN004605,Education,298688.0,72,12.44,5907.98,12.65,5.7,0,Excellent,Mortgage,South,Approved,Non-Default
CUST004606,Female,39,Graduate,Salaried,Single,0,33789.0,641.0,1,LN004606,Home,347103.0,72,14.84,7309.37,35.63,16.8,0,Fair,Rented,East,Approved,Non-Default
CUST004607,Female,34,Graduate,Self-employed,Married,1,49201.0,702.0,2,LN004607,Personal,262402.0,12,16.47,23866.36,68.04,17.3,2,Excellent,Rented,North,Approved,Default
CUST004608,Female,48,High School,Salaried,Married,2,65884.0,602.0,0,LN004608,Home,123418.0,24,15.9,6037.03,27.85,13.5,0,Fair,Rented,East,Approved,Non-Default
CUST004609,Female,45,Graduate,Self-employed,Married,2,60324.0,729.0,0,LN004609,Home,200109.0,24,13.14,9526.71,10.98,5.8,0,Excellent,Mortgage,West,Approved,Non-Default
CUST004610,Male,49,Postgraduate,Unemployed,Married,2,142863.0,807.0,0,LN004610,Personal,95483.0,12,13.48,8549.8,21.34,9.2,0,Excellent,Rented,East,Approved,Non-Default
CUST004611,Male,58,Graduate,Unemployed,Single,0,44889.0,712.0,2,LN004611,Personal,625463.0,24,16.62,30810.23,75.0,11.2,0,Excellent,Rented,East,Approved,Non-Default
CUST004612,Male,48,Postgraduate,Self-employed,Married,0,77893.0,745.0,1,LN004612,Home,357709.0,24,15.71,17465.02,45.63,13.2,0,Excellent,Owned,North,Approved,Non-Default
CUST004613,Male,38,High School,Salaried,Married,1,50108.0,647.0,0,LN004613,Business,119671.0,24,15.1,5808.13,15.71,2.3,0,Fair,Rented,East,Approved,Non-Default
CUST004614,Male,48,Graduate,Salaried,Single,2,59197.0,703.0,1,LN004614,Home,123681.0,36,16.26,4364.15,6.44,2.8,1,Excellent,Mortgage,East,Rejected,Non-Default
CUST004615,Female,43,High School,Self-employed,Single,1,54094.0,611.0,0,LN004615,Business,408159.0,36,17.86,14727.28,41.03,5.0,0,Fair,Owned,West,Approved,Non-Default
CUST004616,Male,49,Graduate,Salaried,Single,1,82779.0,776.0,1,LN004616,Personal,73293.0,48,14.32,2014.62,17.91,0.0,0,Excellent,Rented,North,Approved,Non-Default
CUST004617,Male,32,High School,Salaried,Single,1,101083.0,772.0,0,LN004617,Business,530039.0,48,15.09,14775.57,35.33,16.4,0,Excellent,Owned,South,Rejected,Non-Default
CUST004618,Female,42,Postgraduate,Salaried,Married,2,48252.0,705.0,0,LN004618,Auto,207318.0,48,15.58,5830.95,19.89,7.0,0,Excellent,Owned,East,Approved,Non-Default
CUST004619,Male,41,Graduate,Salaried,Single,2,164325.0,719.0,2,LN004619,Home,64112.0,12,14.99,5786.34,5.0,14.0,0,Excellent,Rented,South,Rejected,Non-Default
CUST004620,Male,46,Graduate,Salaried,Married,2,59137.0,563.0,1,LN004620,Personal,243244.0,36,15.44,8484.64,22.85,17.1,0,Fair,Mortgage,West,Approved,Non-Default
CUST004621,Female,31,High School,Salaried,Single,2,65567.0,742.0,2,LN004621,Personal,112265.0,36,12.25,3742.22,14.74,18.7,0,Excellent,Rented,South,Rejected,Non-Default
CUST004622,Female,41,Graduate,Unemployed,Married,1,70741.0,843.0,0,LN004622,Personal,204905.0,60,15.85,4966.58,16.47,7.1,0,Excellent,Owned,West,Approved,Non-Default
CUST004623,Male,56,Postgraduate,Salaried,Married,0,34351.0,741.0,1,LN004623,Home,170679.0,48,14.49,4706.12,10.5,21.8,0,Excellent,Owned,South,Approved,Default
CUST004624,Male,33,High School,Self-employed,Divorced,1,50449.0,742.0,0,LN004624,Personal,172547.0,60,17.45,4330.1,5.0,0.6,0,Excellent,Rented,East,Approved,Non-Default
CUST004625,Female,41,Graduate,Salaried,Divorced,1,42075.0,644.0,1,LN004625,Business,149985.0,48,15.1,4181.8,24.47,8.9,0,Fair,Rented,West,Approved,Non-Default
CUST004626,Male,26,High School,Self-employed,Single,3,23462.0,638.0,0,LN004626,Home,242828.0,24,15.6,11843.26,75.0,9.5,1,Fair,Rented,South,Approved,Default
CUST004627,Female,21,Graduate,Self-employed,Married,0,54971.0,581.0,1,LN004627,Home,285322.0,60,14.37,6693.8,26.52,10.4,0,Fair,Owned,West,Approved,Non-Default
CUST004628,Male,54,Graduate,Salaried,Married,1,23309.0,584.0,0,LN004628,Personal,453726.0,36,17.9,16380.53,75.0,7.3,1,Fair,Owned,South,Approved,Default
CUST004629,Male,31,Postgraduate,Unemployed,Married,0,49623.0,642.0,1,LN004629,Business,156017.0,48,16.33,4447.98,16.57,5.5,0,Fair,Rented,East,Approved,Non-Default
CUST004630,Female,28,Graduate,Salaried,Married,1,92180.0,738.0,0,LN004630,Home,430860.0,36,13.56,14633.86,25.88,0.1,0,Excellent,Rented,South,Rejected,Non-Default
CUST004631,Male,56,High School,Self-employed,Married,0,31295.0,752.0,0,LN004631,Home,193703.0,36,12.04,6437.41,29.25,8.1,1,Excellent,Mortgage,North,Approved,Non-Default
CUST004632,Male,21,Postgraduate,Salaried,Married,0,53098.0,701.0,0,LN004632,Personal,156957.0,36,17.65,5646.85,23.73,13.2,0,Excellent,Mortgage,North,Approved,Non-Default
CUST004633,Female,46,High School,Salaried,Married,0,35379.0,651.0,3,LN004633,Personal,112681.0,48,15.49,3164.06,26.39,7.4,0,Good,Owned,East,Approved,Non-Default
CUST004634,Female,51,Graduate,Salaried,Divorced,2,89071.0,672.0,0,LN004634,Home,164706.0,24,14.21,7924.36,8.62,7.6,0,Good,Rented,South,Approved,Non-Default
CUST004635,Male,43,Graduate,Salaried,Single,1,51673.0,747.0,1,LN004635,Personal,137290.0,36,13.51,4659.64,22.89,3.2,0,Excellent,Owned,North,Approved,Non-Default
CUST004636,Female,33,Graduate,Salaried,Married,0,40245.0,800.0,3,LN004636,Personal,368857.0,12,16.41,33538.32,75.0,9.5,1,Excellent,Owned,West,Approved,Non-Default
CUST004637,Male,39,Graduate,Salaried,Divorced,0,54813.0,703.0,1,LN004637,Home,228971.0,36,13.43,7762.45,23.47,10.6,0,Excellent,Rented,West,Approved,Non-Default
CUST004638,Female,34,Graduate,Salaried,Married,3,76444.0,606.0,3,LN004638,Business,357453.0,24,17.91,17829.98,37.38,10.4,0,Fair,Rented,East,Approved,Non-Default
CUST004639,Female,52,Graduate,Salaried,Single,1,72049.0,666.0,1,LN004639,Home,60136.0,60,14.33,1409.57,6.84,0.0,0,Good,Owned,South,Approved,Non-Default
CUST004640,Male,30,Graduate,Salaried,Single,0,143853.0,809.0,0,LN004640,Auto,511087.0,12,14.81,46084.04,48.57,13.7,0,Excellent,Owned,North,Approved,Default
CUST004641,Female,37,High School,Unemployed,Divorced,2,76334.0,696.0,1,LN004641,Home,302475.0,48,14.75,8379.82,12.15,12.6,1,Good,Rented,North,Approved,Non-Default
CUST004642,Female,47,Postgraduate,Self-employed,Married,0,46021.0,718.0,3,LN004642,Home,297411.0,12,13.73,26665.91,72.7,6.4,1,Excellent,Mortgage,South,Approved,Non-Default
CUST004643,Male,21,High School,Salaried,Married,2,107272.0,715.0,1,LN004643,Business,286804.0,36,13.95,9795.32,25.87,8.9,1,Excellent,Mortgage,East,Approved,Non-Default
CUST004644,Female,21,High School,Salaried,Married,3,86282.0,736.0,1,LN004644,Personal,84626.0,60,15.14,2019.47,5.0,0.0,0,Excellent,Owned,East,Rejected,Non-Default
CUST004645,Male,23,Postgraduate,Salaried,Divorced,0,219662.0,652.0,1,LN004645,Personal,546991.0,36,16.24,19295.46,7.01,13.4,0,Good,Rented,North,Approved,Non-Default
CUST004646,Female,57,Graduate,Salaried,Married,1,47075.0,632.0,1,LN004646,Auto,585318.0,48,15.42,16414.72,48.0,6.3,0,Fair,Rented,West,Rejected,Non-Default
CUST004647,Male,56,Graduate,Salaried,Single,0,49936.0,777.0,0,LN004647,Personal,239731.0,12,12.47,21352.55,60.29,2.8,0,Excellent,Mortgage,West,Approved,Non-Default
CUST004648,Male,54,Graduate,Salaried,Divorced,1,189612.0,783.0,2,LN004648,Education,99770.0,48,13.63,2707.88,13.83,7.5,0,Excellent,Mortgage,South,Approved,Non-Default
CUST004649,Male,38,Graduate,Salaried,Married,0,32975.0,657.0,1,LN004649,Auto,109753.0,48,13.77,2986.52,22.68,15.9,0,Good,Owned,South,Approved,Non-Default
CUST004650,Male,42,Postgraduate,Salaried,Married,1,40872.0,728.0,3,LN004650,Auto,258503.0,12,13.55,23155.54,75.0,12.6,0,Excellent,Owned,North,Approved,Non-Default
CUST004651,Female,38,Graduate,Unemployed,Divorced,2,73401.0,585.0,0,LN004651,Home,123334.0,36,16.18,4347.03,15.21,2.7,0,Fair,Mortgage,South,Approved,Non-Default
CUST004652,Male,43,High School,Salaried,Single,1,46223.0,627.0,1,LN004652,Auto,447554.0,48,14.79,12408.17,32.38,7.1,2,Fair,Owned,South,Approved,Non-Default
CUST004653,Male,29,Graduate,Salaried,Married,0,26149.0,689.0,2,LN004653,Home,187460.0,12,13.1,16752.21,75.0,15.8,0,Good,Rented,South,Rejected,Default
CUST004654,Male,36,High School,Self-employed,Single,0,29447.0,684.0,1,LN004654,Personal,341550.0,36,16.08,12021.38,43.65,3.9,0,Good,Owned,West,Approved,Non-Default
CUST004655,Male,37,Graduate,Salaried,Married,1,41803.0,667.0,1,LN004655,Personal,223374.0,60,17.03,5555.02,25.17,0.0,1,Good,Owned,North,Approved,Non-Default
CUST004656,Female,51,Graduate,Salaried,Married,0,39398.0,627.0,3,LN004656,Business,182453.0,48,15.01,5078.73,16.9,5.7,2,Fair,Owned,North,Rejected,Default
CUST004657,Male,37,High School,Unemployed,Single,2,46232.0,653.0,1,LN004657,Business,211645.0,24,16.16,10378.98,23.07,14.2,0,Good,Owned,East,Approved,Non-Default
CUST004658,Male,52,Graduate,Salaried,Single,2,48036.0,688.0,2,LN004658,Home,137429.0,60,14.07,3202.72,34.45,3.5,1,Good,Rented,West,Approved,Non-Default
CUST004659,Female,21,High School,Unemployed,Married,0,50262.0,601.0,0,LN004659,Auto,248190.0,48,14.86,6889.71,20.99,0.0,0,Fair,Owned,South,Approved,Non-Default
CUST004660,Male,52,High School,Salaried,Divorced,2,19943.0,700.0,2,LN004660,Business,580771.0,36,16.26,20492.81,75.0,14.6,0,Excellent,Owned,North,Approved,Default
CUST004661,Male,41,Postgraduate,Self-employed,Single,0,79516.0,718.0,0,LN004661,Education,132892.0,12,13.06,11873.29,24.93,11.0,0,Excellent,Rented,West,Approved,Non-Default
CUST004662,Male,29,High School,Unemployed,Married,0,37877.0,636.0,0,LN004662,Home,472291.0,72,12.86,9445.96,39.87,19.0,0,Fair,Owned,East,Approved,Non-Default
CUST004663,Female,70,High School,Self-employed,Divorced,0,131470.0,675.0,1,LN004663,Auto,144472.0,36,14.94,5003.93,12.22,14.7,0,Good,Owned,West,Approved,Non-Default
CUST004664,Male,46,High School,Self-employed,Single,2,60540.0,613.0,0,LN004664,Home,92950.0,72,13.73,1901.89,6.85,13.6,1,Fair,Rented,South,Rejected,Default
CUST004665,Male,38,High School,Salaried,Single,1,65150.0,608.0,1,LN004665,Auto,184312.0,48,16.25,5247.08,20.25,6.7,0,Fair,Rented,West,Approved,Non-Default
CUST004666,Male,28,Graduate,Self-employed,Married,1,67182.0,713.0,0,LN004666,Personal,279506.0,60,15.66,6746.65,22.95,9.1,0,Excellent,Mortgage,South,Rejected,Non-Default
CUST004667,Female,40,High School,Salaried,Single,0,85116.0,718.0,2,LN004667,Personal,335027.0,24,15.62,16343.2,25.96,8.1,0,Excellent,Rented,West,Approved,Non-Default
CUST004668,Male,34,High School,Salaried,Married,0,128706.0,727.0,2,LN004668,Personal,69737.0,12,17.3,6370.28,16.53,9.1,0,Excellent,Rented,West,Approved,Non-Default
CUST004669,Female,49,High School,Self-employed,Single,1,78348.0,560.0,1,LN004669,Auto,306297.0,60,17.22,7648.55,12.7,0.0,0,Fair,Owned,South,Approved,Non-Default
CUST004670,Male,40,High School,Salaried,Single,1,67240.0,753.0,1,LN004670,Home,184470.0,36,14.47,6346.94,11.15,0.0,1,Excellent,Mortgage,East,Rejected,Default
CUST004671,Female,37,Graduate,Salaried,Divorced,0,87328.0,681.0,0,LN004671,Home,87126.0,48,12.16,2301.21,8.17,15.1,0,Good,Rented,North,Approved,Non-Default
CUST004672,Male,44,Graduate,Self-employed,Single,2,80473.0,800.0,0,LN004672,Business,63987.0,60,13.76,1480.92,5.0,18.2,0,Excellent,Owned,West,Rejected,Non-Default
CUST004673,Female,31,Graduate,Salaried,Married,2,59364.0,766.0,1,LN004673,Auto,258922.0,60,13.96,6019.29,15.65,9.7,0,Excellent,Owned,South,Approved,Non-Default
CUST004674,Male,30,High School,Salaried,Married,1,57303.0,681.0,0,LN004674,Home,182326.0,60,15.13,4349.97,19.44,6.1,0,Good,Rented,South,Approved,Non-Default
CUST004675,Female,61,High School,Self-employed,Married,2,89033.0,645.0,2,LN004675,Auto,212801.0,36,15.76,7456.26,25.17,3.6,0,Fair,Owned,South,Approved,Non-Default
CUST004676,Female,65,Postgraduate,Salaried,Single,2,49990.0,662.0,1,LN004676,Home,590860.0,36,14.52,20343.74,57.43,2.2,0,Good,Mortgage,East,Approved,Non-Default
CUST004677,Female,30,Graduate,Salaried,Married,2,124532.0,644.0,0,LN004677,Home,68945.0,72,15.75,1486.07,8.28,21.1,0,Fair,Owned,North,Approved,Non-Default
CUST004678,Male,38,Postgraduate,Salaried,Married,0,65572.0,745.0,2,LN004678,Auto,152100.0,48,12.67,4055.59,17.0,4.7,0,Excellent,Rented,North,Approved,Non-Default
CUST004679,Female,58,Graduate,Salaried,Married,0,202019.0,655.0,2,LN004679,Personal,132789.0,12,17.28,12128.64,9.87,9.9,0,Good,Owned,East,Approved,Non-Default
CUST004680,Female,39,Graduate,Self-employed,Single,0,32518.0,676.0,1,LN004680,Education,67347.0,60,12.55,1516.88,13.78,2.3,1,Good,Rented,East,Approved,Non-Default
CUST004681,Female,39,Graduate,Salaried,Single,1,50417.0,732.0,0,LN004681,Personal,132629.0,48,15.85,3748.56,26.11,6.0,0,Excellent,Rented,East,Approved,Non-Default
CUST004682,Female,31,Graduate,Salaried,Married,0,124921.0,503.0,0,LN004682,Education,191224.0,36,16.71,6790.09,7.83,0.5,0,Poor,Owned,South,Approved,Non-Default
CUST004683,Female,41,Graduate,Salaried,Single,2,60880.0,627.0,0,LN004683,Business,176337.0,24,15.84,8620.53,29.16,3.8,0,Fair,Owned,North,Approved,Non-Default
CUST004684,Male,39,High School,Salaried,Single,0,85509.0,786.0,2,LN004684,Business,67407.0,48,15.02,1876.67,6.98,5.4,0,Excellent,Rented,West,Rejected,Non-Default
CUST004685,Female,27,Postgraduate,Salaried,Married,2,69601.0,643.0,1,LN004685,Home,180536.0,24,15.46,8793.09,15.62,8.7,0,Fair,Rented,West,Approved,Non-Default
CUST004686,Male,29,Graduate,Self-employed,Married,1,48514.0,699.0,1,LN004686,Home,262080.0,12,15.31,23693.25,58.44,0.0,0,Good,Owned,South,Approved,Non-Default
CUST004687,Female,39,Graduate,Salaried,Single,1,45883.0,733.0,2,LN004687,Business,100138.0,36,12.43,3346.62,19.94,6.3,0,Excellent,Rented,North,Approved,Default
CUST004688,Female,45,Graduate,Self-employed,Single,3,92761.0,699.0,1,LN004688,Education,493424.0,48,14.61,13635.01,16.63,4.4,0,Good,Rented,West,Approved,Non-Default
CUST004689,Male,34,Graduate,Unemployed,Married,1,77223.0,675.0,1,LN004689,Business,139255.0,24,14.03,6688.01,17.19,4.9,0,Good,Mortgage,North,Approved,Non-Default
CUST004690,Female,48,Graduate,Salaried,Married,0,63403.0,690.0,1,LN004690,Home,226505.0,36,11.87,7509.15,28.34,5.1,0,Good,Mortgage,South,Rejected,Non-Default
CUST004691,Male,45,Graduate,Self-employed,Single,1,111432.0,708.0,3,LN004691,Auto,214168.0,48,14.92,5951.77,8.46,6.0,0,Excellent,Rented,West,Approved,Non-Default
CUST004692,Male,38,Graduate,Salaried,Single,3,81580.0,703.0,0,LN004692,Personal,179041.0,72,17.17,3999.97,19.24,5.1,0,Excellent,Mortgage,North,Approved,Non-Default
CUST004693,Male,37,Graduate,Salaried,Married,2,98151.0,712.0,1,LN004693,Personal,57666.0,36,17.98,2084.19,13.47,0.0,0,Excellent,Owned,North,Rejected,Non-Default
CUST004694,Male,51,Graduate,Self-employed,Single,1,87053.0,699.0,1,LN004694,Personal,168545.0,60,17.44,4228.76,18.11,9.8,0,Good,Rented,East,Approved,Non-Default
CUST004695,Male,48,High School,Self-employed,Married,2,51036.0,630.0,2,LN004695,Education,139552.0,72,14.57,2918.34,9.94,12.3,0,Fair,Mortgage,East,Approved,Non-Default
CUST004696,Male,41,Graduate,Salaried,Single,1,35779.0,626.0,0,LN004696,Education,480508.0,12,16.32,43669.7,75.0,1.1,0,Fair,Rented,North,Rejected,Default
CUST004697,Female,52,High School,Salaried,Single,0,,691.0,1,LN004697,Education,542242.0,36,16.49,19195.06,28.6,11.6,0,Good,Rented,East,Approved,Non-Default
CUST004698,Female,37,Graduate,Salaried,Married,2,133359.0,824.0,1,LN004698,Personal,509222.0,12,14.62,45870.26,56.99,0.0,0,Excellent,Mortgage,West,Approved,Non-Default
CUST004699,Male,31,High School,Self-employed,Married,1,18000.0,762.0,0,LN004699,Personal,425908.0,12,14.71,38383.48,75.0,9.8,0,Excellent,Owned,South,Approved,Default
CUST004700,Male,55,Graduate,Unemployed,Single,1,37248.0,709.0,0,LN004700,Personal,154973.0,60,15.6,3735.78,20.9,1.6,1,Excellent,Mortgage,South,Approved,Non-Default
CUST004701,Male,38,Graduate,Self-employed,Single,1,123350.0,701.0,1,LN004701,Auto,269079.0,36,14.49,9260.65,26.53,2.8,0,Excellent,Rented,East,Approved,Non-Default
CUST004702,Female,32,High School,Salaried,Married,2,53313.0,469.0,1,LN004702,Personal,447381.0,12,20.32,41511.47,75.0,2.5,1,Poor,Rented,South,Rejected,Default
CUST004703,Female,30,High School,Salaried,Single,2,86075.0,674.0,3,LN004703,Education,263541.0,12,14.68,23746.99,43.67,12.6,0,Good,Owned,East,Approved,Non-Default
CUST004704,Male,45,High School,Self-employed,Married,1,27782.0,638.0,1,LN004704,Personal,556564.0,36,15.3,19375.34,75.0,13.0,1,Fair,Rented,West,Approved,Default
CUST004705,Male,44,Postgraduate,Self-employed,Single,0,88650.0,654.0,2,LN004705,Home,431133.0,12,14.52,38815.75,59.45,8.3,0,Good,Owned,West,Approved,Non-Default
CUST004706,Male,43,Graduate,Self-employed,Single,1,35741.0,650.0,2,LN004706,Personal,144512.0,24,16.07,7080.59,33.1,18.0,0,Good,Owned,South,Approved,Non-Default
CUST004707,Male,28,Graduate,Salaried,Married,0,44132.0,588.0,0,LN004707,Home,150246.0,60,16.19,3668.88,23.17,12.9,1,Fair,Mortgage,North,Approved,Non-Default
CUST004708,Female,49,Graduate,Salaried,Single,3,54333.0,687.0,0,LN004708,Personal,225847.0,48,15.19,6307.26,13.4,4.9,1,Good,Rented,North,Approved,Non-Default
CUST004709,Male,32,Graduate,Self-employed,Single,2,58415.0,683.0,1,LN004709,Personal,139930.0,60,15.54,3368.72,13.04,14.7,0,Good,Owned,East,Approved,Non-Default
CUST004710,Male,37,Graduate,Unemployed,Married,1,98355.0,602.0,0,LN004710,Auto,249697.0,60,14.32,5851.52,18.36,5.1,0,Fair,Rented,South,Approved,Non-Default
CUST004711,Male,22,Graduate,Salaried,Single,1,37214.0,645.0,1,LN004711,Business,172977.0,60,17.82,4375.56,27.4,15.9,0,Fair,Mortgage,South,Approved,Non-Default
CUST004712,Male,50,Graduate,Self-employed,Married,0,42092.0,799.0,0,LN004712,Education,131916.0,24,12.19,6221.46,25.99,6.4,0,Excellent,Mortgage,South,Approved,Non-Default
CUST004713,Female,52,High School,Self-employed,Married,1,55705.0,681.0,2,LN004713,Business,87741.0,24,14.78,4245.1,27.63,4.8,0,Good,Rented,East,Rejected,Non-Default
CUST004714,Female,36,High School,Salaried,Married,1,64897.0,633.0,0,LN004714,Auto,55423.0,12,16.52,5042.22,10.39,12.8,0,Fair,Owned,West,Approved,Non-Default
CUST004715,Male,42,High School,Salaried,Married,1,51793.0,663.0,0,LN004715,Personal,232036.0,24,14.89,11238.52,16.85,16.6,0,Good,Rented,West,Rejected,Default
CUST004716,Female,37,Graduate,Self-employed,Single,1,30639.0,651.0,0,LN004716,Auto,159878.0,48,14.85,4437.38,12.92,9.3,0,Good,Rented,East,Approved,Non-Default
CUST004717,Female,42,High School,Salaried,Single,2,57900.0,782.0,0,LN004717,Home,53916.0,60,15.3,1291.16,5.0,0.0,0,Excellent,Rented,East,Approved,Non-Default
CUST004718,Male,33,High School,Salaried,Married,1,77348.0,789.0,1,LN004718,Home,1239847.0,48,14.52,34204.95,64.92,0.0,1,Excellent,Rented,North,Approved,Non-Default
CUST004719,Male,60,Postgraduate,Salaried,Married,1,34234.0,639.0,0,LN004719,Home,373641.0,48,14.83,10366.54,50.13,6.5,1,Fair,Mortgage,East,Approved,Default
CUST004720,Female,29,High School,Salaried,Divorced,1,96213.0,643.0,1,LN004720,Home,335551.0,72,14.11,6934.06,14.34,13.1,0,Fair,Mortgage,West,Approved,Non-Default
CUST004721,Female,43,High School,Salaried,Single,0,51159.0,664.0,3,LN004721,Home,112824.0,72,14.8,2373.43,14.95,6.9,0,Good,Rented,West,Rejected,Non-Default
CUST004722,Female,47,Postgraduate,Salaried,Single,2,76664.0,683.0,0,LN004722,Personal,503483.0,24,15.99,24649.69,40.1,1.8,0,Good,Mortgage,East,Approved,Non-Default
CUST004723,Female,46,Graduate,Salaried,Married,0,48611.0,675.0,1,LN004723,Personal,474191.0,36,16.99,16903.84,48.93,0.0,0,Good,Mortgage,South,Approved,Non-Default
CUST004724,Female,36,Graduate,Salaried,Single,1,57704.0,787.0,1,LN004724,Auto,259652.0,12,11.44,23001.8,53.27,0.0,0,Excellent,Owned,East,Approved,Default
CUST004725,Male,54,Graduate,Salaried,Single,2,45201.0,693.0,1,LN004725,Home,135348.0,48,12.02,3565.56,22.7,6.1,0,Good,Owned,South,Rejected,Non-Default
CUST004726,Female,56,Postgraduate,Self-employed,Married,1,104844.0,673.0,1,LN004726,Home,88184.0,36,13.41,2988.71,10.55,3.8,0,Good,Owned,South,Approved,Default
CUST004727,Female,34,Graduate,Salaried,Single,2,87099.0,652.0,2,LN004727,Education,129326.0,48,13.86,3524.95,13.57,2.3,0,Good,Rented,South,Approved,Non-Default
CUST004728,Female,41,High School,Self-employed,Married,1,30002.0,581.0,2,LN004728,Business,88432.0,24,17.69,4401.65,32.54,14.6,0,Fair,Rented,North,Approved,Non-Default
CUST004729,Female,55,Postgraduate,Self-employed,Married,1,133952.0,651.0,0,LN004729,Auto,126520.0,36,18.01,4574.64,10.83,17.0,0,Good,Rented,North,Approved,Non-Default
CUST004730,Female,51,Graduate,Self-employed,Divorced,1,34826.0,674.0,0,LN004730,Auto,202213.0,36,14.31,6941.65,44.5,20.2,0,Good,Owned,South,Approved,Non-Default
CUST004731,Female,40,High School,Self-employed,Married,1,47875.0,773.0,1,LN004731,Home,992089.0,12,14.09,89118.83,75.0,8.7,0,Excellent,Rented,North,Approved,Non-Default
CUST004732,Female,40,Graduate,Self-employed,Married,0,44321.0,607.0,2,LN004732,Home,123255.0,48,15.52,3462.86,18.28,19.1,0,Fair,Rented,East,Approved,Default
CUST004733,Female,53,High School,Self-employed,Married,1,81006.0,570.0,0,LN004733,Business,160656.0,24,17.66,7994.24,20.87,9.2,0,Fair,Rented,North,Approved,Non-Default
CUST004734,Female,44,High School,Unemployed,Married,0,76690.0,783.0,0,LN004734,Personal,293014.0,12,15.14,26466.31,51.71,21.5,0,Excellent,Owned,North,Approved,Non-Default
CUST004735,Male,45,High School,Self-employed,Married,1,36149.0,662.0,0,LN004735,Education,34098.0,24,13.32,1626.21,23.55,8.8,0,Good,Mortgage,West,Approved,Non-Default
CUST004736,Female,58,High School,Self-employed,Married,0,127432.0,643.0,1,LN004736,Home,164566.0,48,12.62,4383.92,5.06,0.0,0,Fair,Owned,South,Approved,Non-Default
CUST004737,Male,53,Graduate,Salaried,Married,1,24347.0,758.0,0,LN004737,Home,84596.0,48,13.25,2280.01,14.11,7.4,2,Excellent,Owned,North,Approved,Non-Default
CUST004738,Female,41,Graduate,Unemployed,Married,0,92407.0,721.0,1,LN004738,Personal,80361.0,72,18.13,1838.77,5.0,6.8,0,Excellent,Owned,South,Approved,Non-Default
CUST004739,Male,38,Graduate,Self-employed,Divorced,1,45280.0,732.0,0,LN004739,Auto,300373.0,48,14.17,8233.77,30.64,14.3,0,Excellent,Mortgage,West,Approved,Non-Default
CUST004740,Male,27,High School,Unemployed,Married,0,37174.0,724.0,0,LN004740,Home,193996.0,36,13.07,6543.03,25.29,4.7,0,Excellent,Owned,East,Approved,Non-Default
CUST004741,Female,42,Graduate,Salaried,Single,0,37820.0,707.0,1,LN004741,Business,78892.0,48,16.53,2257.29,17.15,8.4,3,Excellent,Mortgage,West,Approved,Non-Default
CUST004742,Female,30,Graduate,Salaried,Single,0,44162.0,625.0,1,LN004742,Home,69162.0,60,15.28,1655.54,15.77,5.1,1,Fair,Owned,North,Approved,Default
CUST004743,Female,45,High School,Unemployed,Married,2,116337.0,690.0,2,LN004743,Home,261545.0,48,15.85,7392.18,25.33,11.1,0,Good,Owned,West,Approved,Non-Default
CUST004744,Male,41,High School,Self-employed,Single,0,97042.0,560.0,1,LN004744,Auto,141684.0,48,16.76,4070.73,15.28,9.2,0,Fair,Owned,North,Approved,Non-Default
CUST004745,Female,33,High School,Salaried,Married,3,109340.0,703.0,1,LN004745,Home,388057.0,60,14.63,9156.65,26.88,0.0,0,Excellent,Owned,North,Approved,Non-Default
CUST004746,Male,39,Graduate,Self-employed,Married,1,52172.0,712.0,1,LN004746,Personal,152545.0,60,15.93,3703.93,23.16,1.3,0,Excellent,Mortgage,North,Approved,Non-Default
CUST004747,Male,60,Postgraduate,Salaried,Married,1,85539.0,702.0,2,LN004747,Home,213308.0,72,12.71,4249.39,9.99,11.8,0,Excellent,Rented,North,Approved,Non-Default
CUST004748,Female,23,Postgraduate,Unemployed,Married,0,65053.0,720.0,3,LN004748,Home,336707.0,36,13.42,11413.22,34.93,0.0,1,Excellent,Mortgage,North,Approved,Non-Default
CUST004749,Male,29,Postgraduate,Self-employed,Married,2,96653.0,705.0,2,LN004749,Home,175340.0,60,14.98,4169.49,5.56,12.6,0,Excellent,Rented,North,Approved,Non-Default
CUST004750,Male,21,Graduate,Self-employed,Married,1,53250.0,742.0,0,LN004750,Personal,224075.0,48,16.09,6360.68,19.28,2.4,0,Excellent,Rented,South,Approved,Non-Default
CUST004751,Female,50,Graduate,Self-employed,Divorced,2,20592.0,754.0,1,LN004751,Personal,38844.0,48,16.27,1106.23,14.06,2.8,0,Excellent,Rented,North,Approved,Non-Default
CUST004752,Male,46,Graduate,Self-employed,Married,1,50748.0,631.0,0,LN004752,Personal,181815.0,36,15.09,6310.69,26.12,0.0,0,Fair,Mortgage,West,Approved,Non-Default
CUST004753,Female,36,Graduate,Salaried,Single,0,38954.0,644.0,0,LN004753,Personal,687192.0,36,15.6,24024.14,75.0,6.4,0,Fair,Mortgage,North,Approved,Non-Default
CUST004754,Male,55,Postgraduate,Self-employed,Single,3,59445.0,573.0,0,LN004754,Home,172592.0,24,16.89,8524.22,26.91,10.0,0,Fair,Mortgage,East,Approved,Non-Default
CUST004755,Female,40,Graduate,Salaried,Single,1,66482.0,710.0,2,LN004755,Personal,324715.0,36,16.43,11485.07,28.33,15.0,0,Excellent,Rented,West,Approved,Non-Default
CUST004756,Female,32,Postgraduate,Self-employed,Married,0,28727.0,665.0,2,LN004756,Auto,181929.0,60,13.92,4225.63,22.7,0.0,0,Good,Owned,North,Rejected,Non-Default
CUST004757,Male,30,Graduate,Self-employed,Married,1,93713.0,646.0,0,LN004757,Auto,117750.0,48,15.06,3280.65,10.74,12.0,0,Fair,Mortgage,West,Rejected,Non-Default
CUST004758,Male,42,High School,Self-employed,Single,1,48418.0,594.0,1,LN004758,Home,449887.0,36,13.8,15332.41,38.12,6.2,1,Fair,Rented,North,Approved,Non-Default
CUST004759,Male,41,Graduate,Self-employed,Single,0,80794.0,658.0,3,LN004759,Personal,262426.0,60,15.11,6258.26,16.55,0.0,0,Good,Mortgage,East,Approved,Non-Default
CUST004760,Male,37,High School,Self-employed,Married,2,83273.0,713.0,1,LN004760,Auto,48802.0,36,14.13,1671.02,16.12,10.2,0,Excellent,Owned,West,Approved,Non-Default
CUST004761,Female,58,Graduate,Self-employed,Married,0,62358.0,668.0,1,LN004761,Auto,263612.0,48,15.39,7388.74,21.13,9.9,0,Good,Mortgage,West,Approved,Default
CUST004762,Male,34,Graduate,Salaried,Single,1,59192.0,650.0,0,LN004762,Auto,151749.0,12,13.49,13588.72,32.98,6.6,0,Good,Mortgage,East,Approved,Non-Default
CUST004763,Male,60,Graduate,Salaried,Single,2,54791.0,607.0,0,LN004763,Home,379011.0,24,14.63,18310.42,48.44,7.3,2,Fair,Mortgage,West,Approved,Default
CUST004764,Male,57,Postgraduate,Unemployed,Married,0,141688.0,662.0,1,LN004764,Auto,268314.0,24,15.17,13031.33,7.93,0.0,0,Good,Rented,North,Approved,Non-Default
CUST004765,Male,47,Graduate,Salaried,Single,0,69634.0,523.0,1,LN004765,Personal,334276.0,24,17.63,16628.73,29.62,3.5,0,Poor,Mortgage,East,Rejected,Default
CUST004766,Female,28,Graduate,Salaried,Married,1,67979.0,762.0,0,LN004766,Personal,58721.0,36,15.38,2046.53,10.6,8.3,0,Excellent,Mortgage,South,Approved,Non-Default
CUST004767,Male,32,High School,Salaried,Married,2,48747.0,679.0,1,LN004767,Auto,453853.0,60,14.53,10685.49,27.03,12.7,1,Good,Rented,North,Approved,Default
CUST004768,Male,33,Graduate,Self-employed,Married,0,62760.0,731.0,1,LN004768,Home,464617.0,24,12.85,22056.02,54.6,9.7,0,Excellent,Owned,East,Approved,Non-Default
CUST004769,Female,32,Graduate,Salaried,Single,1,118453.0,679.0,3,LN004769,Home,692689.0,36,14.96,23998.73,43.38,13.0,0,Good,Rented,West,Approved,Default
CUST004770,Female,45,Graduate,Salaried,Married,0,61433.0,696.0,1,LN004770,Auto,293053.0,48,16.2,8335.25,29.53,10.5,1,Good,Mortgage,North,Approved,Non-Default
CUST004771,Female,21,Graduate,Salaried,Single,0,49824.0,660.0,3,LN004771,Personal,56977.0,36,16.15,2007.36,9.36,2.5,0,Good,Owned,North,Approved,Non-Default
CUST004772,Male,48,Postgraduate,Self-employed,Married,2,,635.0,1,LN004772,Personal,194959.0,12,15.98,17686.95,31.98,1.3,0,Fair,Mortgage,West,Rejected,Non-Default
CUST004773,Female,34,High School,Salaried,Married,2,50973.0,603.0,0,LN004773,Personal,373587.0,48,17.43,10863.16,38.45,5.4,0,Fair,Rented,East,Approved,Non-Default
CUST004774,Female,31,Postgraduate,Salaried,Married,2,31768.0,610.0,1,LN004774,Education,120164.0,12,12.96,10730.47,46.66,12.6,0,Fair,Rented,West,Approved,Non-Default
CUST004775,Male,46,Graduate,Salaried,Married,1,48471.0,680.0,0,LN004775,Personal,48943.0,60,18.21,1248.43,11.05,0.7,0,Good,Mortgage,South,Approved,Non-Default
CUST004776,Male,32,Graduate,Self-employed,Married,2,40728.0,684.0,2,LN004776,Personal,219337.0,60,17.35,5492.45,36.68,8.9,0,Good,Rented,North,Approved,Non-Default
CUST004777,Female,44,Graduate,Self-employed,Single,1,53086.0,656.0,0,LN004777,Auto,325960.0,60,17.01,8102.7,35.93,11.2,1,Good,Owned,East,Approved,Non-Default
CUST004778,Female,44,Graduate,Self-employed,Married,2,60849.0,734.0,0,LN004778,Personal,246173.0,36,18.12,8914.57,28.9,6.2,1,Excellent,Mortgage,East,Approved,Non-Default
CUST004779,Male,41,Graduate,Unemployed,Single,3,64984.0,632.0,1,LN004779,Personal,152841.0,24,16.99,7556.07,31.17,3.0,0,Fair,Mortgage,North,Approved,Default
CUST004780,Male,45,High School,Self-employed,Married,2,110098.0,691.0,2,LN004780,Auto,199090.0,24,12.12,9383.02,15.92,14.6,2,Good,Owned,North,Approved,Non-Default
CUST004781,Male,37,High School,Self-employed,Married,1,61102.0,796.0,1,LN004781,Personal,85937.0,12,12.21,7643.84,26.15,16.4,1,Excellent,Owned,West,Approved,Non-Default
CUST004782,Male,54,High School,Salaried,Married,0,47036.0,719.0,3,LN004782,Home,195950.0,24,12.03,9226.79,31.23,6.9,0,Excellent,Owned,East,Approved,Non-Default
CUST004783,Male,38,Graduate,Salaried,Married,2,74893.0,631.0,0,LN004783,Auto,174964.0,48,14.79,4850.77,19.32,9.2,0,Fair,Mortgage,East,Approved,Non-Default
CUST004784,Male,55,High School,Self-employed,Married,1,64804.0,677.0,3,LN004784,Home,189062.0,24,14.83,9151.72,7.6,13.7,0,Good,Rented,West,Approved,Non-Default
CUST004785,Male,42,Graduate,Unemployed,Single,2,61083.0,674.0,0,LN004785,Education,120352.0,60,13.42,2764.32,23.51,0.2,0,Good,Mortgage,East,Approved,Non-Default
CUST004786,Female,45,Graduate,Self-employed,Single,2,55675.0,606.0,0,LN004786,Education,68734.0,60,15.09,1638.43,19.31,2.7,0,Fair,Owned,East,Approved,Non-Default
CUST004787,Female,43,High School,Self-employed,Single,0,27602.0,685.0,1,LN004787,Home,111819.0,12,15.57,10122.69,51.52,11.6,0,Good,Mortgage,East,Approved,Non-Default
CUST004788,Male,43,Postgraduate,Salaried,Single,2,42388.0,714.0,2,LN004788,Home,192181.0,12,13.49,17209.3,56.93,5.6,1,Excellent,Owned,East,Approved,Default
CUST004789,Female,44,Postgraduate,Self-employed,Married,1,60368.0,728.0,2,LN004789,Personal,473410.0,60,17.57,11911.04,47.89,0.0,0,Excellent,Owned,West,Approved,Non-Default
CUST004790,Male,36,Postgraduate,Salaried,Single,1,56773.0,654.0,0,LN004790,Education,109922.0,24,14.57,5307.32,17.49,2.2,1,Good,Owned,South,Approved,Default
CUST004791,Female,37,High School,Self-employed,Married,1,118750.0,630.0,1,LN004791,Personal,135822.0,12,17.87,12443.76,20.66,24.9,0,Fair,Rented,North,Approved,Non-Default
CUST004792,Male,50,Graduate,Unemployed,Married,2,83350.0,703.0,0,LN004792,Personal,200082.0,60,14.42,4699.24,21.26,0.0,0,Excellent,Mortgage,East,Approved,Default
CUST004793,Female,40,High School,Salaried,Single,0,78757.0,633.0,3,LN004793,Personal,97467.0,72,17.77,2210.35,9.03,3.4,0,Fair,Rented,North,Approved,Non-Default
CUST004794,Male,52,High School,Salaried,Single,2,40793.0,617.0,1,LN004794,Auto,155603.0,60,14.41,3653.77,20.7,9.8,2,Fair,Rented,South,Approved,Non-Default
CUST004795,Male,43,Graduate,Self-employed,Married,1,29355.0,645.0,1,LN004795,Auto,228722.0,36,17.5,8211.59,40.61,16.4,0,Fair,Owned,South,Rejected,Non-Default
CUST004796,Female,34,Graduate,Salaried,Single,2,59370.0,766.0,1,LN004796,Auto,206520.0,12,15.15,18654.77,37.41,0.0,0,Excellent,Mortgage,West,Approved,Non-Default
CUST004797,Female,61,Postgraduate,Salaried,Divorced,2,23569.0,683.0,2,LN004797,Personal,246795.0,24,17.09,12212.78,75.0,24.8,0,Good,Rented,North,Rejected,Default
CUST004798,Male,38,Graduate,Self-employed,Married,0,83290.0,695.0,3,LN004798,Auto,270860.0,24,15.52,13200.11,38.74,11.4,0,Good,Owned,East,Approved,Non-Default
CUST004799,Male,34,Graduate,Salaried,Single,2,100295.0,621.0,0,LN004799,Personal,420159.0,60,17.85,10635.02,21.05,0.9,1,Fair,Mortgage,East,Approved,Non-Default
CUST004800,Female,55,Graduate,Self-employed,Divorced,1,77438.0,633.0,2,LN004800,Personal,93763.0,60,16.64,2312.14,13.39,11.2,0,Fair,Rented,South,Approved,Non-Default
CUST004801,Female,32,High School,Self-employed,Married,0,73753.0,812.0,1,LN004801,Home,133527.0,36,14.91,4622.87,23.5,11.8,0,Excellent,Rented,North,Approved,Default
CUST004802,Male,36,Graduate,Self-employed,Married,0,38928.0,645.0,1,LN004802,Auto,158018.0,36,14.84,5465.37,25.15,17.5,0,Fair,Rented,East,Approved,Default
CUST004803,Male,35,Graduate,Self-employed,Married,3,19257.0,632.0,1,LN004803,Education,272763.0,60,14.14,6366.53,43.82,5.2,0,Fair,Mortgage,West,Rejected,Default
CUST004804,Female,42,High School,Salaried,Single,0,46769.0,647.0,0,LN004804,Business,124849.0,36,17.92,4508.58,27.4,18.3,1,Fair,Owned,East,Approved,Non-Default
CUST004805,Female,59,Graduate,Salaried,Married,0,30509.0,716.0,2,LN004805,Personal,341954.0,36,15.26,11897.53,46.46,11.2,1,Excellent,Owned,West,Approved,Non-Default
CUST004806,Male,39,Graduate,Self-employed,Single,0,38463.0,727.0,1,LN004806,Personal,260528.0,12,14.29,23427.62,75.0,12.6,0,Excellent,Mortgage,South,Approved,Non-Default
CUST004807,Male,33,Postgraduate,Salaried,Married,0,110921.0,730.0,1,LN004807,Auto,294597.0,36,14.43,10130.26,5.0,14.6,0,Excellent,Mortgage,North,Approved,Non-Default
CUST004808,Female,41,Graduate,Salaried,Single,1,84320.0,621.0,1,LN004808,Home,135067.0,48,16.3,3848.62,17.92,8.9,0,Fair,Rented,North,Approved,Non-Default
CUST004809,Male,48,Graduate,Salaried,Divorced,1,90774.0,672.0,1,LN004809,Business,155933.0,24,16.79,7693.96,6.69,13.1,0,Good,Rented,South,Approved,Non-Default
CUST004810,Female,48,Graduate,Salaried,Single,1,158900.0,744.0,0,LN004810,Home,287695.0,24,15.15,13969.88,9.76,2.5,0,Excellent,Rented,West,Approved,Non-Default
CUST004811,Female,39,Postgraduate,,Single,1,72122.0,710.0,2,LN004811,Personal,168264.0,48,15.08,4689.74,16.87,1.6,0,Excellent,Mortgage,West,Approved,Non-Default
CUST004812,Female,56,High School,Salaried,Single,0,50839.0,679.0,2,LN004812,Education,63405.0,36,12.63,2125.08,14.37,22.5,2,Good,Owned,South,Approved,Non-Default
CUST004813,Female,53,Postgraduate,Salaried,Married,2,28418.0,703.0,1,LN004813,Education,138789.0,36,13.83,4732.03,45.55,1.7,0,Excellent,Owned,South,Approved,Non-Default
CUST004814,Male,49,High School,Salaried,Divorced,3,41696.0,701.0,2,LN004814,Auto,76954.0,60,13.15,1756.85,19.78,2.5,0,Excellent,Rented,South,Approved,Non-Default
CUST004815,Male,47,High School,Self-employed,Married,3,49126.0,807.0,0,LN004815,Business,72737.0,36,12.66,2438.9,20.19,11.6,0,Excellent,Owned,West,Approved,Non-Default
CUST004816,Male,48,Graduate,Unemployed,Married,1,37435.0,717.0,1,LN004816,Home,131935.0,48,15.69,3718.16,12.81,9.1,0,Excellent,Mortgage,East,Rejected,Non-Default
CUST004817,Male,28,Postgraduate,Unemployed,Married,3,45944.0,679.0,0,LN004817,Home,210665.0,24,14.41,10155.49,27.01,2.7,0,Good,Rented,West,Approved,Default
CUST004818,Male,37,Graduate,Self-employed,Divorced,2,26195.0,690.0,1,LN004818,Personal,131628.0,36,14.35,4521.14,42.36,5.9,0,Good,Rented,East,Approved,Non-Default
CUST004819,Male,39,Postgraduate,Salaried,Married,0,61917.0,741.0,3,LN004819,Personal,138303.0,12,18.55,12715.85,37.84,28.8,0,Excellent,Owned,North,Approved,Default
CUST004820,Male,30,High School,Salaried,Married,2,59513.0,658.0,2,LN004820,Home,370691.0,24,13.2,17658.17,44.76,15.6,0,Good,Rented,South,Approved,Non-Default
CUST004821,Male,54,Graduate,Self-employed,Married,3,46307.0,761.0,2,LN004821,Personal,321050.0,36,17.54,11532.78,31.67,6.2,0,Excellent,Owned,South,Approved,Non-Default
CUST004822,Female,21,Postgraduate,Salaried,Married,0,65920.0,819.0,3,LN004822,Auto,117364.0,24,11.85,5516.51,21.85,22.8,0,Excellent,Owned,South,Approved,Non-Default
CUST004823,Male,43,Graduate,Self-employed,Divorced,0,33731.0,669.0,1,LN004823,Business,229464.0,36,14.82,7934.23,34.46,17.1,3,Good,Mortgage,North,Approved,Non-Default
CUST004824,Male,44,Graduate,Salaried,Married,3,112332.0,650.0,3,LN004824,Auto,139977.0,24,13.55,6690.98,13.09,16.1,1,Good,Rented,West,Approved,Non-Default
CUST004825,Male,41,Graduate,Self-employed,Divorced,0,105687.0,727.0,2,LN004825,Business,127109.0,60,13.57,2929.34,20.87,8.5,0,Excellent,Mortgage,South,Approved,Non-Default
CUST004826,Male,41,Postgraduate,Unemployed,Married,0,28396.0,830.0,1,LN004826,Personal,147869.0,48,15.31,4138.58,20.24,1.0,1,Excellent,Rented,East,Approved,Default
CUST004827,Male,26,Postgraduate,Self-employed,Single,2,44155.0,767.0,0,LN004827,Personal,147056.0,60,15.05,3502.31,19.41,19.4,0,Excellent,Owned,North,Approved,Default
CUST004828,Male,39,Graduate,Salaried,Married,1,,708.0,0,LN004828,Personal,112070.0,24,15.16,5442.42,20.82,15.6,2,Excellent,Rented,West,Approved,Default
CUST004829,Male,33,Graduate,Self-employed,Married,0,44100.0,627.0,0,LN004829,Personal,111231.0,60,16.92,2759.59,17.57,1.2,0,Fair,Rented,West,Approved,Non-Default
CUST004830,Female,38,High School,Salaried,Married,1,62675.0,629.0,0,LN004830,Business,249879.0,36,16.59,8857.96,19.99,1.1,0,Fair,Owned,South,Approved,Non-Default
CUST004831,Male,29,Graduate,Salaried,Married,0,136300.0,738.0,0,LN004831,Home,83217.0,48,11.56,2173.49,14.87,5.2,3,Excellent,Rented,North,Approved,Non-Default
CUST004832,Male,40,High School,Self-employed,Married,0,31183.0,827.0,2,LN004832,Personal,232571.0,48,16.03,6594.7,39.64,10.8,1,Excellent,Rented,East,Approved,Non-Default
CUST004833,Male,54,High School,Salaried,Married,1,29728.0,727.0,1,LN004833,Home,105858.0,24,16.8,5223.69,20.1,2.3,0,Excellent,Rented,South,Approved,Non-Default
CUST004834,Female,28,Graduate,Self-employed,Single,1,45806.0,836.0,0,LN004834,Auto,102343.0,12,13.91,9184.75,38.29,10.4,0,Excellent,Mortgage,South,Rejected,Non-Default
CUST004835,Male,39,Postgraduate,Salaried,Divorced,0,29009.0,681.0,0,LN004835,Education,126174.0,60,13.91,2929.96,26.14,13.8,0,Good,Owned,West,Approved,Non-Default
CUST004836,Female,39,Graduate,Salaried,Single,0,41539.0,765.0,1,LN004836,Education,162168.0,24,14.86,7852.2,25.24,7.7,2,Excellent,Rented,North,Approved,Non-Default
CUST004837,Male,30,Graduate,Salaried,Married,2,31109.0,734.0,1,LN004837,Home,222193.0,36,15.55,7762.37,32.21,6.7,1,Excellent,Owned,East,Approved,Non-Default
CUST004838,Female,37,Graduate,Salaried,Single,0,76373.0,704.0,0,LN004838,Education,234803.0,24,16.01,11497.81,18.47,0.6,0,Excellent,Rented,South,Approved,Non-Default
CUST004839,Male,34,Graduate,Salaried,Married,3,43571.0,689.0,1,LN004839,Home,171216.0,48,16.53,4898.91,10.28,6.0,0,Good,Rented,South,Approved,Non-Default
CUST004840,Male,32,Graduate,Self-employed,Single,2,33716.0,633.0,0,LN004840,Business,71739.0,24,16.18,3518.74,32.2,12.1,0,Fair,Mortgage,East,Approved,Default
CUST004841,Female,31,High School,Unemployed,Single,2,51480.0,718.0,0,LN004841,Auto,147318.0,72,10.75,2785.24,22.23,3.2,0,Excellent,Rented,South,Approved,Non-Default
CUST004842,Female,38,High School,Self-employed,Married,0,46759.0,745.0,1,LN004842,Personal,122782.0,60,13.8,2844.21,19.16,9.6,0,Excellent,Rented,East,Rejected,Non-Default
CUST004843,Female,41,Graduate,Salaried,Single,2,79417.0,689.0,3,LN004843,Business,123701.0,48,15.14,3451.48,17.87,18.6,0,Good,Mortgage,East,Approved,Default
CUST004844,Male,49,Graduate,Salaried,Married,0,18000.0,687.0,2,LN004844,Personal,105017.0,60,16.78,2597.54,17.94,5.4,0,Good,Mortgage,South,Approved,Non-Default
CUST004845,Male,25,Graduate,Salaried,Married,0,29690.0,792.0,1,LN004845,Auto,168286.0,60,13.37,3860.97,31.06,9.0,0,Excellent,Mortgage,West,Approved,Non-Default
CUST004846,Female,21,Graduate,Unemployed,Married,0,90432.0,717.0,1,LN004846,Business,173710.0,48,14.14,4759.09,11.94,4.5,0,Excellent,Mortgage,East,Approved,Non-Default
CUST004847,Male,29,Postgraduate,Salaried,Married,1,29934.0,633.0,0,LN004847,Education,30077.0,48,15.63,846.7,20.86,0.6,0,Fair,Owned,West,Rejected,Non-Default
CUST004848,Female,35,High School,Salaried,Married,2,54354.0,614.0,1,LN004848,Business,70827.0,48,15.98,2006.53,7.09,8.1,2,Fair,Owned,West,Approved,Non-Default
CUST004849,Female,45,High School,Salaried,Married,1,39816.0,691.0,0,LN004849,Personal,116206.0,36,18.36,4222.14,14.19,8.3,0,Good,Owned,North,Approved,Non-Default
CUST004850,Female,35,High School,Self-employed,Single,0,61986.0,713.0,0,LN004850,Personal,191078.0,36,15.35,6656.58,5.0,0.0,0,Excellent,Rented,South,Approved,Non-Default
CUST004851,Male,27,Graduate,Salaried,Divorced,0,147887.0,764.0,3,LN004851,Home,78214.0,72,13.75,1601.21,10.85,12.5,0,Excellent,Owned,North,Rejected,Non-Default
CUST004852,Male,21,Graduate,Salaried,Married,1,75689.0,718.0,0,LN004852,Home,146327.0,36,15.39,5100.46,12.74,9.4,0,Excellent,Mortgage,West,Approved,Non-Default
CUST004853,Male,40,High School,Self-employed,Married,0,72160.0,731.0,1,LN004853,Auto,94311.0,12,14.08,8471.46,26.07,0.0,0,Excellent,Rented,South,Approved,Non-Default
CUST004854,Male,21,Postgraduate,Unemployed,Married,1,58132.0,677.0,2,LN004854,Auto,184601.0,36,14.91,6391.12,26.93,4.3,1,Good,Owned,North,Approved,Non-Default
CUST004855,Female,50,Graduate,Unemployed,Married,1,48934.0,687.0,2,LN004855,Auto,117147.0,48,14.82,3249.61,13.94,0.0,1,Good,Owned,East,Rejected,Non-Default
CUST004856,Male,45,High School,Self-employed,Married,1,65822.0,740.0,1,LN004856,Personal,318783.0,48,17.34,9254.67,35.32,15.6,0,Excellent,Mortgage,West,Approved,Non-Default
CUST004857,Female,44,Postgraduate,Salaried,Divorced,2,49573.0,823.0,0,LN004857,Personal,230014.0,48,14.93,6393.3,31.0,3.9,0,Excellent,Rented,East,Rejected,Non-Default
CUST004858,Female,46,Postgraduate,Self-employed,Single,1,56006.0,620.0,1,LN004858,Home,172391.0,48,17.67,5034.31,20.05,14.7,2,Fair,Rented,South,Rejected,Non-Default
CUST004859,Male,49,High School,Salaried,Married,0,94112.0,711.0,2,LN004859,Education,158660.0,24,13.36,7569.84,23.68,4.3,3,Excellent,Rented,North,Approved,Non-Default
CUST004860,Male,27,Postgraduate,Salaried,Single,0,32175.0,663.0,2,LN004860,Home,410378.0,60,16.31,10047.32,38.55,0.0,1,Good,Owned,West,Approved,Default
CUST004861,Male,32,High School,Salaried,Married,1,31206.0,666.0,2,LN004861,Home,134603.0,36,14.92,4660.79,28.71,1.9,1,Good,Mortgage,South,Approved,Non-Default
CUST004862,Female,43,Graduate,Self-employed,Married,2,41076.0,,1,LN004862,Business,23217.0,72,15.0,490.92,13.42,11.8,0,Fair,Rented,North,Approved,Non-Default
CUST004863,Female,44,Graduate,Self-employed,Married,1,40404.0,684.0,0,LN004863,Home,116206.0,24,14.67,5616.24,28.11,10.5,0,Good,Owned,North,Rejected,Non-Default
CUST004864,Female,34,Graduate,Self-employed,Married,1,,675.0,0,LN004864,Home,334495.0,72,13.91,6876.41,15.79,11.6,0,Good,Mortgage,East,Approved,Non-Default
CUST004865,Female,54,Graduate,Self-employed,Married,1,108550.0,571.0,3,LN004865,Education,272283.0,12,17.97,24959.02,35.36,5.7,0,Fair,Owned,South,Approved,Default
CUST004866,Female,44,High School,Salaried,Single,2,106165.0,657.0,1,LN004866,Home,299495.0,24,14.14,14399.43,31.27,12.6,0,Good,Owned,East,Approved,Non-Default
CUST004867,Female,32,Postgraduate,Salaried,Single,1,53052.0,637.0,2,LN004867,Home,115257.0,36,14.05,3942.01,15.81,21.9,0,Fair,Owned,South,Approved,Non-Default
CUST004868,Female,33,Graduate,Self-employed,Married,0,74609.0,580.0,2,LN004868,Business,208055.0,72,17.25,4657.49,15.32,9.1,0,Fair,Rented,East,Approved,Default
CUST004869,Male,68,Graduate,Self-employed,Married,1,29623.0,720.0,1,LN004869,Home,113461.0,60,14.51,2670.13,23.73,5.2,0,Excellent,Rented,West,Approved,Non-Default
CUST004870,Female,45,High School,Salaried,Married,2,27275.0,663.0,1,LN004870,Auto,657737.0,24,12.62,31152.75,75.0,7.8,1,Good,Rented,South,Approved,Non-Default
CUST004871,Female,39,High School,Salaried,Single,0,51347.0,658.0,0,LN004871,Home,72101.0,60,13.86,1672.44,11.14,17.9,0,Good,Owned,South,Approved,Non-Default
CUST004872,Female,25,Postgraduate,Salaried,Single,0,31395.0,685.0,1,LN004872,Home,155062.0,36,12.66,5199.29,23.4,17.1,0,Good,Rented,North,Approved,Non-Default
CUST004873,Male,32,Graduate,Salaried,Single,1,55010.0,629.0,1,LN004873,Auto,432980.0,60,14.11,10099.4,26.57,1.5,0,Fair,Rented,South,Approved,Non-Default
CUST004874,Male,41,Graduate,Unemployed,Divorced,1,85718.0,620.0,1,LN004874,Home,289016.0,36,15.31,10062.77,29.42,7.3,0,Fair,Owned,North,Approved,Non-Default
CUST004875,Female,22,High School,Salaried,Married,2,66174.0,669.0,0,LN004875,Home,107258.0,72,14.16,2219.33,16.67,18.5,1,Good,Mortgage,West,Approved,Non-Default
CUST004876,Male,43,Graduate,Salaried,Married,1,70129.0,612.0,0,LN004876,Home,155623.0,36,14.9,5387.1,27.83,0.4,0,Fair,Owned,North,Approved,Non-Default
CUST004877,Female,28,Graduate,Salaried,Divorced,0,32004.0,725.0,0,LN004877,Home,204682.0,48,13.79,5571.7,30.55,8.7,0,Excellent,Owned,North,Approved,Non-Default
CUST004878,Female,42,Graduate,Unemployed,Single,0,33213.0,642.0,2,LN004878,Auto,116818.0,36,16.55,4138.77,17.25,9.9,0,Fair,Owned,South,Approved,Non-Default
CUST004879,Female,48,Postgraduate,Salaried,Married,3,64424.0,718.0,2,LN004879,Home,425437.0,36,15.38,14827.2,24.51,8.0,0,Excellent,Rented,North,Approved,Non-Default
CUST004880,Female,40,Postgraduate,Salaried,Married,2,34588.0,703.0,1,LN004880,Home,88011.0,36,13.61,2991.36,13.74,17.4,0,Excellent,Owned,East,Rejected,Non-Default
CUST004881,Male,29,High School,Salaried,Married,0,62336.0,643.0,0,LN004881,Education,563379.0,60,15.69,13607.66,32.24,8.1,1,Fair,Rented,East,Approved,Non-Default
CUST004882,Female,34,High School,Self-employed,Married,2,92457.0,736.0,0,LN004882,Auto,181678.0,48,14.23,4985.61,19.03,10.1,0,Excellent,Rented,North,Rejected,Non-Default
CUST004883,Male,39,Graduate,Salaried,Married,0,38846.0,647.0,0,LN004883,Auto,175607.0,60,15.04,4181.37,28.28,8.5,0,Fair,Owned,East,Approved,Non-Default
CUST004884,Female,42,Graduate,Salaried,Single,0,75812.0,693.0,0,LN004884,Personal,443564.0,36,15.03,15382.81,34.9,0.0,0,Good,Owned,North,Approved,Non-Default
CUST004885,Male,41,High School,Self-employed,Married,2,73578.0,674.0,2,LN004885,Education,283334.0,48,17.5,8249.09,26.53,17.4,0,Good,Rented,North,Rejected,Non-Default
CUST004886,Male,31,Graduate,Salaried,Married,0,76074.0,630.0,0,LN004886,Personal,525452.0,48,15.56,14773.31,33.92,1.3,2,Fair,Rented,South,Approved,Default
CUST004887,Female,28,High School,Salaried,Married,0,75761.0,705.0,0,LN004887,Business,248089.0,48,17.41,7211.35,6.69,11.9,0,Excellent,Rented,North,Approved,Non-Default
CUST004888,Female,56,High School,Self-employed,Single,0,42616.0,795.0,2,LN004888,Auto,399995.0,24,15.36,19462.9,44.3,7.4,1,Excellent,Owned,West,Approved,Default
CUST004889,Male,38,Graduate,Salaried,Single,2,88892.0,694.0,0,LN004889,Auto,154290.0,24,15.7,7532.42,20.5,0.5,1,Good,Mortgage,South,Rejected,Non-Default
CUST004890,Female,26,High School,Salaried,Married,2,91223.0,635.0,1,LN004890,Personal,199431.0,60,18.77,5148.14,13.41,9.1,0,Fair,Owned,North,Approved,Non-Default
CUST004891,Male,30,Graduate,Salaried,Single,0,66771.0,682.0,2,LN004891,Education,457790.0,60,15.15,10926.87,36.23,2.4,0,Good,Rented,North,Approved,Non-Default
CUST004892,Female,29,High School,Salaried,Married,2,80865.0,761.0,2,LN004892,Personal,285777.0,60,16.42,7013.48,18.16,3.7,2,Excellent,Rented,East,Rejected,Non-Default
CUST004893,Male,41,Graduate,Salaried,Single,1,44732.0,769.0,2,LN004893,Business,397848.0,36,15.06,13803.22,41.49,10.5,0,Excellent,Rented,West,Approved,Non-Default
CUST004894,Female,36,Graduate,Self-employed,Married,2,73317.0,768.0,3,LN004894,Home,380001.0,72,13.32,7692.51,26.1,4.5,0,Excellent,Mortgage,East,Approved,Non-Default
CUST004895,Female,46,High School,Salaried,Single,1,31929.0,651.0,1,LN004895,Auto,421106.0,24,13.65,20148.96,75.0,3.6,0,Good,Rented,West,Approved,Non-Default
CUST004896,Male,52,High School,Self-employed,Married,0,53821.0,579.0,1,LN004896,Auto,321682.0,48,16.57,9210.74,30.98,11.2,0,Fair,Mortgage,North,Approved,Non-Default
CUST004897,Female,30,High School,Self-employed,Married,2,48961.0,727.0,0,LN004897,Auto,180092.0,60,12.52,4053.53,11.66,0.2,1,Excellent,Owned,North,Approved,Non-Default
CUST004898,Female,37,High School,Salaried,Married,1,26664.0,628.0,1,LN004898,Home,576773.0,24,14.98,27960.31,75.0,6.9,1,Fair,Mortgage,North,Approved,Default
CUST004899,Male,25,High School,Unemployed,Single,3,92570.0,652.0,0,LN004899,Personal,376347.0,60,17.35,9424.16,20.81,8.6,0,Good,Mortgage,North,Approved,Non-Default
CUST004900,Female,41,Postgraduate,Salaried,Single,1,45989.0,696.0,0,LN004900,Home,94652.0,36,14.21,3244.64,6.32,9.0,0,Good,Mortgage,South,Approved,Non-Default
CUST004901,Female,42,Postgraduate,Salaried,Married,3,70761.0,723.0,0,LN004901,Personal,392945.0,60,13.86,9114.65,17.44,5.3,2,Excellent,Mortgage,West,Approved,Non-Default
CUST004902,Male,54,Postgraduate,Salaried,Divorced,1,50671.0,779.0,3,LN004902,Personal,44269.0,60,15.55,1065.98,14.7,5.7,0,Excellent,Rented,West,Approved,Non-Default
CUST004903,Male,24,Graduate,Self-employed,Divorced,0,40593.0,791.0,1,LN004903,Home,199922.0,36,12.62,6699.63,20.06,9.5,0,Excellent,Rented,West,Approved,Non-Default
CUST004904,Male,45,High School,Self-employed,Divorced,1,101788.0,687.0,0,LN004904,Personal,270956.0,60,17.93,6870.19,15.75,15.2,0,Good,Owned,West,Approved,Default
CUST004905,Male,33,Graduate,Salaried,Single,1,52963.0,730.0,2,LN004905,Business,331558.0,36,12.9,11155.54,31.07,16.9,0,Excellent,Owned,South,Approved,Non-Default
CUST004906,Female,47,High School,Salaried,Divorced,0,62599.0,647.0,2,LN004906,Auto,63330.0,48,15.14,1767.02,5.49,6.2,0,Fair,Mortgage,South,Rejected,Default
CUST004907,Female,46,High School,Salaried,Married,2,31241.0,760.0,2,LN004907,Home,106591.0,24,14.49,5142.45,26.22,0.0,0,Excellent,Mortgage,South,Approved,Non-Default
CUST004908,Female,39,Graduate,Salaried,Single,0,41163.0,574.0,1,LN004908,Home,127694.0,48,18.13,3759.69,10.13,7.3,0,Fair,Rented,North,Approved,Non-Default
CUST004909,Male,35,High School,Self-employed,Married,3,27455.0,670.0,2,LN004909,Home,77583.0,36,16.32,2739.86,28.72,11.5,0,Good,Mortgage,West,Approved,Non-Default
CUST004910,Male,45,Graduate,Self-employed,Single,1,47650.0,746.0,1,LN004910,Personal,973159.0,48,16.26,27709.36,72.71,12.0,1,Excellent,Mortgage,North,Approved,Non-Default
CUST004911,Female,43,Graduate,Salaried,Single,2,24959.0,755.0,1,LN004911,Personal,244299.0,72,14.38,5083.81,47.15,9.6,0,Excellent,Rented,North,Approved,Non-Default
CUST004912,Female,45,Postgraduate,Salaried,Married,0,32509.0,774.0,1,LN004912,Personal,108954.0,36,14.41,3745.52,21.15,2.3,0,Excellent,Owned,North,Approved,Non-Default
CUST004913,Female,42,High School,Self-employed,Single,3,29683.0,743.0,1,LN004913,Home,291464.0,36,14.87,10085.15,49.74,0.0,0,Excellent,Rented,West,Approved,Non-Default
CUST004914,Male,31,Graduate,Salaried,Married,2,37249.0,653.0,2,LN004914,Personal,156088.0,60,19.13,4060.18,26.1,5.9,2,Good,Rented,South,Approved,Non-Default
CUST004915,Female,56,High School,Salaried,Married,2,46984.0,630.0,0,LN004915,Home,103665.0,36,13.62,3523.92,17.75,7.9,1,Fair,Mortgage,East,Approved,Non-Default
CUST004916,Male,33,Postgraduate,Self-employed,Married,1,23625.0,697.0,1,LN004916,Education,195612.0,60,14.86,4639.23,35.35,12.3,0,Good,Rented,South,Approved,Default
CUST004917,Male,44,Postgraduate,Salaried,Married,1,90311.0,683.0,1,LN004917,Education,216670.0,36,14.9,7500.33,21.27,0.0,0,Good,Rented,North,Approved,Non-Default
CUST004918,Male,46,Postgraduate,Salaried,Married,0,71728.0,766.0,1,LN004918,Personal,335126.0,48,15.33,9382.96,14.28,4.0,0,Excellent,Mortgage,West,Approved,Non-Default
CUST004919,Male,44,Graduate,Salaried,Divorced,0,44027.0,647.0,2,LN004919,Auto,165206.0,36,14.81,5711.56,24.21,17.7,0,Fair,Rented,North,Approved,Default
CUST004920,Male,29,High School,Salaried,Single,0,65230.0,718.0,0,LN004920,Auto,130104.0,48,13.34,3512.36,17.12,0.0,0,Excellent,Owned,East,Approved,Non-Default
CUST004921,Female,48,Graduate,Self-employed,Married,1,46744.0,583.0,0,LN004921,Auto,218873.0,36,18.44,7961.18,31.89,15.9,0,Fair,Rented,West,Approved,Default
CUST004922,Female,51,Postgraduate,Salaried,Divorced,1,37235.0,672.0,0,LN004922,Auto,282971.0,60,17.14,7053.88,29.18,11.9,0,Good,Owned,South,Approved,Non-Default
CUST004923,Male,45,Postgraduate,Salaried,Married,0,49588.0,716.0,0,LN004923,Business,119214.0,60,15.03,2837.97,10.2,9.3,0,Excellent,Mortgage,West,Rejected,Non-Default
CUST004924,Male,70,Graduate,Salaried,Single,0,68647.0,654.0,1,LN004924,Education,517994.0,48,15.78,14621.8,35.69,7.2,0,Good,Rented,West,Approved,Non-Default
CUST004925,Female,48,High School,Self-employed,Married,1,18913.0,580.0,0,LN004925,Personal,612234.0,48,18.08,18009.98,75.0,8.3,2,Fair,Mortgage,South,Approved,Default
CUST004926,Female,32,Postgraduate,Self-employed,Married,0,45313.0,678.0,1,LN004926,Home,86038.0,60,15.7,2078.59,10.22,13.0,0,Good,Mortgage,West,Approved,Default
CUST004927,Male,27,High School,Unemployed,Married,2,38888.0,693.0,1,LN004927,Home,185977.0,24,14.14,8941.6,41.9,3.7,0,Good,Rented,South,Approved,Non-Default
CUST004928,Female,40,High School,Salaried,Married,0,45057.0,757.0,1,LN004928,Business,415443.0,36,14.11,14221.06,44.17,13.8,0,Excellent,Rented,East,Approved,Default
CUST004929,Female,38,Postgraduate,Salaried,Divorced,2,70045.0,744.0,2,LN004929,Business,357618.0,48,16.06,10145.99,32.04,7.9,0,Excellent,Owned,West,Approved,Non-Default
CUST004930,Female,42,Graduate,Salaried,Single,2,25761.0,616.0,0,LN004930,Auto,112062.0,72,15.05,2372.6,21.62,10.3,0,Fair,Rented,East,Approved,Non-Default
CUST004931,Female,42,High School,Salaried,Married,0,30318.0,742.0,2,LN004931,Education,94419.0,48,13.68,2565.01,31.27,9.0,0,Excellent,Owned,East,Approved,Non-Default
CUST004932,Male,37,High School,Self-employed,Married,0,44216.0,642.0,2,LN004932,Auto,75306.0,36,14.15,2579.27,10.62,9.6,1,Fair,Owned,South,Rejected,Non-Default
CUST004933,Male,38,High School,Unemployed,Divorced,1,78674.0,751.0,0,LN004933,Auto,96939.0,24,15.76,4735.33,7.72,7.0,0,Excellent,Rented,North,Approved,Non-Default
CUST004934,Male,44,Graduate,Salaried,Single,0,38752.0,668.0,2,LN004934,Education,205701.0,48,14.91,5715.43,27.65,3.1,0,Good,Owned,East,Approved,Non-Default
CUST004935,Female,32,Graduate,Salaried,Single,2,56553.0,670.0,2,LN004935,Home,109675.0,60,13.7,2534.92,19.02,4.0,0,Good,Rented,North,Approved,Non-Default
CUST004936,Female,21,Postgraduate,Salaried,Married,0,42960.0,701.0,0,LN004936,Personal,65684.0,24,13.18,3128.29,22.81,21.2,1,Excellent,Mortgage,South,Rejected,Non-Default
CUST004937,Male,47,Graduate,Salaried,Married,1,30686.0,588.0,1,LN004937,Home,217177.0,60,16.84,5378.74,42.18,7.6,0,Fair,Owned,North,Approved,Default
CUST004938,Male,35,Graduate,Self-employed,Married,2,72917.0,656.0,3,LN004938,Auto,139982.0,48,16.03,3969.28,12.36,12.0,0,Good,Owned,East,Approved,Non-Default
CUST004939,Female,33,Graduate,Self-employed,Married,1,57034.0,683.0,2,LN004939,Auto,134536.0,60,15.47,3233.89,19.96,9.8,1,Good,Rented,West,Approved,Non-Default
CUST004940,Male,44,Postgraduate,Salaried,Married,0,53438.0,581.0,0,LN004940,Home,116478.0,36,16.78,4140.02,10.74,3.2,2,Fair,Owned,West,Rejected,Default
CUST004941,Female,35,Graduate,Salaried,Single,1,79531.0,623.0,0,LN004941,Home,101015.0,24,15.11,4903.16,11.37,10.6,0,Fair,Owned,West,Approved,Non-Default
CUST004942,Female,40,High School,Self-employed,Married,1,119906.0,751.0,0,LN004942,Auto,62525.0,48,14.49,1724.0,7.01,5.7,0,Excellent,Rented,South,Approved,Non-Default
CUST004943,Female,47,Graduate,Salaried,Single,1,76442.0,751.0,0,LN004943,Business,99905.0,36,15.05,3465.69,7.95,0.0,0,Excellent,Owned,North,Rejected,Non-Default
CUST004944,Female,27,High School,Salaried,Married,1,102097.0,663.0,1,LN004944,Education,117673.0,48,13.38,3179.11,9.06,8.6,0,Good,Owned,North,Rejected,Non-Default
CUST004945,Male,49,Postgraduate,Salaried,Single,0,58685.0,735.0,1,LN004945,Home,216873.0,12,14.73,19546.97,42.54,0.0,2,Excellent,Owned,North,Approved,Non-Default
CUST004946,Male,35,Postgraduate,Salaried,Divorced,0,52360.0,809.0,1,LN004946,Personal,255768.0,36,14.43,8795.06,26.87,11.3,0,Excellent,Owned,South,Approved,Non-Default
CUST004947,Male,33,Graduate,Self-employed,Married,1,157363.0,747.0,1,LN004947,Auto,234884.0,60,14.35,5508.05,17.07,5.6,1,Excellent,Owned,West,Approved,Non-Default
CUST004948,Female,28,Graduate,Salaried,Married,1,40879.0,643.0,0,LN004948,Personal,63293.0,72,18.12,1447.87,13.24,7.9,0,Fair,Owned,East,Approved,Non-Default
CUST004949,Female,53,High School,Salaried,Married,0,32151.0,646.0,0,LN004949,Auto,418961.0,36,13.77,14272.34,69.65,3.0,0,Fair,Rented,East,Approved,Non-Default
CUST004950,Female,51,High School,Self-employed,Married,0,38384.0,660.0,0,LN004950,Home,143941.0,24,15.27,6997.7,33.18,17.7,0,Good,Owned,North,Approved,Non-Default
CUST004951,Male,35,Graduate,Unemployed,Divorced,0,27300.0,652.0,1,LN004951,Auto,381764.0,36,16.06,13433.0,61.33,11.7,0,Good,Owned,West,Approved,Non-Default
CUST004952,Female,44,Postgraduate,Self-employed,Married,2,95141.0,604.0,1,LN004952,Auto,136233.0,12,14.34,12253.77,26.73,0.0,0,Fair,Mortgage,West,Approved,Default
CUST004953,Female,47,Graduate,Salaried,Married,1,78573.0,665.0,0,LN004953,Personal,292011.0,60,17.11,7274.51,14.56,5.5,0,Good,Mortgage,North,Approved,Non-Default
CUST004954,Male,23,High School,Salaried,Divorced,0,23624.0,657.0,1,LN004954,Home,596624.0,48,12.7,15917.23,75.0,4.0,1,Good,Owned,North,Approved,Non-Default
CUST004955,Female,50,High School,Salaried,Divorced,2,97405.0,648.0,0,LN004955,Auto,79573.0,36,13.63,2705.34,11.93,5.7,0,Fair,Owned,North,Approved,Non-Default
CUST004956,Male,53,Graduate,Salaried,Married,3,26941.0,661.0,0,LN004956,Personal,506030.0,72,16.84,11212.08,48.87,8.1,0,Good,Owned,East,Approved,Default
CUST004957,Female,42,Postgraduate,Salaried,Single,1,84781.0,635.0,1,LN004957,Personal,238264.0,24,16.82,11759.71,25.88,21.2,1,Fair,Rented,East,Approved,Default
CUST004958,Male,44,High School,Salaried,Single,2,60911.0,670.0,1,LN004958,Personal,182749.0,48,16.77,5251.51,13.6,6.3,0,Good,Mortgage,North,Approved,Default
CUST004959,Male,38,Graduate,Salaried,Single,0,67906.0,628.0,0,LN004959,Personal,223386.0,24,18.47,11203.14,24.06,4.9,0,Fair,Rented,West,Rejected,Non-Default
CUST004960,Female,34,Graduate,Salaried,Single,1,93730.0,704.0,1,LN004960,Education,168864.0,60,13.31,3869.03,12.84,9.7,0,Excellent,Rented,West,Approved,Non-Default
CUST004961,Female,43,Graduate,Salaried,Married,1,37293.0,746.0,0,LN004961,Home,97891.0,36,14.56,3372.37,15.58,10.4,1,Excellent,Mortgage,North,Approved,Non-Default
CUST004962,Male,37,High School,Salaried,Married,1,105287.0,850.0,3,LN004962,Personal,210573.0,12,14.15,18921.61,35.78,5.8,0,Excellent,Rented,North,Approved,Non-Default
CUST004963,Female,54,Graduate,Salaried,Single,1,54108.0,735.0,1,LN004963,Home,222526.0,36,11.76,7365.57,19.34,13.9,2,Excellent,Mortgage,West,Approved,Non-Default
CUST004964,Male,45,Graduate,Salaried,Married,1,27341.0,734.0,3,LN004964,Business,61019.0,36,15.03,2116.14,32.27,16.3,2,Excellent,Owned,East,Approved,Non-Default
CUST004965,Female,67,High School,Salaried,Divorced,0,61907.0,620.0,0,LN004965,Home,171750.0,12,14.75,15481.61,38.71,9.6,0,Fair,Owned,East,Approved,Non-Default
CUST004966,Female,42,High School,Salaried,Married,2,109456.0,761.0,2,LN004966,Personal,464976.0,60,17.37,11648.56,11.67,16.4,1,Excellent,Rented,East,Approved,Non-Default
CUST004967,Female,43,Graduate,Unemployed,Single,0,121954.0,774.0,1,LN004967,Auto,278542.0,48,12.45,7396.77,11.91,12.6,0,Excellent,Owned,South,Approved,Non-Default
CUST004968,Female,36,Graduate,Salaried,Single,1,20654.0,710.0,0,LN004968,Auto,782614.0,72,13.69,15996.72,75.0,20.7,0,Excellent,Mortgage,South,Approved,Non-Default
CUST004969,Female,55,Graduate,Salaried,Married,0,43613.0,617.0,2,LN004969,Home,479085.0,60,15.67,11566.58,46.89,14.3,2,Fair,Owned,North,Approved,Default
CUST004970,Female,56,High School,Salaried,Married,2,47217.0,650.0,2,LN004970,Home,123450.0,24,15.94,6040.96,32.71,11.3,0,Good,Owned,South,Approved,Non-Default
CUST004971,Female,38,Graduate,Salaried,Single,0,56881.0,618.0,2,LN004971,Auto,109965.0,12,12.23,9782.09,26.5,4.3,0,Fair,Rented,South,Approved,Non-Default
CUST004972,Female,48,Postgraduate,Salaried,Married,3,79786.0,619.0,0,LN004972,Business,247935.0,48,16.52,7092.75,22.46,11.3,0,Fair,Rented,East,Rejected,Non-Default
CUST004973,Female,39,Graduate,Self-employed,Married,0,39001.0,748.0,0,LN004973,Education,237521.0,12,17.78,21751.06,66.54,18.1,0,Excellent,Mortgage,South,Approved,Non-Default
CUST004974,Male,39,Postgraduate,Self-employed,Single,0,36678.0,601.0,0,LN004974,Business,111022.0,48,16.43,3170.9,18.37,8.5,0,Fair,Mortgage,South,Rejected,Non-Default
CUST004975,Male,37,Graduate,Self-employed,Single,0,42154.0,676.0,3,LN004975,Education,96209.0,60,14.74,2275.7,16.77,7.6,0,Good,Rented,East,Rejected,Non-Default
CUST004976,Female,47,High School,Self-employed,Single,2,34553.0,775.0,1,LN004976,Personal,99085.0,24,13.15,4717.67,27.63,7.7,0,Excellent,Owned,South,Approved,Default
CUST004977,Female,46,High School,Salaried,Single,0,33215.0,611.0,0,LN004977,Business,270372.0,36,17.0,9639.5,39.45,14.9,0,Fair,Owned,North,Approved,Non-Default
CUST004978,Female,51,Graduate,Salaried,Married,2,90348.0,746.0,3,LN004978,Home,158309.0,48,11.16,4103.89,13.77,13.6,2,Excellent,Mortgage,West,Rejected,Non-Default
CUST004979,Female,30,Graduate,Salaried,Divorced,0,98909.0,653.0,1,LN004979,Business,382889.0,36,15.17,13304.87,22.81,10.4,0,Good,Owned,South,Approved,Non-Default
CUST004980,Female,29,Graduate,Salaried,Married,1,38688.0,702.0,0,LN004980,Home,165622.0,48,14.07,4531.68,22.31,13.2,2,Excellent,Rented,South,Approved,Default
CUST004981,Male,43,High School,Self-employed,Married,1,46088.0,686.0,1,LN004981,Personal,614135.0,24,15.84,30023.03,75.0,7.0,0,Good,Rented,North,Rejected,Non-Default
CUST004982,Female,54,High School,Salaried,Married,0,21730.0,667.0,2,LN004982,Business,169210.0,24,15.33,8230.98,44.68,14.5,1,Good,Owned,East,Rejected,Non-Default
CUST004983,Male,24,Graduate,Unemployed,Divorced,1,67470.0,651.0,0,LN004983,Auto,229699.0,60,12.53,5171.26,26.38,1.0,2,Good,Mortgage,South,Approved,Default
CUST004984,Female,51,Postgraduate,Salaried,Single,2,130334.0,661.0,1,LN004984,Home,193831.0,12,13.32,17341.57,16.79,11.9,1,Good,Owned,East,Approved,Non-Default
CUST004985,Female,31,Graduate,Salaried,Married,2,127709.0,709.0,3,LN004985,Personal,202599.0,24,14.16,9742.68,22.71,3.1,0,Excellent,Owned,North,Approved,Non-Default
CUST004986,Male,36,High School,Salaried,Married,1,84304.0,639.0,1,LN004986,Personal,229315.0,36,18.73,8374.5,31.6,7.6,0,Fair,Owned,West,Approved,Non-Default
CUST004987,Female,47,Graduate,Salaried,Married,0,79845.0,703.0,1,LN004987,Auto,140429.0,72,13.91,2886.88,14.55,10.2,0,Excellent,Rented,West,Approved,Non-Default
CUST004988,Female,36,Graduate,Salaried,Single,1,55573.0,655.0,1,LN004988,Personal,338300.0,60,17.47,8493.36,18.73,4.6,0,Good,Owned,West,Approved,Non-Default
CUST004989,Male,26,Graduate,Self-employed,Single,0,93781.0,729.0,1,LN004989,Auto,180047.0,36,16.26,6353.05,22.06,12.7,0,Excellent,Rented,East,Approved,Non-Default
CUST004990,Female,37,Graduate,Salaried,Married,1,42536.0,643.0,0,LN004990,Personal,172998.0,48,15.38,4848.05,28.17,5.9,2,Fair,Owned,East,Approved,Non-Default
CUST004991,Male,33,Graduate,Self-employed,Married,0,98369.0,687.0,2,LN004991,Business,480121.0,12,15.33,43409.71,64.75,21.5,0,Good,Rented,South,Approved,Non-Default
CUST004992,Female,46,Graduate,Salaried,Married,0,30396.0,763.0,1,LN004992,Personal,882763.0,60,14.06,20567.82,75.0,15.5,2,Excellent,Rented,South,Approved,Default
CUST004993,Female,52,High School,Salaried,Married,1,73384.0,720.0,0,LN004993,Personal,145831.0,60,16.6,3592.98,13.32,5.5,2,Excellent,Owned,North,Approved,Non-Default
CUST004994,Male,38,Graduate,Self-employed,Married,0,40413.0,621.0,0,LN004994,Home,584497.0,48,15.02,16272.92,63.51,11.8,1,Fair,Rented,North,Rejected,Non-Default
CUST004995,Female,45,Graduate,Self-employed,Married,0,80705.0,617.0,2,LN004995,Home,177385.0,24,15.3,8626.11,33.06,7.2,2,Fair,Rented,East,Rejected,Non-Default
CUST004996,Male,59,Graduate,Salaried,Single,2,32391.0,733.0,1,LN004996,Home,143089.0,12,14.49,12880.56,57.83,14.1,0,Excellent,Mortgage,East,Approved,Non-Default
CUST004997,Male,36,High School,Salaried,Single,0,80726.0,701.0,2,LN004997,Business,146186.0,48,16.8,4203.09,25.34,10.2,2,Excellent,Owned,South,Approved,Non-Default
CUST004998,Female,61,Graduate,Salaried,Single,0,35758.0,646.0,1,LN004998,Personal,180198.0,48,15.49,5059.92,35.09,12.3,0,Fair,Rented,South,Approved,Default
CUST004999,Female,22,High School,Self-employed,Married,2,25591.0,701.0,1,LN004999,Education,602297.0,48,13.03,16167.09,75.0,5.3,0,Excellent,Rented,East,Approved,Default
CUST005000,Male,25,Graduate,Self-employed,Married,2,35328.0,700.0,0,LN005000,Personal,235209.0,24,14.5,11348.7,41.08,0.0,0,Excellent,Owned,West,Approved,Non-Default
CUST005001,Female,30,High School,Self-employed,Divorced,2,68782.0,680.0,3,LN005001,Home,82305.0,12,13.76,7380.64,19.51,2.7,0,Good,Mortgage,West,Approved,Non-Default
CUST005002,Female,38,Graduate,Salaried,Single,0,66801.0,647.0,1,LN005002,Personal,270628.0,48,16.73,7771.23,15.91,13.0,0,Fair,Rented,East,Approved,Non-Default
CUST005003,Male,43,Graduate,Self-employed,Married,2,69949.0,719.0,0,LN005003,Personal,164949.0,36,13.06,5562.55,21.72,0.1,0,Excellent,Owned,West,Approved,Non-Default
CUST005004,Female,36,High School,Self-employed,Single,1,23138.0,706.0,0,LN005004,Personal,288844.0,36,16.11,10170.59,42.51,3.5,0,Excellent,Owned,East,Rejected,Non-Default
CUST005005,Male,50,Graduate,Self-employed,Divorced,0,44297.0,699.0,0,LN005005,Auto,241999.0,48,13.68,6574.2,25.37,5.6,0,Good,Rented,West,Approved,Non-Default
CUST005006,Male,53,Postgraduate,Salaried,Married,2,128779.0,631.0,1,LN005006,Auto,634352.0,24,14.59,30634.18,36.35,12.9,0,Fair,Owned,South,Approved,Non-Default
CUST005007,Female,32,Graduate,Self-employed,Single,0,89381.0,643.0,1,LN005007,Education,105357.0,60,15.53,2535.84,5.29,17.9,0,Fair,Mortgage,East,Approved,Non-Default
CUST005008,Male,45,High School,Salaried,Single,1,52922.0,621.0,1,LN005008,Auto,312441.0,48,16.56,8944.53,40.19,11.8,0,Fair,Rented,East,Approved,Non-Default
CUST005009,Male,62,Graduate,Unemployed,Married,1,94572.0,706.0,1,LN005009,Home,759063.0,24,14.72,36703.52,50.77,6.6,1,Excellent,Owned,South,Approved,Non-Default
CUST005010,Female,55,High School,Salaried,Married,1,57110.0,594.0,0,LN005010,Education,240196.0,24,13.76,11505.29,27.57,10.6,1,Fair,Rented,South,Approved,Non-Default
CUST005011,Female,23,High School,Self-employed,Married,0,62409.0,623.0,2,LN005011,Business,123268.0,36,18.44,4483.69,17.07,0.0,1,Fair,Mortgage,East,Approved,Non-Default
CUST005012,Female,48,Graduate,Unemployed,Single,1,63966.0,729.0,0,LN005012,Home,66267.0,48,14.69,1833.86,16.05,4.6,0,Excellent,Mortgage,East,Rejected,Non-Default
CUST005013,Female,25,Graduate,Salaried,Single,0,89019.0,549.0,1,LN005013,Home,478873.0,48,16.45,13682.01,27.41,7.8,0,Poor,Owned,South,Approved,Non-Default
CUST005014,Male,48,Graduate,Salaried,Single,0,45381.0,756.0,0,LN005014,Business,112327.0,72,15.21,2387.98,5.0,8.0,1,Excellent,Rented,South,Approved,Non-Default
CUST005015,Female,41,Postgraduate,Salaried,Married,1,39298.0,733.0,0,LN005015,Home,67554.0,60,13.63,1558.94,19.63,2.3,1,Excellent,Rented,North,Approved,Non-Default
CUST005016,Male,40,Graduate,Salaried,Married,0,102998.0,723.0,1,LN005016,Personal,227069.0,24,15.51,11064.92,12.82,0.4,0,Excellent,Rented,South,Approved,Non-Default
CUST005017,Male,37,High School,Salaried,Single,2,72595.0,704.0,0,LN005017,Personal,231801.0,24,18.44,11621.8,17.57,0.2,0,Excellent,Rented,East,Rejected,Non-Default
CUST005018,Male,41,Graduate,Self-employed,Single,1,53122.0,691.0,1,LN005018,Home,77870.0,36,13.66,2648.57,11.57,14.0,0,Good,Owned,East,Approved,Non-Default
CUST005019,Female,21,Graduate,Salaried,Married,1,70814.0,723.0,1,LN005019,Home,174890.0,48,12.56,4653.76,21.54,19.9,0,Excellent,Mortgage,North,Rejected,Non-Default
CUST005020,Female,46,High School,Salaried,Single,1,95822.0,772.0,2,LN005020,Business,205750.0,48,15.66,5795.25,22.56,4.4,0,Excellent,Owned,South,Approved,Non-Default
CUST005021,Male,22,Graduate,Salaried,Married,1,91955.0,702.0,2,LN005021,Business,85972.0,60,13.99,1999.97,6.3,1.4,1,Excellent,Rented,North,Approved,Non-Default
CUST005022,Female,47,High School,Salaried,Married,1,74805.0,776.0,0,LN005022,Auto,166808.0,36,11.54,5503.84,5.0,10.4,0,Excellent,Owned,East,Approved,Non-Default
CUST005023,Male,49,Graduate,Salaried,Single,2,57269.0,689.0,2,LN005023,Personal,273250.0,36,17.6,9823.9,35.32,15.3,0,Good,Rented,South,Rejected,Non-Default
CUST005024,Male,40,Postgraduate,Salaried,Single,0,32171.0,531.0,0,LN005024,Personal,417372.0,24,17.8,20796.61,75.0,8.0,0,Poor,Owned,West,Approved,Default
CUST005025,Female,52,Postgraduate,Salaried,Married,2,66996.0,664.0,0,LN005025,Home,150434.0,48,15.18,4200.43,11.72,13.5,1,Good,Owned,East,Approved,Non-Default
CUST005026,Female,32,High School,Salaried,Single,0,34661.0,653.0,0,LN005026,Auto,561671.0,48,16.16,15963.98,60.48,1.3,1,Good,Owned,North,Approved,Non-Default
CUST005027,Male,32,Graduate,Self-employed,Single,3,79437.0,798.0,0,LN005027,Home,476376.0,36,12.74,15991.4,31.18,14.8,0,Excellent,Rented,West,Rejected,Non-Default
CUST005028,Female,42,Postgraduate,Salaried,Divorced,1,24238.0,654.0,1,LN005028,Personal,232662.0,36,15.82,8159.04,43.66,0.0,0,Good,Owned,East,Approved,Default
CUST005029,Female,29,Graduate,Self-employed,Single,2,79961.0,662.0,0,LN005029,Business,419913.0,12,14.49,37799.66,75.0,1.4,0,Good,Owned,East,Rejected,Non-Default
CUST005030,Female,41,High School,Salaried,Single,3,56923.0,669.0,0,LN005030,Home,306343.0,36,14.22,10502.84,32.48,16.5,2,Good,Owned,South,Approved,Default
CUST005031,Male,47,High School,Self-employed,Divorced,0,22773.0,717.0,1,LN005031,Auto,260816.0,12,15.51,23603.62,75.0,7.7,1,Excellent,Rented,North,Approved,Non-Default
CUST005032,Female,54,High School,Salaried,Single,2,52688.0,626.0,1,LN005032,Personal,195576.0,24,16.39,9612.49,39.8,11.8,0,Fair,Owned,East,Approved,Non-Default
CUST005033,Male,43,Graduate,Salaried,Married,3,46368.0,640.0,3,LN005033,Personal,813747.0,60,15.34,19504.52,53.96,3.2,1,Fair,Mortgage,West,Approved,Default
CUST005034,Female,35,Graduate,Salaried,Married,3,60532.0,747.0,2,LN005034,Business,153280.0,36,13.88,5229.82,20.59,13.5,1,Excellent,Rented,North,Approved,Non-Default
CUST005035,Male,35,High School,Salaried,Married,1,51305.0,635.0,1,LN005035,Business,167471.0,24,18.26,8381.89,36.44,16.4,1,Fair,Rented,West,Rejected,Non-Default
CUST005036,Female,24,High School,Salaried,Single,0,32657.0,599.0,2,LN005036,Auto,251808.0,48,15.43,7063.01,36.72,7.5,0,Fair,Rented,South,Approved,Default
CUST005037,Female,29,Graduate,Salaried,Single,0,44227.0,706.0,0,LN005037,Auto,288373.0,24,16.26,14155.49,54.64,17.4,0,Excellent,Rented,North,Approved,Non-Default
CUST005038,Female,21,High School,Self-employed,Married,2,98664.0,752.0,1,LN005038,Personal,182714.0,36,16.24,6445.35,17.72,3.2,1,Excellent,Rented,West,Approved,Non-Default
CUST005039,Female,24,Postgraduate,Self-employed,Single,0,44749.0,779.0,0,LN005039,Home,120480.0,12,11.27,10663.4,36.81,14.8,0,Excellent,Rented,East,Approved,Non-Default
CUST005040,Female,56,Postgraduate,Salaried,Married,0,63606.0,753.0,1,LN005040,Auto,62701.0,48,14.18,1719.06,8.51,10.8,1,Excellent,Owned,South,Approved,Non-Default
CUST005041,Female,27,High School,Salaried,Married,1,91542.0,745.0,0,LN005041,Auto,221405.0,60,12.05,4930.63,8.29,6.5,0,Excellent,Owned,West,Approved,Non-Default
CUST005042,Male,53,Graduate,Salaried,Married,0,77472.0,745.0,0,LN005042,Business,88523.0,60,13.37,2030.98,10.8,17.1,0,Excellent,Rented,South,Approved,Non-Default
CUST005043,Male,51,Postgraduate,Self-employed,Single,1,47777.0,661.0,0,LN005043,Home,91379.0,48,15.63,2572.42,22.41,8.9,0,Good,Mortgage,East,Approved,Non-Default
CUST005044,Male,36,Graduate,Salaried,Divorced,3,123702.0,850.0,3,LN005044,Business,352933.0,60,15.66,8519.02,8.77,1.1,0,Excellent,Mortgage,West,Approved,Non-Default
CUST005045,Female,49,High School,Salaried,Divorced,1,21240.0,676.0,1,LN005045,Personal,94111.0,48,15.73,2654.14,14.65,20.1,0,Good,Mortgage,East,Approved,Non-Default
CUST005046,Female,39,Graduate,Self-employed,Married,0,69338.0,696.0,1,LN005046,Home,182583.0,72,13.29,3693.2,6.44,2.2,0,Good,Owned,West,Approved,Non-Default
CUST005047,Female,45,Postgraduate,Self-employed,Married,3,83721.0,650.0,1,LN005047,Personal,150531.0,72,15.47,3221.53,13.32,6.4,0,Good,Rented,West,Approved,Non-Default
CUST005048,Female,31,Graduate,Self-employed,Single,0,40882.0,850.0,0,LN005048,Business,692887.0,24,14.02,33274.05,75.0,7.3,1,Excellent,Mortgage,South,Approved,Default
CUST005049,Female,40,Graduate,Self-employed,Divorced,2,61665.0,710.0,0,LN005049,Education,327234.0,36,12.65,10970.72,30.52,13.4,0,Excellent,Rented,East,Approved,Non-Default
CUST005050,Male,53,High School,Salaried,Divorced,0,44830.0,702.0,1,LN005050,Home,292976.0,48,15.79,8271.55,19.97,0.0,0,Excellent,Mortgage,East,Rejected,Non-Default
CUST005051,Female,50,Graduate,Salaried,Married,2,90968.0,736.0,1,LN005051,Personal,129276.0,12,15.5,11698.76,19.99,14.6,0,Excellent,Mortgage,South,Approved,Non-Default
CUST005052,Female,50,High School,Self-employed,Married,1,55211.0,677.0,2,LN005052,Education,129397.0,60,15.25,3095.35,21.05,12.0,0,Good,Owned,East,Approved,Non-Default
CUST005053,Female,53,Graduate,Self-employed,Married,2,35145.0,700.0,2,LN005053,Home,165953.0,60,12.17,3705.81,20.45,9.0,0,Excellent,Rented,West,Approved,Non-Default
CUST005054,Male,62,Graduate,Unemployed,Divorced,0,112550.0,772.0,0,LN005054,Business,417592.0,72,15.47,8936.92,13.45,20.5,0,Excellent,Owned,West,Approved,Non-Default
CUST005055,Male,35,Graduate,Salaried,Married,0,73361.0,692.0,0,LN005055,Home,177118.0,36,13.86,6041.44,19.97,4.0,0,Good,Mortgage,East,Approved,Non-Default
CUST005056,Male,41,High School,Salaried,Married,0,41140.0,760.0,1,LN005056,Personal,215151.0,48,15.8,6075.42,27.78,3.4,0,Excellent,Rented,North,Approved,Non-Default
CUST005057,Male,37,Graduate,Self-employed,Single,0,32325.0,764.0,1,LN005057,Auto,194557.0,36,13.25,6578.85,34.74,10.1,1,Excellent,Rented,South,Approved,Non-Default
CUST005058,Male,55,Graduate,Salaried,Married,0,37043.0,586.0,1,LN005058,Home,153573.0,48,16.52,4393.31,24.88,6.9,0,Fair,Owned,East,Rejected,Non-Default
CUST005059,Female,29,Graduate,Salaried,Married,0,89844.0,642.0,2,LN005059,Home,1500000.0,36,13.76,51091.77,67.7,8.6,0,Fair,Rented,West,Approved,Default
CUST005060,Female,25,Postgraduate,Salaried,Single,2,40610.0,729.0,0,LN005060,Home,255331.0,48,14.45,7035.07,22.92,7.2,0,Excellent,Mortgage,East,Rejected,Non-Default
CUST005061,Male,35,Postgraduate,Self-employed,Married,0,74873.0,747.0,0,LN005061,Personal,207847.0,24,13.67,9946.96,21.16,3.8,0,Excellent,Rented,East,Approved,Non-Default
CUST005062,Female,43,High School,Salaried,Married,1,61055.0,621.0,0,LN005062,Home,186532.0,36,16.66,6618.85,30.65,10.1,2,Fair,Rented,North,Approved,Non-Default
CUST005063,Male,42,Postgraduate,Unemployed,Divorced,0,68407.0,835.0,3,LN005063,Personal,299765.0,36,16.09,10552.17,29.89,17.6,0,Excellent,Rented,North,Approved,Non-Default
CUST005064,Male,22,High School,Unemployed,Married,2,46132.0,692.0,1,LN005064,Personal,98644.0,24,15.05,4785.26,18.9,13.3,0,Good,Owned,East,Approved,Non-Default
CUST005065,Male,32,Postgraduate,Self-employed,Married,0,74075.0,612.0,1,LN005065,Home,132149.0,60,13.86,3065.29,6.74,2.2,0,Fair,Mortgage,North,Approved,Non-Default
CUST005066,Male,34,Graduate,Salaried,Married,0,48032.0,634.0,0,LN005066,Business,107925.0,24,15.45,5256.03,27.7,13.6,2,Fair,Mortgage,West,Approved,Non-Default
CUST005067,Male,21,High School,Salaried,Married,0,47458.0,714.0,0,LN005067,Personal,83866.0,36,14.73,2896.17,16.34,11.2,1,Excellent,Rented,West,Approved,Non-Default
CUST005068,Female,53,High School,Self-employed,Married,0,25430.0,624.0,2,LN005068,Personal,105459.0,36,16.88,3753.61,26.5,10.5,0,Fair,Rented,South,Approved,Non-Default
CUST005069,Female,35,High School,Salaried,Married,0,89203.0,782.0,1,LN005069,Home,147942.0,24,11.99,6963.45,29.11,0.0,1,Excellent,Owned,North,Approved,Non-Default
CUST005070,Female,36,Postgraduate,Self-employed,Married,1,60938.0,729.0,2,LN005070,Home,174298.0,36,14.7,6016.52,15.51,11.4,1,Excellent,Owned,South,Approved,Non-Default
CUST005071,Male,49,Graduate,Salaried,Single,0,33161.0,797.0,0,LN005071,Personal,104410.0,36,16.01,3671.26,24.25,17.2,0,Excellent,Mortgage,West,Approved,Non-Default
CUST005072,Male,29,High School,Salaried,Single,2,62066.0,651.0,0,LN005072,Business,139874.0,48,15.09,3899.18,17.29,13.9,1,Good,Rented,South,Approved,Non-Default
CUST005073,Female,61,Postgraduate,Salaried,Married,0,21243.0,622.0,1,LN005073,Education,226543.0,36,15.73,7934.41,42.79,11.3,0,Fair,Owned,East,Approved,Non-Default
CUST005074,Female,55,High School,Self-employed,Married,1,100789.0,709.0,2,LN005074,Auto,255309.0,60,13.73,5904.92,26.32,12.7,0,Excellent,Rented,East,Approved,Non-Default
CUST005075,Female,39,Graduate,Salaried,Married,0,47116.0,798.0,1,LN005075,Auto,176072.0,60,15.5,4235.09,25.91,10.3,0,Excellent,Owned,North,Approved,Non-Default
CUST005076,Female,35,High School,,Married,2,59244.0,784.0,0,LN005076,Home,353117.0,36,11.79,11693.15,41.37,7.0,0,Excellent,Mortgage,West,Approved,Non-Default
CUST005077,Male,46,Postgraduate,Self-employed,Single,1,98964.0,714.0,2,LN005077,Home,406788.0,36,11.87,13485.94,14.42,5.8,0,Excellent,Owned,West,Approved,Non-Default
CUST005078,Female,30,Graduate,Salaried,Single,0,67880.0,729.0,1,LN005078,Home,128249.0,24,14.59,6193.41,17.05,0.0,0,Excellent,Rented,North,Approved,Non-Default
CUST005079,Female,31,High School,Salaried,Divorced,0,90559.0,600.0,1,LN005079,Business,368839.0,24,15.79,18022.52,27.78,6.6,0,Fair,Owned,North,Approved,Non-Default
CUST005080,Male,31,High School,Salaried,Single,1,51829.0,766.0,1,LN005080,Personal,81560.0,60,16.25,1994.23,18.62,5.3,2,Excellent,Mortgage,South,Approved,Non-Default
CUST005081,Female,51,High School,Self-employed,Single,0,71746.0,618.0,1,LN005081,Auto,582898.0,48,13.85,15884.72,35.45,8.6,0,Fair,Owned,West,Approved,Non-Default
CUST005082,Female,25,High School,Salaried,Married,0,76577.0,704.0,1,LN005082,Business,366640.0,24,14.28,17651.98,37.22,23.9,0,Excellent,Owned,North,Rejected,Non-Default
CUST005083,Male,48,High School,Self-employed,Married,0,47108.0,682.0,1,LN005083,Auto,88381.0,60,15.36,2119.32,11.86,7.1,0,Good,Mortgage,South,Approved,Non-Default
CUST005084,Female,41,High School,Salaried,Married,0,32290.0,754.0,0,LN005084,Auto,225019.0,36,13.96,7686.25,43.31,10.6,0,Excellent,Owned,South,Approved,Non-Default
CUST005085,Male,56,Postgraduate,Salaried,Married,2,53047.0,676.0,2,LN005085,Home,256978.0,24,12.41,12146.11,36.33,13.0,1,Good,Mortgage,North,Approved,Default
CUST005086,Female,48,High School,Unemployed,Single,0,77759.0,676.0,1,LN005086,Personal,189069.0,72,18.07,4319.73,29.02,5.5,0,Good,Rented,East,Approved,Non-Default
CUST005087,Female,62,High School,Self-employed,Single,2,51546.0,696.0,0,LN005087,Personal,130485.0,24,19.05,6580.74,31.43,5.9,0,Good,Mortgage,West,Approved,Non-Default
CUST005088,Male,28,Graduate,Salaried,Single,1,53798.0,728.0,3,LN005088,Personal,207678.0,60,15.5,4995.32,14.92,11.9,0,Excellent,Owned,North,Approved,Non-Default
CUST005089,Female,34,Graduate,Salaried,Divorced,2,61723.0,760.0,0,LN005089,Personal,144109.0,36,15.66,5042.29,24.7,9.4,1,Excellent,Owned,West,Approved,Non-Default
CUST005090,Male,50,Graduate,Self-employed,Married,2,91491.0,670.0,3,LN005090,Home,145087.0,72,15.08,3074.17,23.13,9.3,0,Good,Owned,East,Approved,Non-Default
CUST005091,Male,24,Graduate,Salaried,Married,2,64187.0,724.0,0,LN005091,Home,293153.0,12,14.42,26379.33,60.29,11.2,0,Excellent,Rented,East,Approved,Default
CUST005092,Male,30,,Salaried,Divorced,0,83383.0,594.0,0,LN005092,Personal,148457.0,36,17.54,5332.88,11.73,4.9,0,Fair,Owned,South,Approved,Non-Default
CUST005093,Male,35,Graduate,Salaried,Divorced,1,174872.0,683.0,0,LN005093,Home,247900.0,36,13.92,8463.01,10.24,8.1,1,Good,Owned,East,Approved,Default
CUST005094,Female,23,High School,Salaried,Married,1,48848.0,698.0,0,LN005094,Personal,197547.0,24,15.43,9618.8,42.66,8.6,1,Good,Rented,North,Approved,Non-Default
CUST005095,Female,48,High School,Salaried,Married,3,63032.0,556.0,0,LN005095,Auto,349310.0,60,16.58,8602.56,29.26,13.0,0,Fair,Owned,North,Approved,Non-Default
CUST005096,Male,33,High School,Self-employed,Married,0,60011.0,738.0,1,LN005096,Personal,268963.0,60,15.7,6497.86,9.79,11.4,0,Excellent,Mortgage,East,Approved,Non-Default
CUST005097,Female,33,Graduate,Salaried,Divorced,0,36712.0,830.0,2,LN005097,Home,361002.0,12,11.24,31946.38,75.0,6.4,0,Excellent,Rented,West,Approved,Non-Default
CUST005098,Female,40,Graduate,Salaried,Married,2,121981.0,611.0,0,LN005098,Home,327500.0,48,16.6,9382.39,14.79,2.5,0,Fair,Mortgage,North,Approved,Non-Default
CUST005099,Female,24,High School,Salaried,Single,1,66160.0,779.0,1,LN005099,Business,502787.0,48,14.39,13837.96,38.99,11.4,0,Excellent,Owned,South,Approved,Default
CUST005100,Female,53,Postgraduate,Self-employed,Divorced,2,48851.0,748.0,0,LN005100,Auto,82238.0,36,13.84,2804.31,5.08,14.0,0,Excellent,Owned,East,Approved,Non-Default
CUST005101,Male,41,High School,Self-employed,Married,1,45765.0,644.0,2,LN005101,Personal,60295.0,60,14.64,1423.05,7.46,0.0,0,Fair,Mortgage,South,Approved,Default
CUST005102,Male,46,Graduate,Self-employed,Single,1,41229.0,621.0,1,LN005102,Personal,207183.0,24,18.65,10408.61,29.68,6.2,2,Fair,Owned,South,Approved,Non-Default
CUST005103,Male,32,High School,Salaried,Married,3,24540.0,656.0,0,LN005103,Auto,151175.0,48,15.66,4258.06,18.03,14.9,0,Good,Mortgage,South,Approved,Non-Default
CUST005104,Male,42,Graduate,Unemployed,Married,1,39409.0,690.0,1,LN005104,Personal,362414.0,12,15.54,32803.29,75.0,1.7,0,Good,Rented,East,Rejected,Default
CUST005105,Male,21,Graduate,Unemployed,Married,2,122173.0,585.0,3,LN005105,Home,133129.0,36,15.07,4619.53,5.0,16.9,0,Fair,Rented,South,Approved,Non-Default
CUST005106,Male,55,Graduate,Salaried,Married,0,75788.0,735.0,1,LN005106,Home,91479.0,24,14.43,4410.78,19.04,0.0,0,Excellent,Rented,North,Approved,Non-Default
CUST005107,Female,44,High School,Salaried,Divorced,3,38879.0,715.0,2,LN005107,Education,123050.0,24,14.19,5919.04,35.7,7.4,0,Excellent,Owned,West,Approved,Non-Default
CUST005108,Female,21,Postgraduate,Self-employed,Married,1,26965.0,744.0,0,LN005108,Personal,204213.0,36,15.5,7129.21,42.34,4.2,0,Excellent,Owned,West,Approved,Default
CUST005109,Male,48,Postgraduate,Salaried,Single,1,43484.0,631.0,3,LN005109,Home,298781.0,48,15.25,8353.21,26.87,22.0,2,Fair,Owned,North,Approved,Non-Default
CUST005110,Male,48,Postgraduate,Salaried,Married,1,112831.0,804.0,0,LN005110,Auto,174752.0,24,12.47,8264.59,21.93,6.9,0,Excellent,Mortgage,East,Approved,Non-Default
CUST005111,Female,47,Graduate,Salaried,Married,0,52275.0,761.0,1,LN005111,Auto,127874.0,36,12.53,4279.69,15.96,7.3,1,Excellent,Mortgage,South,Approved,Non-Default
CUST005112,Female,50,Postgraduate,Self-employed,Married,0,62936.0,578.0,2,LN005112,Personal,240718.0,36,15.91,8452.24,23.15,10.3,0,Fair,Mortgage,North,Approved,Non-Default
CUST005113,Male,27,Graduate,Self-employed,Single,1,21578.0,791.0,0,LN005113,Home,289436.0,72,13.29,5854.56,34.64,0.0,0,Excellent,Owned,South,Rejected,Non-Default
CUST005114,Male,44,Graduate,Salaried,Single,1,35746.0,664.0,1,LN005114,Home,119657.0,24,14.14,5752.99,26.6,15.4,0,Good,Owned,East,Rejected,Non-Default
CUST005115,Female,30,Graduate,Salaried,Married,1,18253.0,776.0,1,LN005115,Home,74429.0,36,14.69,2568.82,30.25,10.0,0,Excellent,Rented,North,Approved,Non-Default
CUST005116,Female,43,High School,Salaried,Single,0,34661.0,693.0,0,LN005116,Education,345484.0,24,14.7,16702.16,59.99,10.2,0,Good,Owned,East,Rejected,Non-Default
CUST005117,Female,24,Graduate,Salaried,Married,1,30209.0,,1,LN005117,Business,67784.0,72,16.11,1474.47,8.35,12.8,1,Excellent,Owned,West,Approved,Non-Default
CUST005118,Male,48,Graduate,Salaried,Married,2,18000.0,784.0,0,LN005118,Personal,273783.0,12,15.1,24724.11,75.0,11.1,0,Excellent,Owned,East,Approved,Non-Default
CUST005119,Male,50,Graduate,Self-employed,Married,3,195202.0,850.0,0,LN005119,Education,597510.0,72,11.72,11594.62,14.72,13.1,0,Excellent,Rented,South,Approved,Non-Default
CUST005120,Male,54,High School,Self-employed,Married,0,74337.0,714.0,0,LN005120,Home,211596.0,48,13.58,5737.69,23.09,9.6,0,Excellent,Rented,North,Approved,Non-Default
CUST005121,Female,43,Graduate,Salaried,Married,1,36536.0,756.0,0,LN005121,Education,125852.0,60,13.58,2901.02,29.45,9.2,0,Excellent,Mortgage,East,Approved,Non-Default
CUST005122,Female,44,Graduate,Salaried,Single,0,65635.0,597.0,1,LN005122,Personal,387200.0,48,18.57,11489.65,27.77,8.9,0,Fair,Rented,West,Approved,Non-Default
CUST005123,Male,38,Graduate,Salaried,Divorced,2,91404.0,668.0,0,LN005123,Education,172469.0,72,14.18,3570.5,5.0,10.0,2,Good,Rented,North,Rejected,Default
CUST005124,Female,39,Graduate,Salaried,Married,2,25499.0,633.0,1,LN005124,Home,111002.0,12,15.09,10023.57,59.74,15.6,0,Fair,Rented,North,Approved,Default
CUST005125,Female,43,High School,Salaried,Married,0,24054.0,691.0,0,LN005125,Personal,304427.0,48,16.38,8686.91,45.12,12.2,0,Good,Rented,East,Approved,Non-Default
CUST005126,Female,39,Graduate,Self-employed,Divorced,0,44909.0,626.0,1,LN005126,Home,263977.0,36,15.92,9270.23,21.78,12.2,0,Fair,Mortgage,South,Approved,Non-Default
CUST005127,Male,36,Graduate,Self-employed,Married,2,34584.0,616.0,0,LN005127,Home,61120.0,36,14.43,2101.72,16.05,9.1,0,Fair,Rented,East,Approved,Default
CUST005128,Male,38,Graduate,Salaried,Married,3,122767.0,685.0,1,LN005128,Business,291881.0,72,15.25,6211.52,5.0,0.0,1,Good,Owned,South,Approved,Non-Default
CUST005129,Male,38,Postgraduate,Salaried,Single,1,32962.0,721.0,3,LN005129,Personal,321109.0,36,14.02,10977.86,50.88,3.0,2,Excellent,Owned,East,Approved,Default
CUST005130,Male,54,High School,Unemployed,Married,1,28793.0,552.0,2,LN005130,Business,110806.0,60,18.18,2824.61,16.89,4.9,0,Fair,Rented,East,Approved,Default
CUST005131,Male,43,Graduate,Salaried,Single,0,62116.0,684.0,3,LN005131,Business,377005.0,12,16.04,34213.12,75.0,2.9,0,Good,Rented,West,Approved,Non-Default
CUST005132,Male,36,Graduate,Self-employed,Single,1,51605.0,749.0,1,LN005132,Education,120204.0,72,12.88,2405.38,6.19,3.6,0,Excellent,Mortgage,South,Approved,Non-Default
CUST005133,Male,45,Graduate,Salaried,Single,3,41264.0,737.0,1,LN005133,Auto,333727.0,60,11.87,7401.67,17.97,0.4,0,Excellent,Rented,North,Approved,Non-Default
CUST005134,Male,38,Graduate,Self-employed,Single,1,44026.0,697.0,2,LN005134,Personal,352539.0,24,16.5,17345.75,51.83,13.5,0,Good,Owned,East,Approved,Non-Default
CUST005135,Female,46,Graduate,Unemployed,Married,0,113564.0,673.0,1,LN005135,Auto,336391.0,24,14.86,16288.11,31.41,15.9,0,Good,Owned,West,Rejected,Non-Default
CUST005136,Female,37,Graduate,Salaried,Divorced,1,117369.0,645.0,1,LN005136,Personal,115514.0,48,15.84,3264.24,5.0,5.0,0,Fair,Owned,South,Rejected,Non-Default
CUST005137,Female,51,Graduate,Self-employed,Divorced,1,65219.0,763.0,0,LN005137,Home,130364.0,60,12.35,2922.98,15.44,6.1,0,Excellent,Rented,North,Approved,Non-Default
CUST005138,Male,27,Postgraduate,Salaried,Married,0,120144.0,668.0,0,LN005138,Auto,241039.0,48,13.61,6539.69,28.38,0.8,0,Good,Owned,North,Approved,Non-Default
CUST005139,Female,50,Graduate,Salaried,Divorced,0,177151.0,729.0,2,LN005139,Home,81304.0,60,14.49,1912.52,11.54,2.3,0,Excellent,Owned,West,Approved,Non-Default
CUST005140,Male,30,Graduate,Salaried,Married,1,84981.0,807.0,2,LN005140,Personal,468811.0,48,13.4,12670.3,33.13,5.3,0,Excellent,Rented,East,Approved,Default
CUST005141,Female,38,Postgraduate,Self-employed,Married,2,46364.0,759.0,1,LN005141,Auto,116206.0,48,16.07,3297.48,21.14,10.4,0,Excellent,Owned,East,Approved,Non-Default
CUST005142,Female,35,Graduate,Salaried,Married,2,58221.0,684.0,0,LN005142,Home,82106.0,24,15.43,3997.84,5.0,4.5,0,Good,Mortgage,North,Approved,Non-Default
CUST005143,Female,36,Graduate,Self-employed,Married,0,83369.0,694.0,1,LN005143,Business,323022.0,48,13.73,8783.37,27.91,3.0,1,Good,Rented,North,Approved,Non-Default
CUST005144,Male,47,High School,Salaried,Single,1,51096.0,675.0,0,LN005144,Business,165385.0,60,15.47,3975.42,12.9,12.2,0,Good,Owned,South,Approved,Non-Default
CUST005145,Male,41,High School,Salaried,Single,0,56384.0,718.0,1,LN005145,Education,285002.0,48,13.87,7769.53,36.82,4.0,0,Excellent,Rented,West,Approved,Non-Default
CUST005146,Female,36,Graduate,Salaried,Married,3,98745.0,619.0,2,LN005146,Auto,105753.0,24,14.91,5123.09,5.09,13.1,0,Fair,Mortgage,North,Approved,Non-Default
CUST005147,Male,49,High School,Salaried,Single,0,36258.0,598.0,0,LN005147,Business,179127.0,36,17.07,6392.61,28.69,14.8,1,Fair,Owned,West,Approved,Default
CUST005148,Female,32,Postgraduate,Unemployed,Married,0,72666.0,630.0,0,LN005148,Personal,69584.0,36,17.9,2512.14,19.36,7.9,0,Fair,Mortgage,West,Approved,Non-Default
CUST005149,Female,33,Graduate,Salaried,Divorced,0,47284.0,671.0,2,LN005149,Personal,234669.0,36,13.36,7947.68,26.46,10.4,0,Good,Rented,West,Approved,Non-Default
CUST005150,Female,34,High School,Salaried,Married,2,26471.0,681.0,0,LN005150,Personal,158616.0,12,19.66,14667.52,68.76,9.3,0,Good,Rented,North,Approved,Non-Default
CUST005151,Female,49,Postgraduate,Salaried,Single,0,51389.0,764.0,0,LN005151,Home,116246.0,60,14.0,2704.84,17.2,3.4,0,Excellent,Rented,South,Approved,Non-Default
CUST005152,Male,51,High School,Salaried,Divorced,0,53332.0,587.0,1,LN005152,Home,387265.0,72,15.38,8268.85,39.44,4.2,0,Fair,Rented,West,Approved,Default
CUST005153,Female,46,Graduate,Salaried,Married,0,93104.0,724.0,3,LN005153,Auto,134302.0,48,14.15,3680.11,8.29,2.0,0,Excellent,Owned,North,Approved,Non-Default
CUST005154,Male,28,Graduate,Self-employed,Married,0,60663.0,708.0,2,LN005154,Home,332935.0,60,12.96,7568.48,29.53,13.3,2,Excellent,Mortgage,North,Approved,Non-Default
CUST005155,Male,37,Graduate,Self-employed,Married,1,42081.0,684.0,2,LN005155,Home,188538.0,24,15.1,9150.54,43.93,14.2,0,Good,Owned,North,Approved,Non-Default
CUST005156,Female,56,Graduate,Unemployed,Married,0,117143.0,738.0,2,LN005156,Personal,244053.0,24,14.39,11762.7,26.53,0.0,0,Excellent,Owned,South,Approved,Non-Default
CUST005157,Male,48,Graduate,Self-employed,Married,0,108134.0,695.0,2,LN005157,Business,106138.0,48,15.87,3000.92,10.33,9.7,2,Good,Owned,East,Approved,Non-Default
CUST005158,Female,44,Postgraduate,Salaried,Married,2,79213.0,621.0,0,LN005158,Home,169478.0,60,13.82,3927.66,13.85,7.7,0,Fair,Owned,South,Approved,Non-Default
CUST005159,Male,29,High School,Salaried,Married,3,72016.0,696.0,1,LN005159,Home,320950.0,12,14.04,28823.22,54.95,7.6,0,Good,Mortgage,South,Rejected,Non-Default
CUST005160,Male,42,Graduate,Salaried,Married,1,86395.0,699.0,0,LN005160,Home,194227.0,36,12.68,6514.38,19.21,4.7,0,Good,Owned,South,Approved,Non-Default
CUST005161,Male,32,High School,Self-employed,Married,2,66809.0,714.0,0,LN005161,Home,396598.0,72,13.45,8055.85,17.75,14.7,1,Excellent,Mortgage,South,Approved,Non-Default
CUST005162,Male,50,Graduate,Self-employed,Married,1,36363.0,783.0,1,LN005162,Business,905691.0,48,14.39,24926.89,75.0,0.0,0,Excellent,Owned,North,Approved,Non-Default
CUST005163,Female,45,Graduate,Salaried,Married,0,89208.0,632.0,1,LN005163,Business,82246.0,24,17.27,4077.11,21.78,7.6,0,Fair,Owned,South,Approved,Non-Default
CUST005164,Male,47,Graduate,Unemployed,Married,0,22268.0,723.0,0,LN005164,Home,100383.0,36,13.95,3428.42,17.11,4.0,0,Excellent,Owned,West,Approved,Non-Default
CUST005165,Male,25,Postgraduate,Salaried,Single,2,22239.0,677.0,3,LN005165,Personal,91964.0,60,15.61,2217.37,15.17,8.7,0,Good,Rented,West,Approved,Non-Default
CUST005166,Female,52,High School,Salaried,Married,2,61367.0,654.0,2,LN005166,Personal,202311.0,72,17.28,4532.3,6.99,5.7,0,Good,Mortgage,North,Approved,Non-Default
CUST005167,Male,50,Graduate,Self-employed,Divorced,1,60133.0,767.0,1,LN005167,Education,79964.0,36,12.76,2685.07,15.27,5.5,0,Excellent,Rented,North,Approved,Non-Default
CUST005168,Male,21,Postgraduate,Salaried,Single,1,35323.0,716.0,0,LN005168,Business,155939.0,36,13.92,5323.57,24.2,13.2,2,Excellent,Rented,North,Approved,Non-Default
CUST005169,Male,27,Graduate,Unemployed,Divorced,1,60277.0,709.0,3,LN005169,Personal,234938.0,72,15.75,5063.95,23.79,6.7,1,Excellent,Rented,South,Approved,Non-Default
CUST005170,Male,39,High School,Salaried,Married,1,81164.0,,2,LN005170,Education,403626.0,48,14.35,11100.67,27.21,4.7,0,Excellent,Owned,East,Approved,Non-Default
CUST005171,Male,36,Graduate,Salaried,Single,1,63034.0,681.0,0,LN005171,Home,197954.0,72,15.25,4212.66,14.02,0.0,2,Good,Mortgage,North,Approved,Non-Default
CUST005172,Female,31,Graduate,Unemployed,Married,1,108420.0,777.0,1,LN005172,Home,128180.0,24,14.96,6212.58,20.36,6.1,0,Excellent,Mortgage,East,Approved,Non-Default
CUST005173,Female,25,Graduate,Salaried,Single,1,73656.0,576.0,0,LN005173,Auto,220094.0,48,11.84,5778.64,16.71,16.0,1,Fair,Owned,West,Approved,Default
CUST005174,Female,62,Graduate,Salaried,Married,0,71051.0,723.0,2,LN005174,Auto,157700.0,24,15.6,7691.38,20.8,5.0,0,Excellent,Owned,West,Approved,Non-Default
CUST005175,Female,60,Graduate,Self-employed,Single,2,60254.0,647.0,2,LN005175,Home,133005.0,24,14.64,6426.24,23.75,4.1,1,Fair,Mortgage,East,Approved,Non-Default
CUST005176,Male,57,Graduate,Salaried,Married,2,68938.0,757.0,2,LN005176,Home,75823.0,12,12.45,6752.75,18.63,17.6,0,Excellent,Rented,North,Approved,Non-Default
CUST005177,Male,35,Graduate,Self-employed,Married,0,43065.0,710.0,0,LN005177,Home,154066.0,48,12.4,4087.47,14.19,11.3,0,Excellent,Mortgage,East,Approved,Non-Default
CUST005178,Male,54,High School,Salaried,Single,0,75937.0,845.0,3,LN005178,Education,102855.0,12,11.4,9109.7,27.03,14.2,2,Excellent,Rented,North,Approved,Non-Default
CUST005179,Male,41,High School,Self-employed,Single,1,56183.0,713.0,2,LN005179,Personal,101281.0,72,16.64,2232.81,11.06,11.8,0,Excellent,Owned,East,Approved,Non-Default
CUST005180,Male,48,Graduate,Salaried,Married,1,53618.0,524.0,2,LN005180,Personal,100794.0,12,18.79,9278.73,19.23,0.0,0,Poor,Owned,West,Approved,Default
CUST005181,Male,37,High School,Salaried,Married,1,41814.0,672.0,1,LN005181,Personal,447122.0,36,19.01,16391.97,66.33,1.5,0,Good,Owned,West,Approved,Non-Default
CUST005182,Male,43,Graduate,Self-employed,Single,1,35029.0,770.0,0,LN005182,Home,557126.0,60,13.78,12899.89,62.82,6.6,1,Excellent,Rented,East,Approved,Non-Default
CUST005183,Male,56,High School,Unemployed,Single,2,69616.0,703.0,2,LN005183,Personal,243802.0,36,14.62,8406.18,21.07,6.2,0,Excellent,Owned,West,Approved,Non-Default
CUST005184,Female,43,Postgraduate,Salaried,Single,2,124528.0,577.0,1,LN005184,Education,68519.0,60,14.87,1625.39,6.28,8.9,0,Fair,Owned,East,Approved,Non-Default
CUST005185,Female,30,Graduate,Salaried,Married,1,37823.0,775.0,0,LN005185,Business,182442.0,12,15.54,16513.43,69.36,11.6,2,Excellent,Rented,South,Approved,Default
CUST005186,Female,49,High School,Self-employed,Single,0,34846.0,720.0,0,LN005186,Home,66686.0,48,13.85,1817.28,13.87,5.0,1,Excellent,Mortgage,South,Rejected,Non-Default
CUST005187,Female,31,Graduate,Salaried,Married,3,77990.0,642.0,3,LN005187,Home,239606.0,36,16.91,8531.88,22.61,3.2,0,Fair,Owned,East,Approved,Non-Default
CUST005188,Female,41,Graduate,Self-employed,Single,0,40941.0,690.0,1,LN005188,Education,181231.0,36,14.6,6246.99,19.81,7.7,1,Good,Mortgage,North,Approved,Non-Default
CUST005189,Male,29,Postgraduate,Salaried,Single,1,43320.0,683.0,2,LN005189,Personal,31635.0,36,15.45,1103.62,10.05,12.3,0,Good,Rented,West,Approved,Non-Default
CUST005190,Male,28,High School,Salaried,Married,3,32937.0,753.0,1,LN005190,Auto,378855.0,36,13.38,12834.57,47.55,14.0,1,Excellent,Mortgage,East,Approved,Non-Default
CUST005191,Male,65,High School,Salaried,Single,1,40233.0,771.0,1,LN005191,Home,51475.0,36,11.98,1709.21,26.01,3.8,1,Excellent,Rented,South,Approved,Non-Default
CUST005192,Female,49,Graduate,Salaried,Single,0,70875.0,715.0,1,LN005192,Business,276126.0,36,14.17,9460.15,9.05,0.0,2,Excellent,Rented,South,Approved,Non-Default
CUST005193,Male,38,High School,Self-employed,Single,0,86721.0,733.0,3,LN005193,Home,20000.0,48,12.61,532.69,19.66,4.9,0,Excellent,Owned,South,Approved,Non-Default
CUST005194,Female,25,High School,Salaried,Married,2,40116.0,776.0,3,LN005194,Personal,121375.0,12,14.38,10919.62,41.0,19.9,0,Excellent,Owned,South,Approved,Non-Default
CUST005195,Male,50,Graduate,Unemployed,Married,3,72917.0,726.0,2,LN005195,Personal,79127.0,36,16.91,2817.55,12.45,13.2,1,Excellent,Rented,South,Approved,Non-Default
CUST005196,Male,48,Graduate,Salaried,Single,0,37232.0,745.0,1,LN005196,Home,157562.0,72,12.88,3152.95,20.92,0.0,0,Excellent,Mortgage,West,Approved,Non-Default
CUST005197,Female,40,High School,Salaried,Divorced,1,44223.0,705.0,0,LN005197,Home,269221.0,24,16.27,13216.66,46.13,6.3,0,Excellent,Owned,South,Approved,Non-Default
CUST005198,Female,52,High School,Salaried,Single,0,102200.0,556.0,0,LN005198,Home,148240.0,48,15.74,4181.45,11.66,4.4,0,Fair,Rented,West,Approved,Default
CUST005199,Female,47,Postgraduate,Salaried,Married,1,56381.0,828.0,2,LN005199,Home,282845.0,36,13.94,9658.73,21.34,5.4,1,Excellent,Mortgage,South,Approved,Default
CUST005200,Female,32,High School,Self-employed,Married,0,112041.0,689.0,0,LN005200,Education,122908.0,24,14.15,5909.88,7.36,7.7,0,Good,Mortgage,South,Approved,Non-Default
CUST005201,Male,39,Graduate,Self-employed,Married,1,97692.0,536.0,0,LN005201,Personal,109688.0,36,16.9,3905.22,14.18,4.5,0,Poor,Owned,East,Approved,Default
CUST005202,Female,45,Graduate,Salaried,Married,2,43980.0,645.0,3,LN005202,Business,116560.0,24,13.27,5556.27,26.88,0.0,0,Fair,Owned,South,Approved,Non-Default
CUST005203,Female,50,Graduate,Self-employed,Married,0,18000.0,725.0,0,LN005203,Personal,157512.0,24,16.22,7728.85,55.19,0.0,0,Excellent,Owned,West,Approved,Non-Default
CUST005204,Female,41,Graduate,Self-employed,Married,2,77940.0,712.0,0,LN005204,Auto,177173.0,36,16.97,6314.06,33.84,9.5,0,Excellent,Owned,West,Approved,Non-Default
CUST005205,Female,42,Graduate,Self-employed,Single,1,98862.0,825.0,1,LN005205,Personal,82953.0,60,13.24,1897.64,5.0,11.7,0,Excellent,Owned,East,Approved,Non-Default
CUST005206,Male,54,Postgraduate,Salaried,Single,3,37175.0,669.0,2,LN005206,Business,107514.0,48,16.17,3056.35,9.23,7.3,1,Good,Rented,West,Approved,Default
CUST005207,Female,29,Postgraduate,Salaried,Single,3,68480.0,653.0,0,LN005207,Home,87058.0,48,14.69,2409.23,22.34,16.2,0,Good,Owned,West,Approved,Non-Default
CUST005208,Male,36,Graduate,Salaried,Single,2,128982.0,684.0,1,LN005208,Home,173790.0,36,16.48,6151.2,25.16,13.7,0,Good,Owned,East,Rejected,Non-Default
CUST005209,Female,25,High School,Salaried,Single,2,59923.0,844.0,2,LN005209,Auto,954679.0,48,14.89,26516.23,63.79,14.7,1,Excellent,Mortgage,East,Approved,Non-Default
CUST005210,Male,36,Postgraduate,Salaried,Single,0,35991.0,574.0,0,LN005210,Auto,165671.0,48,16.47,4735.14,12.36,11.0,0,Fair,Rented,North,Approved,Default
CUST005211,Male,43,,Salaried,Married,1,71758.0,637.0,0,LN005211,Home,117714.0,24,15.25,5721.55,18.06,9.1,0,Fair,Mortgage,South,Approved,Non-Default
CUST005212,Female,36,Graduate,Salaried,Married,2,62064.0,671.0,0,LN005212,Personal,410898.0,60,15.42,9866.06,35.37,8.2,0,Good,Rented,North,Rejected,Non-Default
CUST005213,Male,38,Graduate,Self-employed,Divorced,1,53545.0,602.0,2,LN005213,Education,316886.0,12,15.15,28624.03,71.78,14.0,0,Fair,Owned,East,Approved,Non-Default
CUST005214,Male,43,Graduate,Salaried,Married,1,87326.0,774.0,1,LN005214,Business,143910.0,60,14.33,3373.21,13.82,10.8,1,Excellent,Mortgage,West,Rejected,Non-Default
CUST005215,Female,52,Graduate,Salaried,Married,3,78091.0,686.0,1,LN005215,Business,115311.0,48,15.51,3239.08,20.32,3.1,1,Good,Mortgage,North,Approved,Default
CUST005216,Male,34,Graduate,Salaried,Single,1,28310.0,694.0,1,LN005216,Personal,180108.0,12,15.79,16323.46,75.0,12.6,0,Good,Mortgage,South,Approved,Non-Default
CUST005217,Male,46,High School,Salaried,Married,1,64341.0,768.0,0,LN005217,Business,68600.0,24,14.52,3310.56,14.58,0.1,1,Excellent,Owned,East,Approved,Default
CUST005218,Male,48,High School,Salaried,Married,0,18000.0,681.0,3,LN005218,Auto,272442.0,24,15.47,13270.72,75.0,18.4,0,Good,Mortgage,West,Approved,Non-Default
CUST005219,Male,21,Graduate,Salaried,Single,0,25312.0,597.0,1,LN005219,Education,128021.0,48,15.85,3618.32,26.93,8.4,0,Fair,Rented,West,Approved,Non-Default
CUST005220,Female,34,Postgraduate,Salaried,Married,2,32405.0,593.0,1,LN005220,Auto,45398.0,36,15.22,1578.63,5.0,6.8,1,Fair,Mortgage,North,Approved,Default
CUST005221,Female,52,High School,Salaried,Married,0,78604.0,690.0,1,LN005221,Personal,305035.0,36,15.07,10584.6,23.14,0.0,0,Good,Owned,West,Approved,Non-Default
CUST005222,Female,35,Graduate,Salaried,Divorced,0,112030.0,645.0,0,LN005222,Education,151848.0,60,15.03,3614.84,15.26,16.2,1,Fair,Owned,North,Approved,Default
CUST005223,Female,27,Graduate,Salaried,Married,0,27267.0,656.0,1,LN005223,Personal,162883.0,48,18.58,4834.2,14.83,8.9,0,Good,Rented,North,Approved,Non-Default
CUST005224,Male,27,Graduate,Self-employed,Single,2,45123.0,698.0,1,LN005224,Auto,195416.0,12,13.86,17532.97,54.32,8.8,0,Good,Mortgage,North,Rejected,Non-Default
CUST005225,Male,40,Postgraduate,Salaried,Married,1,51133.0,850.0,0,LN005225,Personal,165496.0,24,14.12,7955.33,19.94,1.5,0,Excellent,Owned,West,Approved,Non-Default
CUST005226,Female,44,Postgraduate,Salaried,Married,1,102686.0,588.0,0,LN005226,Education,330523.0,60,15.09,7878.74,17.18,10.3,0,Fair,Rented,West,Approved,Non-Default
CUST005227,Female,60,Postgraduate,Salaried,Divorced,1,140306.0,551.0,0,LN005227,Home,170294.0,12,15.34,15397.78,22.83,15.8,0,Fair,Mortgage,South,Approved,Non-Default
CUST005228,Female,46,High School,Salaried,Married,2,24349.0,715.0,1,LN005228,Personal,244470.0,36,15.4,8522.6,58.96,8.4,0,Excellent,Rented,South,Approved,Non-Default
CUST005229,Female,45,Graduate,Salaried,Married,0,48184.0,575.0,2,LN005229,Personal,342781.0,60,17.23,8561.44,24.91,13.9,0,Fair,Owned,North,Approved,Non-Default
CUST005230,Male,47,High School,Salaried,Divorced,0,54570.0,585.0,1,LN005230,Personal,236608.0,24,18.12,11826.17,35.06,14.6,0,Fair,Owned,South,Rejected,Default
CUST005231,Female,38,Graduate,Salaried,Divorced,2,53731.0,657.0,2,LN005231,Home,200970.0,60,13.98,4674.14,29.53,6.7,0,Good,Rented,East,Approved,Non-Default
CUST005232,Female,28,Graduate,Salaried,Single,0,86617.0,737.0,1,LN005232,Home,53426.0,12,12.3,4754.34,29.49,6.5,0,Excellent,Rented,East,Rejected,Default
CUST005233,Female,43,High School,Self-employed,Married,1,52248.0,680.0,1,LN005233,Home,141001.0,72,12.64,2803.75,20.12,15.6,0,Good,Owned,West,Rejected,Non-Default
CUST005234,Female,46,Graduate,Salaried,Married,0,64163.0,613.0,0,LN005234,Personal,133186.0,60,18.7,3432.97,14.85,10.0,0,Fair,Rented,South,Approved,Default
CUST005235,Female,53,Graduate,Self-employed,Divorced,3,55322.0,678.0,1,LN005235,Personal,55649.0,60,14.33,1304.4,5.0,8.9,0,Good,Owned,East,Approved,Non-Default
CUST005236,Male,36,High School,Unemployed,Single,1,61113.0,749.0,1,LN005236,Home,401709.0,24,11.5,18816.18,39.4,10.3,1,Excellent,Rented,West,Rejected,Non-Default
CUST005237,Female,25,High School,Salaried,Divorced,1,35143.0,743.0,2,LN005237,Business,121741.0,60,14.93,2891.74,25.63,6.7,0,Excellent,Rented,South,Approved,Non-Default
CUST005238,Male,45,High School,Salaried,Married,0,41515.0,674.0,1,LN005238,Auto,503209.0,60,14.68,11886.95,41.16,1.7,0,Good,Owned,West,Approved,Non-Default
CUST005239,Male,37,Graduate,Salaried,Single,0,26937.0,802.0,1,LN005239,Home,143124.0,60,13.12,3265.31,19.43,11.4,0,Excellent,Rented,North,Approved,Non-Default
CUST005240,Female,46,Graduate,Salaried,Single,0,26052.0,579.0,1,LN005240,Auto,137168.0,60,14.42,3221.61,24.08,2.6,0,Fair,Rented,West,Approved,Non-Default
CUST005241,Female,34,Graduate,Salaried,Married,2,74091.0,706.0,0,LN005241,Home,293943.0,36,15.13,10208.35,35.02,0.0,1,Excellent,Mortgage,South,Approved,Default
CUST005242,Male,40,Graduate,Salaried,Single,3,45694.0,,0,LN005242,Education,64630.0,60,15.7,1561.39,11.51,19.3,0,Fair,Owned,West,Approved,Non-Default
CUST005243,Male,21,Postgraduate,Salaried,Married,1,40567.0,512.0,0,LN005243,Personal,131718.0,36,19.42,4856.27,11.51,8.6,0,Poor,Rented,South,Approved,Non-Default
CUST005244,Female,36,Graduate,Self-employed,Married,1,63871.0,733.0,2,LN005244,Education,204272.0,36,14.04,6985.5,21.48,0.0,1,Excellent,Mortgage,South,Approved,Non-Default
CUST005245,Male,30,Graduate,Self-employed,Single,1,106313.0,710.0,0,LN005245,Home,183139.0,24,14.58,8843.29,25.36,7.5,0,Excellent,Owned,North,Approved,Non-Default
CUST005246,Male,32,Graduate,Salaried,Divorced,0,98267.0,704.0,0,LN005246,Auto,128791.0,36,13.03,4341.34,11.33,2.2,0,Excellent,Mortgage,East,Approved,Non-Default
CUST005247,Male,45,Graduate,Salaried,Single,2,38705.0,724.0,1,LN005247,Auto,360134.0,24,14.06,17301.28,63.31,24.0,0,Excellent,Owned,East,Approved,Default
CUST005248,Male,38,Graduate,Self-employed,Single,1,119926.0,850.0,1,LN005248,Business,100928.0,36,13.97,3448.01,21.03,15.6,0,Excellent,Rented,East,Approved,Non-Default
CUST005249,Female,48,Graduate,Unemployed,Single,0,35813.0,720.0,1,LN005249,Home,347079.0,60,15.44,8337.36,40.64,10.5,0,Excellent,Owned,South,Approved,Non-Default
CUST005250,Female,35,Graduate,Salaried,Divorced,0,32441.0,683.0,0,LN005250,Personal,227620.0,48,17.5,6627.01,36.47,6.5,0,Good,Mortgage,South,Approved,Non-Default
CUST005251,Male,33,Graduate,Salaried,Divorced,3,55648.0,700.0,0,LN005251,Personal,154105.0,36,17.83,5558.13,11.63,5.3,0,Excellent,Owned,East,Approved,Non-Default
CUST005252,Female,36,High School,Self-employed,Single,2,84926.0,504.0,0,LN005252,Business,112819.0,36,19.7,4175.53,8.92,0.0,0,Poor,Mortgage,West,Approved,Non-Default
CUST005253,Female,55,High School,Self-employed,Married,3,63484.0,662.0,1,LN005253,Personal,268063.0,48,15.88,7580.52,25.26,7.0,0,Good,Rented,East,Approved,Non-Default
CUST005254,Male,39,High School,Self-employed,Married,1,68596.0,792.0,3,LN005254,Home,294433.0,36,13.13,9939.06,21.21,13.5,0,Excellent,Owned,South,Approved,Non-Default
CUST005255,Female,36,High School,Self-employed,Married,3,25953.0,757.0,1,LN005255,Home,298261.0,60,12.9,6771.1,48.96,12.6,0,Excellent,Mortgage,North,Approved,Non-Default
CUST005256,Female,55,Graduate,Salaried,Married,0,28473.0,698.0,0,LN005256,Auto,130055.0,60,14.33,3048.45,29.19,1.6,1,Good,Owned,South,Approved,Non-Default
CUST005257,Male,40,Graduate,Salaried,Single,1,56984.0,683.0,0,LN005257,Home,320972.0,24,14.98,15559.81,45.83,10.6,0,Good,Rented,North,Approved,Non-Default
CUST005258,Female,54,Graduate,Salaried,Married,0,44369.0,578.0,0,LN005258,Auto,141529.0,48,14.24,3884.55,11.01,0.6,1,Fair,Rented,West,Rejected,Non-Default
CUST005259,Male,43,High School,Salaried,Single,0,66278.0,739.0,0,LN005259,Education,143162.0,24,13.94,6869.56,20.45,9.1,0,Excellent,Rented,West,Approved,Non-Default
CUST005260,Female,47,Postgraduate,Self-employed,Single,3,46554.0,648.0,1,LN005260,Business,102230.0,48,14.63,2826.0,10.28,0.9,0,Fair,Owned,North,Approved,Default
CUST005261,Female,48,Graduate,Salaried,Single,2,38478.0,693.0,2,LN005261,Auto,198750.0,48,16.18,5650.97,22.82,7.0,0,Good,Owned,North,Approved,Non-Default
CUST005262,Female,39,Graduate,Self-employed,Single,2,32627.0,720.0,0,LN005262,Personal,107048.0,24,15.24,5202.61,39.06,13.0,0,Excellent,Rented,East,Rejected,Non-Default
CUST005263,Female,29,Postgraduate,Salaried,Divorced,1,59823.0,777.0,2,LN005263,Education,67017.0,36,12.53,2242.93,28.71,10.3,0,Excellent,Rented,North,Approved,Non-Default
CUST005264,Male,43,Graduate,Salaried,Single,2,59188.0,687.0,1,LN005264,Personal,193932.0,60,15.55,4669.81,17.04,13.8,0,Good,Rented,West,Approved,Non-Default
CUST005265,Male,44,High School,Salaried,Married,0,65947.0,663.0,2,LN005265,Home,145352.0,36,15.21,5053.64,10.2,5.9,0,Good,Mortgage,East,Approved,Non-Default
CUST005266,Male,34,Graduate,Salaried,Married,1,31767.0,597.0,1,LN005266,Education,75427.0,60,14.08,1758.18,5.0,8.4,1,Fair,Owned,South,Rejected,Non-Default
CUST005267,Female,39,Graduate,Salaried,Married,0,54973.0,724.0,0,LN005267,Business,132074.0,12,15.47,11950.09,42.15,15.5,0,Excellent,Mortgage,West,Rejected,Non-Default
CUST005268,Male,21,Postgraduate,Self-employed,Divorced,0,21486.0,742.0,1,LN005268,Home,302004.0,48,14.73,8363.72,62.99,2.2,1,Excellent,Owned,North,Approved,Non-Default
CUST005269,Male,31,Graduate,Salaried,Single,0,19850.0,669.0,0,LN005269,Business,483207.0,36,15.68,16911.88,75.0,12.4,0,Good,Rented,East,Rejected,Non-Default
CUST005270,Male,30,Graduate,Salaried,Single,1,66586.0,649.0,2,LN005270,Home,193296.0,60,12.92,4390.17,19.72,8.9,0,Fair,Owned,North,Approved,Non-Default
CUST005271,Female,41,High School,Salaried,Married,3,65367.0,561.0,0,LN005271,Home,108677.0,24,14.9,5264.22,6.05,0.0,1,Fair,Mortgage,South,Rejected,Non-Default
CUST005272,Male,47,High School,Unemployed,Married,1,31490.0,760.0,2,LN005272,Home,275986.0,24,14.62,13331.86,63.49,2.3,2,Excellent,Owned,South,Approved,Non-Default
CUST005273,Male,33,Postgraduate,Self-employed,Married,0,63774.0,704.0,0,LN005273,Business,223070.0,36,13.4,7559.16,26.9,8.8,0,Excellent,Rented,North,Approved,Non-Default
CUST005274,Male,39,Graduate,Self-employed,Married,0,64602.0,719.0,1,LN005274,Auto,320464.0,24,11.0,14936.13,39.92,13.1,1,Excellent,Rented,West,Approved,Non-Default
CUST005275,Female,42,Graduate,Self-employed,Divorced,1,64658.0,666.0,2,LN005275,Home,244276.0,48,14.21,6700.96,17.5,7.8,0,Good,Mortgage,North,Approved,Non-Default
CUST005276,Male,49,Graduate,Salaried,Married,0,33884.0,698.0,0,LN005276,Personal,169485.0,60,15.8,4103.56,22.29,7.4,0,Good,Rented,North,Approved,Non-Default
CUST005277,Female,35,Graduate,Self-employed,Married,1,46063.0,667.0,2,LN005277,Home,145455.0,48,14.36,4001.09,22.83,8.8,0,Good,Mortgage,East,Approved,Non-Default
CUST005278,Female,29,High School,Unemployed,Married,1,36972.0,803.0,0,LN005278,Education,66024.0,12,12.81,5891.2,31.61,0.3,1,Excellent,Rented,North,Approved,Non-Default
CUST005279,Female,23,Graduate,Unemployed,Single,2,45582.0,681.0,0,LN005279,Personal,314461.0,60,15.04,7487.61,25.16,8.7,0,Good,Rented,North,Approved,Non-Default
CUST005280,Male,52,High School,Salaried,Single,0,159408.0,636.0,1,LN005280,Home,377912.0,24,12.91,17950.65,22.51,6.7,0,Fair,Rented,South,Approved,Default
CUST005281,Male,41,Graduate,Salaried,Married,0,57915.0,668.0,3,LN005281,Home,69923.0,48,14.98,1945.3,7.74,13.1,0,Good,Mortgage,East,Rejected,Non-Default
CUST005282,Female,34,,Salaried,Married,3,70452.0,747.0,0,LN005282,Personal,108700.0,60,16.03,2645.11,7.03,15.5,0,Excellent,Rented,South,Rejected,Non-Default
CUST005283,Male,51,Graduate,Salaried,Single,0,67995.0,743.0,0,LN005283,Home,205551.0,36,15.68,7194.13,21.52,0.0,0,Excellent,Rented,North,Approved,Non-Default
CUST005284,Male,48,Graduate,Salaried,Married,2,98094.0,761.0,0,LN005284,Business,83548.0,36,13.46,2833.61,5.0,3.4,0,Excellent,Rented,West,Approved,Non-Default
CUST005285,Male,37,Graduate,Self-employed,Married,0,22537.0,649.0,1,LN005285,Auto,280663.0,24,15.59,13687.21,75.0,5.6,0,Fair,Owned,North,Rejected,Default
CUST005286,Male,44,Postgraduate,Self-employed,Married,2,43342.0,,0,LN005286,Personal,205865.0,72,17.08,4588.89,14.81,7.0,0,Good,Owned,East,Approved,Non-Default
CUST005287,Male,33,Graduate,Salaried,Divorced,1,62973.0,685.0,1,LN005287,Home,180724.0,36,14.18,6192.53,30.31,0.7,1,Good,Rented,East,Approved,Non-Default
CUST005288,Male,47,Graduate,Unemployed,Married,1,71643.0,751.0,1,LN005288,Education,495615.0,12,13.95,44488.18,75.0,0.0,0,Excellent,Mortgage,North,Rejected,Non-Default
CUST005289,Female,38,Graduate,Unemployed,Married,0,31025.0,616.0,0,LN005289,Personal,277080.0,72,19.23,6513.76,28.35,1.8,0,Fair,Mortgage,North,Approved,Non-Default
CUST005290,Male,48,Graduate,Self-employed,Married,3,43258.0,667.0,0,LN005290,Auto,666122.0,72,14.69,13973.26,41.24,14.6,1,Good,Mortgage,West,Approved,Non-Default
CUST005291,Female,32,High School,Self-employed,Single,1,35619.0,619.0,1,LN005291,Business,40618.0,36,15.31,1414.21,5.0,16.1,0,Fair,Owned,East,Approved,Non-Default
CUST005292,Male,62,Postgraduate,Salaried,Married,1,37396.0,714.0,1,LN005292,Auto,72705.0,36,14.68,2508.96,9.69,5.6,0,Excellent,Rented,West,Approved,Non-Default
CUST005293,Male,37,Graduate,Salaried,Married,0,105613.0,703.0,0,LN005293,Auto,162247.0,48,13.94,4428.76,20.79,16.1,0,Excellent,Mortgage,West,Approved,Non-Default
CUST005294,Female,48,Graduate,Self-employed,Single,0,87350.0,711.0,1,LN005294,Home,70311.0,48,15.15,1962.16,10.61,6.6,0,Excellent,Rented,South,Approved,Non-Default
CUST005295,Male,30,High School,Salaried,Married,2,48230.0,653.0,0,LN005295,Home,104365.0,48,14.7,2888.71,14.18,9.4,1,Good,Owned,East,Approved,Non-Default
CUST005296,Female,36,High School,Self-employed,Married,0,78649.0,647.0,0,LN005296,Personal,81953.0,12,15.46,7414.74,15.73,8.9,0,Fair,Rented,West,Approved,Default
CUST005297,Male,40,Postgraduate,Salaried,Single,2,48870.0,715.0,1,LN005297,Personal,836078.0,60,15.39,20061.81,47.35,9.0,1,Excellent,Rented,North,Approved,Non-Default
CUST005298,Female,48,High School,Self-employed,Married,1,26320.0,688.0,1,LN005298,Personal,164249.0,36,15.4,5725.97,37.42,5.4,0,Good,Rented,West,Rejected,Non-Default
CUST005299,Male,41,Graduate,Salaried,Single,2,161427.0,657.0,0,LN005299,Personal,257489.0,36,17.75,9276.58,26.58,7.6,0,Good,Owned,North,Approved,Non-Default
CUST005300,Female,23,Graduate,Unemployed,Married,1,29875.0,715.0,2,LN005300,Education,70842.0,12,14.57,6379.71,26.33,17.0,1,Excellent,Rented,West,Rejected,Non-Default
CUST005301,Female,50,Postgraduate,Unemployed,Married,0,37666.0,762.0,0,LN005301,Home,421450.0,12,14.51,37941.99,75.0,1.9,1,Excellent,Mortgage,East,Approved,Default
CUST005302,Female,30,Graduate,Salaried,Single,1,56253.0,625.0,0,LN005302,Business,96846.0,12,16.5,8809.85,28.78,5.5,0,Fair,Mortgage,North,Approved,Non-Default
CUST005303,Female,45,Graduate,Self-employed,Single,1,125951.0,802.0,0,LN005303,Education,449673.0,36,13.62,15285.9,26.45,1.5,0,Excellent,Owned,North,Approved,Non-Default
CUST005304,Male,21,High School,Unemployed,Married,0,43680.0,634.0,0,LN005304,Business,122805.0,72,15.95,2660.49,6.23,2.1,0,Fair,Owned,West,Approved,Non-Default
CUST005305,Male,41,Graduate,Salaried,Married,1,18000.0,638.0,0,LN005305,Auto,124247.0,60,14.39,2916.19,33.73,5.8,0,Fair,Rented,East,Rejected,Non-Default
CUST005306,Female,49,Graduate,Self-employed,Married,3,189106.0,630.0,3,LN005306,Business,82151.0,36,15.44,2865.52,5.0,2.9,2,Fair,Owned,North,Approved,Default
CUST005307,Female,39,Graduate,Self-employed,Married,0,32318.0,724.0,1,LN005307,Auto,233814.0,12,15.06,21110.28,75.0,7.1,0,Excellent,Owned,West,Approved,Non-Default
CUST005308,Female,38,High School,Self-employed,Single,1,51867.0,767.0,1,LN005308,Auto,247285.0,48,12.06,6519.25,22.42,1.1,2,Excellent,Owned,East,Approved,Non-Default
CUST005309,Female,47,Graduate,Self-employed,Married,0,43283.0,690.0,2,LN005309,Personal,273475.0,60,16.88,6778.93,19.43,10.1,0,Good,Owned,East,Approved,Non-Default
CUST005310,Female,44,Graduate,Salaried,Divorced,1,87382.0,628.0,1,LN005310,Personal,427815.0,36,19.31,15749.13,28.63,12.7,0,Fair,Rented,West,Approved,Non-Default
CUST005311,Female,42,Postgraduate,Salaried,Single,0,132594.0,788.0,3,LN005311,Personal,151419.0,24,16.34,7438.57,14.41,12.5,1,Excellent,Rented,South,Approved,Non-Default
CUST005312,Male,55,Graduate,Salaried,Married,0,70795.0,578.0,3,LN005312,Education,261004.0,36,15.26,9081.06,15.42,6.5,0,Fair,Rented,North,Approved,Non-Default
CUST005313,Female,32,High School,Salaried,Married,1,31955.0,597.0,0,LN005313,Business,647506.0,60,17.57,16291.31,60.54,11.8,1,Fair,Mortgage,East,Approved,Default
CUST005314,Female,39,High School,Salaried,Married,0,46219.0,672.0,0,LN005314,Home,54249.0,36,14.19,1859.11,9.81,18.1,0,Good,Owned,West,Approved,Non-Default
CUST005315,Female,55,Graduate,Self-employed,Married,1,28043.0,674.0,2,LN005315,Personal,117940.0,72,17.09,2629.64,23.85,8.7,0,Good,Rented,East,Approved,Non-Default
CUST005316,Female,32,High School,Salaried,Married,3,38159.0,684.0,0,LN005316,Home,192067.0,12,13.35,17186.46,64.99,10.8,2,Good,Owned,East,Approved,Default
CUST005317,Male,45,Postgraduate,Salaried,Single,3,34873.0,706.0,0,LN005317,Business,386878.0,12,14.86,34893.4,75.0,0.0,0,Excellent,Mortgage,South,Approved,Non-Default
CUST005318,Male,57,Graduate,Unemployed,Divorced,1,27363.0,582.0,2,LN005318,Business,86375.0,48,16.85,2485.66,24.5,4.5,1,Fair,Owned,East,Approved,Non-Default
CUST005319,Male,41,Graduate,Self-employed,Divorced,1,56911.0,662.0,0,LN005319,Business,323036.0,48,16.47,9232.88,22.64,4.7,0,Good,Rented,East,Approved,Non-Default
CUST005320,Female,61,Graduate,Salaried,Married,2,81824.0,737.0,0,LN005320,Home,146885.0,48,12.37,3894.78,13.42,8.5,0,Excellent,Rented,North,Approved,Non-Default
CUST005321,Female,38,High School,Salaried,Divorced,2,122329.0,704.0,1,LN005321,Auto,247970.0,48,15.91,7016.11,18.63,18.5,0,Excellent,Rented,West,Approved,Non-Default
CUST005322,Female,21,Graduate,Unemployed,Single,1,68158.0,609.0,0,LN005322,Business,137467.0,60,19.3,3588.7,5.0,4.8,0,Fair,Mortgage,North,Approved,Non-Default
CUST005323,Female,37,Graduate,Salaried,Married,1,73560.0,581.0,1,LN005323,Personal,77015.0,24,15.54,3753.99,14.95,7.0,1,Fair,Owned,East,Approved,Default
CUST005324,Male,39,High School,Self-employed,Divorced,1,105341.0,686.0,0,LN005324,Personal,222339.0,12,17.12,20291.04,23.26,4.8,0,Good,Owned,East,Approved,Non-Default
CUST005325,Male,25,Graduate,Salaried,Single,0,171222.0,721.0,1,LN005325,Auto,186525.0,72,13.4,3783.82,8.16,12.5,1,Excellent,Owned,East,Approved,Non-Default
CUST005326,Female,39,High School,Self-employed,Married,1,40914.0,706.0,1,LN005326,Home,191737.0,24,12.45,9066.07,31.02,0.0,1,Excellent,Owned,South,Approved,Non-Default
CUST005327,Male,63,High School,Unemployed,Married,1,41025.0,553.0,0,LN005327,Business,120075.0,36,17.49,4310.34,20.33,14.6,0,Fair,Mortgage,East,Approved,Non-Default
CUST005328,Male,32,High School,Salaried,Married,1,35373.0,691.0,0,LN005328,Home,102104.0,36,16.0,3589.67,19.82,5.0,0,Good,Owned,East,Approved,Non-Default
CUST005329,Female,46,Graduate,Salaried,Married,3,49589.0,696.0,1,LN005329,Business,89599.0,48,16.55,2564.57,20.74,6.5,1,Good,Mortgage,North,Approved,Non-Default
CUST005330,Male,32,High School,Salaried,Single,3,75546.0,748.0,3,LN005330,Home,172929.0,72,12.63,3437.72,8.79,10.1,0,Excellent,Owned,North,Approved,Non-Default
CUST005331,Male,36,Graduate,Salaried,Married,1,47823.0,682.0,2,LN005331,Home,217897.0,24,16.04,10673.08,29.87,9.5,0,Good,Owned,East,Approved,Non-Default
CUST005332,Male,52,Graduate,Salaried,Married,1,41039.0,677.0,0,LN005332,Auto,462680.0,48,12.66,12334.61,47.6,8.9,2,Good,Mortgage,North,Rejected,Non-Default
CUST005333,Female,50,High School,Salaried,Married,1,116004.0,715.0,0,LN005333,Business,180616.0,48,15.78,5098.38,16.82,13.1,0,Excellent,Owned,North,Approved,Non-Default
CUST005334,Female,44,Graduate,Salaried,Married,0,92331.0,651.0,1,LN005334,Home,159036.0,60,15.05,3787.63,23.71,13.4,0,Good,Mortgage,West,Approved,Non-Default
CUST005335,Male,50,Graduate,Salaried,Single,0,57286.0,614.0,1,LN005335,Education,327816.0,48,13.98,8954.77,33.47,7.4,0,Fair,Rented,East,Approved,Non-Default
CUST005336,Female,44,Graduate,Salaried,Single,2,32974.0,606.0,1,LN005336,Personal,78581.0,72,17.6,1774.54,6.1,2.3,0,Fair,Rented,West,Approved,Default
CUST005337,Male,40,Graduate,Self-employed,Married,0,68837.0,613.0,0,LN005337,Education,202997.0,36,17.3,7267.74,10.3,9.3,0,Fair,Owned,South,Approved,Non-Default
CUST005338,Male,34,Graduate,Salaried,Married,3,27411.0,789.0,0,LN005338,Personal,139478.0,24,14.94,6758.85,22.96,12.9,0,Excellent,Owned,West,Approved,Non-Default
CUST005339,Female,22,Graduate,Salaried,Married,1,74801.0,680.0,1,LN005339,Auto,22764.0,60,16.47,559.28,5.0,0.0,2,Good,Owned,South,Approved,Non-Default
CUST005340,Male,55,High School,Salaried,Single,1,35255.0,739.0,3,LN005340,Home,1058789.0,24,13.88,50775.51,75.0,1.1,0,Excellent,Rented,West,Approved,Non-Default
CUST005341,Male,24,Postgraduate,Self-employed,Single,0,41993.0,781.0,0,LN005341,Education,176175.0,72,12.46,3486.54,15.06,4.2,0,Excellent,Rented,South,Approved,Non-Default
CUST005342,Male,34,Graduate,Unemployed,Divorced,2,57578.0,634.0,2,LN005342,Auto,52075.0,60,13.81,1206.57,11.97,0.0,0,Fair,Owned,East,Approved,Non-Default
CUST005343,Male,38,Postgraduate,Salaried,Married,1,103293.0,700.0,0,LN005343,Personal,375798.0,48,15.82,10615.61,8.09,6.4,0,Excellent,Mortgage,East,Approved,Default
CUST005344,Female,31,Graduate,Salaried,Married,0,90207.0,700.0,0,LN005344,Personal,45543.0,72,15.69,980.15,12.86,0.0,0,Excellent,Mortgage,West,Approved,Non-Default
CUST005345,Female,33,Graduate,Salaried,Single,2,133747.0,630.0,0,LN005345,Personal,94936.0,48,20.37,2907.69,8.88,4.7,0,Fair,Rented,East,Approved,Non-Default
CUST005346,Female,55,High School,Self-employed,Married,0,50412.0,664.0,2,LN005346,Home,377295.0,48,14.34,10374.61,29.82,0.0,1,Good,Owned,West,Approved,Non-Default
CUST005347,Female,47,Graduate,Salaried,Single,1,53822.0,718.0,2,LN005347,Personal,144206.0,36,15.16,5010.25,15.98,0.0,0,Excellent,Rented,West,Rejected,Non-Default
CUST005348,Male,41,Graduate,Salaried,Single,0,86955.0,744.0,3,LN005348,Education,175010.0,48,13.5,4738.63,9.93,6.7,1,Excellent,Rented,East,Approved,Non-Default
CUST005349,Female,21,Graduate,Salaried,Single,2,28352.0,654.0,1,LN005349,Personal,148757.0,48,16.42,4247.88,14.47,0.0,0,Good,Mortgage,South,Approved,Non-Default
CUST005350,Male,46,High School,Salaried,Single,2,39393.0,773.0,1,LN005350,Home,175145.0,24,15.07,8498.02,30.58,8.9,0,Excellent,Rented,North,Approved,Non-Default
CUST005351,Male,37,High School,Self-employed,Married,2,43769.0,669.0,0,LN005351,Personal,109084.0,24,17.24,5405.95,24.39,12.4,0,Good,Rented,East,Approved,Non-Default
CUST005352,Male,52,Postgraduate,Unemployed,Married,0,70714.0,695.0,2,LN005352,Home,193685.0,60,13.94,4500.69,7.6,12.6,0,Good,Rented,West,Approved,Non-Default
CUST005353,Female,43,High School,Salaried,Married,1,68615.0,720.0,0,LN005353,Home,269146.0,48,13.47,7283.46,5.0,4.7,1,Excellent,Mortgage,West,Approved,Non-Default
CUST005354,Male,21,High School,Self-employed,Married,0,30638.0,657.0,2,LN005354,Auto,409247.0,48,14.92,11373.06,41.13,8.6,0,Good,Mortgage,West,Approved,Non-Default
CUST005355,Female,50,Graduate,Self-employed,Married,3,60653.0,663.0,3,LN005355,Education,214332.0,36,18.04,7752.92,31.21,7.0,1,Good,Rented,South,Approved,Non-Default
CUST005356,Male,51,Postgraduate,Salaried,Married,0,43014.0,675.0,2,LN005356,Education,285383.0,24,13.02,13570.31,38.26,8.4,0,Good,Owned,North,Rejected,Non-Default
CUST005357,Male,38,Postgraduate,Self-employed,Single,3,44809.0,658.0,3,LN005357,Personal,60620.0,12,16.75,5521.64,8.4,4.3,2,Good,Owned,East,Rejected,Non-Default
CUST005358,Male,38,Postgraduate,Self-employed,Married,1,46551.0,622.0,1,LN005358,Personal,323977.0,48,15.27,9060.93,34.29,0.0,0,Fair,Mortgage,East,Rejected,Non-Default
CUST005359,Female,43,High School,Salaried,Divorced,0,46272.0,841.0,1,LN005359,Auto,325938.0,12,12.52,29038.54,75.0,11.8,2,Excellent,Owned,West,Approved,Default
CUST005360,Male,32,High School,Salaried,Divorced,0,18454.0,662.0,2,LN005360,Auto,126567.0,24,14.19,6088.21,58.29,0.0,0,Good,Rented,West,Approved,Non-Default
CUST005361,Male,46,Graduate,Salaried,Married,2,59787.0,669.0,0,LN005361,Personal,295751.0,36,16.58,10482.61,34.42,9.1,0,Good,Owned,West,Approved,Default
CUST005362,Female,42,High School,Self-employed,Married,0,97007.0,538.0,3,LN005362,Personal,163963.0,60,16.66,4044.99,13.42,10.3,0,Poor,Rented,East,Approved,Default
CUST005363,Male,46,High School,Self-employed,Divorced,0,33525.0,560.0,0,LN005363,Education,259178.0,72,16.2,5650.63,34.73,1.0,0,Fair,Owned,West,Approved,Default
CUST005364,Male,52,Graduate,Self-employed,Single,2,66235.0,652.0,1,LN005364,Education,50338.0,24,13.73,2410.46,15.78,18.5,1,Good,Rented,North,Approved,Non-Default
CUST005365,Female,53,Graduate,Salaried,Married,0,18000.0,665.0,1,LN005365,Auto,430148.0,24,15.92,21044.95,75.0,18.6,2,Good,Rented,East,Approved,Default
CUST005366,Male,50,Graduate,Salaried,Married,0,103794.0,621.0,0,LN005366,Business,101850.0,48,15.63,2867.19,17.03,14.2,0,Fair,Mortgage,North,Approved,Non-Default
CUST005367,Female,43,High School,Salaried,Married,0,36446.0,762.0,1,LN005367,Home,138833.0,12,15.04,12533.45,52.7,9.5,0,Excellent,Rented,East,Approved,Non-Default
CUST005368,Male,43,High School,Salaried,Single,0,94810.0,636.0,1,LN005368,Home,143290.0,48,14.69,3965.39,19.13,10.9,1,Fair,Mortgage,North,Approved,Non-Default
CUST005369,Male,53,High School,Salaried,Single,2,87102.0,716.0,2,LN005369,Auto,87357.0,24,13.28,4164.61,12.48,7.2,0,Excellent,Owned,West,Approved,Non-Default
CUST005370,Male,51,High School,Unemployed,Married,0,85024.0,738.0,0,LN005370,Education,114418.0,60,14.97,2720.19,15.79,5.6,0,Excellent,Owned,West,Approved,Non-Default
CUST005371,Male,30,Graduate,Unemployed,Married,1,48275.0,740.0,0,LN005371,Personal,245111.0,60,15.09,5842.76,9.25,18.9,0,Excellent,Rented,West,Approved,Non-Default
CUST005372,Male,31,Graduate,Self-employed,Married,2,57043.0,655.0,0,LN005372,Education,339859.0,48,15.3,9510.29,22.7,1.0,1,Good,Rented,East,Approved,Non-Default
CUST005373,Female,24,Graduate,Salaried,Married,2,90671.0,693.0,1,LN005373,Home,208003.0,48,11.82,5459.15,17.21,0.0,0,Good,Mortgage,West,Approved,Non-Default
CUST005374,Male,28,High School,Salaried,Married,0,66559.0,779.0,0,LN005374,Business,247770.0,48,11.22,6430.25,20.84,3.1,0,Excellent,Owned,West,Approved,Non-Default
CUST005375,Male,53,High School,Salaried,Single,3,31999.0,602.0,1,LN005375,Home,240751.0,36,14.85,8328.04,40.97,1.4,0,Fair,Owned,East,Approved,Non-Default
CUST005376,Male,30,Graduate,Salaried,Married,2,45049.0,566.0,0,LN005376,Personal,440584.0,12,16.52,40083.06,75.0,7.9,0,Fair,Rented,North,Rejected,Default
CUST005377,Male,40,Postgraduate,Self-employed,Married,0,76886.0,585.0,0,LN005377,Auto,184133.0,36,15.77,6452.68,26.75,17.3,1,Fair,Rented,East,Approved,Default
CUST005378,Male,51,Postgraduate,Salaried,Married,0,45688.0,570.0,2,LN005378,Home,321144.0,12,16.74,29250.25,75.0,3.2,0,Fair,Rented,South,Approved,Non-Default
CUST005379,Female,36,High School,Self-employed,Single,0,38643.0,836.0,1,LN005379,Home,366269.0,36,12.73,12293.47,50.27,8.9,0,Excellent,Rented,East,Approved,Non-Default
CUST005380,Male,45,High School,Salaried,Married,1,57050.0,792.0,2,LN005380,Education,115940.0,36,12.52,3879.73,14.06,0.0,1,Excellent,Owned,West,Approved,Default
CUST005381,Female,29,,Self-employed,Married,1,57700.0,718.0,2,LN005381,Personal,126334.0,24,18.79,6355.44,26.17,5.5,2,Excellent,Rented,North,Approved,Non-Default
CUST005382,Female,37,High School,Self-employed,Married,0,65710.0,758.0,0,LN005382,Personal,232470.0,12,13.59,20827.99,38.81,2.7,0,Excellent,Rented,North,Approved,Non-Default
CUST005383,Female,48,Graduate,Self-employed,Married,1,41030.0,697.0,0,LN005383,Home,278240.0,60,14.36,6526.21,26.37,15.5,0,Good,Mortgage,South,Approved,Non-Default
CUST005384,Male,38,High School,Salaried,Single,0,66413.0,727.0,0,LN005384,Personal,295493.0,36,15.3,10286.83,33.19,6.2,0,Excellent,Rented,North,Approved,Non-Default
CUST005385,Female,53,High School,Salaried,Married,1,81948.0,708.0,0,LN005385,Home,119570.0,48,12.09,3154.02,31.29,3.9,0,Excellent,Rented,South,Approved,Non-Default
CUST005386,Female,36,Graduate,Unemployed,Married,0,140047.0,704.0,0,LN005386,Auto,149239.0,36,12.15,4967.57,5.0,9.2,0,Excellent,Owned,North,Rejected,Non-Default
CUST005387,Male,33,Graduate,Salaried,Single,1,64563.0,700.0,3,LN005387,Business,285173.0,72,16.57,6275.77,31.01,17.2,0,Excellent,Mortgage,North,Approved,Non-Default
CUST005388,Female,28,Graduate,Salaried,Single,0,62012.0,752.0,0,LN005388,Personal,72049.0,36,15.94,2530.9,8.25,2.6,0,Excellent,Rented,South,Approved,Default
CUST005389,Female,34,High School,Salaried,Single,0,91570.0,730.0,0,LN005389,Home,62168.0,36,15.48,2169.72,6.88,14.1,1,Excellent,Owned,East,Approved,Non-Default
CUST005390,Female,48,High School,Salaried,Single,1,41030.0,759.0,1,LN005390,Home,151073.0,48,12.79,4037.18,33.76,8.4,0,Excellent,Owned,West,Approved,Non-Default
CUST005391,Female,34,High School,Salaried,Married,2,37603.0,763.0,0,LN005391,Business,583510.0,12,15.82,52892.67,75.0,6.3,1,Excellent,Rented,East,Approved,Default
CUST005392,Male,47,High School,Salaried,Married,0,59955.0,684.0,1,LN005392,Home,109189.0,60,14.49,2568.46,10.04,0.0,0,Good,Owned,West,Approved,Non-Default
CUST005393,Female,52,Graduate,Salaried,Married,0,126665.0,703.0,2,LN005393,Auto,129039.0,60,15.99,3137.29,15.66,1.9,0,Excellent,Owned,East,Approved,Non-Default
CUST005394,Male,55,Graduate,Self-employed,Married,0,47349.0,599.0,0,LN005394,Home,310012.0,24,16.02,15182.11,40.46,12.3,0,Fair,Mortgage,North,Rejected,Default
CUST005395,Male,38,Graduate,Salaried,Single,0,53227.0,775.0,0,LN005395,Business,61260.0,60,16.32,1500.16,14.06,0.0,0,Excellent,Rented,West,Approved,Non-Default
CUST005396,Female,49,Graduate,Salaried,Married,0,33200.0,607.0,2,LN005396,Home,259444.0,48,15.85,7332.8,36.14,0.4,0,Fair,Rented,East,Approved,Non-Default
CUST005397,Male,26,Graduate,Salaried,Single,1,30302.0,773.0,2,LN005397,Personal,108814.0,24,15.69,5311.77,24.01,2.2,0,Excellent,Rented,South,Approved,Non-Default
CUST005398,Female,22,Graduate,Salaried,Single,0,29525.0,560.0,0,LN005398,Personal,467198.0,72,17.76,10592.47,54.15,13.7,0,Fair,Owned,West,Approved,Default
CUST005399,Female,31,Postgraduate,Salaried,Single,1,144094.0,605.0,2,LN005399,Home,256022.0,48,15.73,7220.38,5.0,3.5,1,Fair,Owned,East,Approved,Default
CUST005400,Male,50,High School,Unemployed,Married,2,88808.0,619.0,0,LN005400,Business,350801.0,36,15.04,12167.5,33.95,9.4,0,Fair,Rented,South,Approved,Non-Default
CUST005401,Female,37,High School,Self-employed,Married,0,74605.0,670.0,0,LN005401,Home,159322.0,72,17.78,3614.0,15.83,15.8,1,Good,Owned,West,Approved,Non-Default
CUST005402,Male,44,Graduate,Unemployed,Married,0,58599.0,701.0,0,LN005402,Education,205346.0,36,16.64,7284.41,29.59,0.0,0,Excellent,Rented,North,Approved,Non-Default
CUST005403,Female,43,Graduate,Salaried,Married,0,110004.0,639.0,0,LN005403,Personal,413155.0,48,16.24,11759.77,7.73,5.3,0,Fair,Owned,East,Approved,Default
CUST005404,Female,55,Graduate,Salaried,Married,1,33751.0,696.0,3,LN005404,Personal,144654.0,72,18.57,3346.02,22.87,18.1,0,Good,Mortgage,East,Approved,Non-Default
CUST005405,Female,40,High School,Salaried,Married,2,68255.0,714.0,0,LN005405,Auto,77832.0,12,15.43,7040.79,19.5,16.5,0,Excellent,Mortgage,North,Approved,Non-Default
CUST005406,Female,31,High School,Salaried,Married,2,58640.0,653.0,2,LN005406,Personal,172057.0,48,15.71,4850.63,20.28,12.1,2,Good,Rented,South,Approved,Non-Default
CUST005407,Female,32,Graduate,Self-employed,Single,3,40196.0,643.0,1,LN005407,Auto,180372.0,48,14.16,4943.42,19.1,13.6,0,Fair,Owned,West,Approved,Non-Default
CUST005408,Male,34,Graduate,Salaried,Married,1,29837.0,670.0,0,LN005408,Business,163624.0,36,16.03,5754.96,36.74,15.2,0,Good,Mortgage,West,Approved,Non-Default
CUST005409,Male,25,Graduate,Self-employed,Single,2,103732.0,769.0,1,LN005409,Home,456907.0,48,11.36,11889.04,26.03,5.2,1,Excellent,Rented,South,Approved,Non-Default
CUST005410,Female,39,Graduate,Self-employed,Married,0,42209.0,715.0,1,LN005410,Home,99360.0,72,14.8,2090.19,21.06,5.8,0,Excellent,Owned,South,Approved,Non-Default
CUST005411,Female,32,High School,Salaried,Married,1,52455.0,775.0,1,LN005411,Business,78163.0,36,13.25,2643.04,13.56,6.3,0,Excellent,Owned,West,Approved,Non-Default
CUST005412,Female,50,Graduate,Self-employed,Married,0,83385.0,642.0,0,LN005412,Home,241107.0,36,14.69,8321.5,18.8,7.7,1,Fair,Rented,North,Approved,Non-Default
CUST005413,Male,36,High School,Salaried,Divorced,1,23694.0,629.0,0,LN005413,Education,172912.0,48,13.23,4658.56,38.43,0.0,1,Fair,Mortgage,North,Approved,Non-Default
CUST005414,Female,46,Graduate,Salaried,Single,0,44073.0,806.0,0,LN005414,Home,277612.0,60,12.88,6299.49,28.0,16.7,0,Excellent,Rented,South,Approved,Non-Default
CUST005415,Female,42,Graduate,Unemployed,Married,0,76480.0,696.0,2,LN005415,Home,52116.0,60,13.93,1210.76,5.0,12.1,0,Good,Rented,South,Approved,Non-Default
CUST005416,Male,44,High School,Unemployed,Single,1,78593.0,797.0,1,LN005416,Education,307850.0,36,13.11,10389.0,16.11,4.5,0,Excellent,Owned,East,Approved,Non-Default
CUST005417,Female,40,High School,Self-employed,Married,0,24663.0,598.0,0,LN005417,Home,225409.0,48,15.19,6295.03,43.67,6.6,0,Fair,Rented,South,Rejected,Non-Default
CUST005418,Male,49,Graduate,Salaried,Single,0,45807.0,647.0,1,LN005418,Education,261518.0,48,16.43,7469.21,26.18,16.8,0,Fair,Rented,West,Approved,Non-Default
CUST005419,Female,28,Graduate,Salaried,Married,1,98325.0,664.0,1,LN005419,Personal,119043.0,12,15.74,10786.23,28.11,12.4,0,Good,Rented,North,Approved,Non-Default
CUST005420,Female,46,Graduate,Salaried,Married,2,99534.0,632.0,0,LN005420,Auto,147498.0,48,15.94,4175.6,26.9,8.3,0,Fair,Owned,East,Approved,Non-Default
CUST005421,Female,44,Graduate,Salaried,Divorced,2,45165.0,686.0,2,LN005421,Personal,174575.0,36,16.82,6208.45,25.86,7.1,0,Good,Owned,East,Approved,Non-Default
CUST005422,Female,41,High School,Unemployed,Single,0,56207.0,734.0,3,LN005422,Personal,171534.0,48,16.71,4923.92,20.71,13.6,0,Excellent,Mortgage,West,Approved,Non-Default
CUST005423,Female,41,Graduate,Salaried,Single,3,146081.0,633.0,0,LN005423,Personal,174774.0,36,16.24,6165.26,22.56,3.3,0,Fair,Owned,South,Approved,Non-Default
CUST005424,Male,44,High School,Salaried,Single,0,49300.0,694.0,1,LN005424,Education,215948.0,72,16.57,4752.34,17.46,9.6,1,Good,Rented,East,Rejected,Non-Default
CUST005425,Female,44,Postgraduate,Self-employed,Married,1,92207.0,681.0,3,LN005425,Home,314702.0,48,16.18,8947.78,18.82,10.9,0,Good,Mortgage,West,Rejected,Non-Default
CUST005426,Female,47,Graduate,Salaried,Married,1,60236.0,737.0,0,LN005426,Education,632006.0,24,13.03,30055.62,69.97,13.6,0,Excellent,Owned,South,Approved,Non-Default
CUST005427,Male,35,Graduate,Unemployed,Married,0,69211.0,574.0,0,LN005427,Home,158710.0,36,16.15,5591.53,13.92,0.5,1,Fair,Rented,North,Approved,Default
CUST005428,Male,39,Postgraduate,Salaried,Married,0,50871.0,656.0,1,LN005428,Auto,378482.0,48,14.14,10369.18,32.66,14.7,0,Good,Owned,East,Approved,Default
CUST005429,Female,41,Graduate,Self-employed,Married,1,105143.0,612.0,1,LN005429,Business,357655.0,12,17.66,32731.96,42.14,8.4,0,Fair,Rented,North,Rejected,Non-Default
CUST005430,Male,54,High School,Salaried,Married,1,109934.0,672.0,2,LN005430,Education,261353.0,48,13.57,7085.61,14.73,1.5,0,Good,Rented,West,Approved,Non-Default
CUST005431,Male,41,Graduate,Self-employed,Married,3,135656.0,661.0,2,LN005431,Auto,199806.0,48,13.65,5424.98,12.42,7.6,0,Good,Rented,East,Approved,Non-Default
CUST005432,Male,47,High School,Salaried,Single,2,70986.0,628.0,0,LN005432,Education,128568.0,36,16.0,4520.07,18.52,14.4,0,Fair,Owned,West,Approved,Non-Default
CUST005433,Male,37,Postgraduate,Salaried,Single,0,42192.0,731.0,2,LN005433,Home,175370.0,48,12.99,4703.87,14.42,4.2,1,Excellent,Rented,South,Approved,Non-Default
CUST005434,Male,52,Graduate,Salaried,Married,0,42294.0,716.0,1,LN005434,Personal,100816.0,48,15.91,2852.51,16.39,8.0,1,Excellent,Rented,South,Approved,Non-Default
CUST005435,Female,28,High School,Salaried,Single,0,114272.0,710.0,1,LN005435,Education,115836.0,24,13.96,5559.43,14.19,12.3,0,Excellent,Rented,East,Approved,Non-Default
CUST005436,Male,42,High School,Salaried,Married,3,76612.0,758.0,0,LN005436,Personal,117387.0,36,14.5,4040.58,25.2,15.3,0,Excellent,Owned,West,Approved,Non-Default
CUST005437,Male,36,High School,Salaried,Single,0,74756.0,709.0,0,LN005437,Personal,302222.0,12,17.36,27615.74,59.0,6.9,0,Excellent,Rented,East,Rejected,Non-Default
CUST005438,Female,43,High School,Salaried,Single,2,21568.0,514.0,2,LN005438,Auto,282437.0,36,14.46,9716.25,63.17,8.4,0,Poor,Owned,West,Approved,Default
CUST005439,Female,31,High School,Salaried,Married,1,50965.0,662.0,1,LN005439,Business,223350.0,36,15.47,7794.01,30.25,0.0,1,Good,Mortgage,East,Approved,Non-Default
CUST005440,Male,38,Postgraduate,Salaried,Married,0,50370.0,731.0,0,LN005440,Education,230401.0,24,12.91,10943.95,43.21,0.5,0,Excellent,Rented,South,Approved,Non-Default
CUST005441,Male,25,Postgraduate,Salaried,Single,0,19191.0,848.0,2,LN005441,Home,103741.0,12,11.3,9183.33,63.79,11.8,1,Excellent,Rented,East,Rejected,Non-Default
CUST005442,Female,28,Graduate,Salaried,Married,0,106913.0,768.0,3,LN005442,Home,58234.0,36,14.57,2006.46,7.94,0.7,0,Excellent,Owned,South,Approved,Non-Default
CUST005443,Female,39,Graduate,Salaried,Divorced,2,95109.0,735.0,0,LN005443,Home,189880.0,48,11.91,4991.88,11.82,1.4,0,Excellent,Rented,East,Approved,Non-Default
CUST005444,Female,34,Graduate,Salaried,Divorced,3,78817.0,671.0,2,LN005444,Personal,192888.0,36,17.65,6939.54,14.5,0.1,0,Good,Owned,West,Approved,Non-Default
CUST005445,Female,44,High School,Self-employed,Single,1,37888.0,648.0,2,LN005445,Auto,152673.0,36,14.98,5290.96,25.22,0.0,0,Fair,Owned,East,Approved,Non-Default
CUST005446,Female,37,Graduate,Self-employed,Married,0,59098.0,783.0,1,LN005446,Education,102982.0,24,13.75,4932.31,21.98,6.6,0,Excellent,Rented,East,Approved,Non-Default
CUST005447,Male,41,High School,Salaried,Single,0,91320.0,787.0,0,LN005447,Auto,86272.0,12,11.51,7645.4,15.54,6.5,0,Excellent,Rented,West,Approved,Default
CUST005448,Male,21,High School,Self-employed,Married,0,42292.0,684.0,0,LN005448,Business,341732.0,36,16.01,12015.97,28.55,9.5,0,Good,Rented,North,Approved,Non-Default
CUST005449,Female,34,High School,Self-employed,Divorced,3,39190.0,718.0,1,LN005449,Personal,299406.0,36,16.81,10646.35,31.24,2.3,0,Excellent,Mortgage,West,Approved,Non-Default
CUST005450,Male,21,High School,Salaried,Single,2,59205.0,611.0,1,LN005450,Auto,83358.0,36,13.93,2846.15,12.94,17.2,2,Fair,Owned,South,Rejected,Non-Default
CUST005451,Male,43,High School,Self-employed,Divorced,1,39419.0,737.0,1,LN005451,Auto,88304.0,60,15.65,2130.99,11.24,0.0,0,Excellent,Rented,North,Approved,Non-Default
CUST005452,Female,40,Graduate,Salaried,Single,2,49174.0,683.0,1,LN005452,Personal,280434.0,36,17.46,10062.56,34.32,14.3,0,Good,Owned,East,Approved,Non-Default
CUST005453,Male,68,Graduate,Self-employed,Divorced,0,57593.0,795.0,1,LN005453,Education,173639.0,60,14.17,4055.6,20.7,12.4,0,Excellent,Rented,South,Approved,Non-Default
CUST005454,Male,29,Graduate,Salaried,Married,2,59923.0,753.0,0,LN005454,Auto,120005.0,48,14.85,3330.71,5.0,15.0,1,Excellent,Owned,North,Approved,Non-Default
CUST005455,Male,43,Graduate,Self-employed,Married,3,128199.0,647.0,1,LN005455,Education,167865.0,60,15.17,4008.49,16.87,0.3,0,Fair,Owned,West,Approved,Non-Default
CUST005456,Male,32,Graduate,Self-employed,Married,0,45824.0,688.0,1,LN005456,Personal,255246.0,24,14.91,12365.11,43.52,4.7,0,Good,Owned,West,Approved,Non-Default
CUST005457,Female,43,High School,Salaried,Married,1,32628.0,677.0,3,LN005457,Home,122120.0,36,14.82,4222.57,22.39,16.5,0,Good,Mortgage,West,Rejected,Non-Default
CUST005458,Female,51,High School,Salaried,Married,0,85021.0,623.0,2,LN005458,Personal,160550.0,24,16.99,7937.18,21.98,9.9,0,Fair,Owned,East,Approved,Non-Default
CUST005459,Male,42,High School,Self-employed,Married,3,40773.0,633.0,1,LN005459,Personal,129634.0,72,17.79,2941.3,9.58,12.2,0,Fair,Owned,West,Approved,Non-Default
CUST005460,Male,49,High School,Salaried,Married,0,71150.0,669.0,0,LN005460,Home,129517.0,24,15.34,6300.79,29.56,8.2,0,Good,Owned,East,Rejected,Non-Default
CUST005461,Male,51,Graduate,Salaried,Married,0,18000.0,667.0,3,LN005461,Business,262243.0,48,15.21,7326.37,53.0,12.5,0,Good,Rented,West,Approved,Non-Default
CUST005462,Female,27,Postgraduate,Self-employed,Divorced,2,26792.0,743.0,0,LN005462,Personal,271905.0,24,15.88,13297.73,62.23,19.4,0,Excellent,Rented,West,Approved,Default
CUST005463,Male,46,Graduate,Unemployed,Married,0,42066.0,701.0,0,LN005463,Home,131092.0,36,14.49,4511.68,19.35,5.6,1,Excellent,Rented,West,Approved,Non-Default
CUST005464,Male,31,Graduate,Self-employed,Married,0,82331.0,572.0,1,LN005464,Home,207342.0,36,17.19,7411.93,14.85,0.8,0,Fair,Owned,South,Approved,Non-Default
CUST005465,Female,33,Graduate,Unemployed,Married,0,18000.0,747.0,3,LN005465,Personal,193369.0,36,16.16,6813.56,57.35,11.8,1,Excellent,Rented,East,Approved,Default
CUST005466,Female,47,Graduate,Salaried,Single,0,32358.0,707.0,2,LN005466,Home,112817.0,36,14.95,3908.08,22.94,10.2,0,Excellent,Owned,West,Approved,Non-Default
CUST005467,Female,44,Graduate,Salaried,Married,0,66551.0,695.0,3,LN005467,Personal,76826.0,48,15.69,2165.09,5.0,6.3,0,Good,Mortgage,West,Rejected,Non-Default
CUST005468,Female,48,High School,Salaried,Divorced,2,56385.0,652.0,1,LN005468,Personal,318669.0,12,17.81,29186.76,67.92,7.3,0,Good,Rented,East,Approved,Non-Default
CUST005469,Male,44,High School,Salaried,Single,1,52219.0,695.0,1,LN005469,Home,699941.0,48,15.22,19558.03,50.69,14.6,0,Good,Owned,North,Approved,Non-Default
CUST005470,Male,32,High School,Unemployed,Married,0,18514.0,722.0,2,LN005470,Home,92508.0,36,15.5,3229.52,29.77,9.7,0,Excellent,Owned,North,Approved,Non-Default
CUST005471,Male,37,Graduate,Unemployed,Single,1,36212.0,630.0,0,LN005471,Auto,115160.0,12,16.02,10449.66,40.05,5.4,3,Fair,Mortgage,West,Approved,Default
CUST005472,Male,38,Postgraduate,Salaried,Married,0,30936.0,756.0,2,LN005472,Education,118135.0,72,13.95,2431.1,16.99,7.2,1,Excellent,Owned,South,Approved,Non-Default
CUST005473,Male,36,High School,Self-employed,Single,3,40867.0,653.0,0,LN005473,Home,425593.0,60,14.73,10064.61,35.68,6.9,0,Good,Rented,South,Rejected,Non-Default
CUST005474,Male,42,Graduate,Salaried,Single,3,32346.0,716.0,2,LN005474,Personal,195672.0,60,17.49,4914.66,29.03,7.6,2,Excellent,Rented,South,Rejected,Non-Default
CUST005475,Male,23,Graduate,Salaried,Single,1,128314.0,669.0,3,LN005475,Home,412446.0,12,13.69,36972.2,41.1,5.8,0,Good,Owned,West,Approved,Non-Default
CUST005476,Female,46,High School,Self-employed,Married,0,52088.0,688.0,2,LN005476,Home,138574.0,24,15.15,6728.87,12.86,1.5,0,Good,Rented,North,Approved,Non-Default
CUST005477,Male,48,Graduate,Salaried,Single,3,127523.0,759.0,0,LN005477,Auto,409372.0,36,14.76,14142.95,27.99,8.6,0,Excellent,Rented,North,Approved,Non-Default
CUST005478,Male,27,Postgraduate,Unemployed,Single,1,136382.0,683.0,1,LN005478,Business,196712.0,36,16.18,6933.3,5.0,11.2,2,Good,Mortgage,East,Rejected,Non-Default
CUST005479,Male,51,High School,Salaried,Married,1,42992.0,731.0,1,LN005479,Personal,188989.0,60,14.54,4450.53,36.79,9.3,1,Excellent,Rented,North,Approved,Non-Default
CUST005480,Male,34,Graduate,Salaried,Single,2,22141.0,,2,LN005480,Home,198956.0,36,15.97,6991.76,41.87,9.1,1,Fair,Owned,West,Approved,Non-Default
CUST005481,Male,42,Postgraduate,Salaried,Single,0,34848.0,734.0,0,LN005481,Personal,284544.0,48,13.63,7722.88,29.72,7.0,0,Excellent,Rented,North,Approved,Default
CUST005482,Male,45,High School,Salaried,Married,1,40355.0,718.0,0,LN005482,Home,215275.0,60,13.5,4953.44,36.71,4.6,0,Excellent,Mortgage,East,Approved,Non-Default
CUST005483,Female,46,Postgraduate,Unemployed,Divorced,1,59621.0,717.0,1,LN005483,Personal,243938.0,48,15.22,6816.21,16.95,2.8,1,Excellent,Rented,East,Approved,Non-Default
CUST005484,Female,37,Graduate,Self-employed,Single,0,63959.0,702.0,1,LN005484,Education,532476.0,36,14.87,18424.58,39.58,2.1,1,Excellent,Rented,North,Approved,Non-Default
CUST005485,Female,54,Graduate,Salaried,Single,1,21230.0,624.0,3,LN005485,Personal,117319.0,24,18.21,5868.96,49.66,15.9,0,Fair,Owned,South,Approved,Default
CUST005486,Male,47,High School,Self-employed,Single,0,62511.0,668.0,0,LN005486,Personal,141667.0,48,16.8,4073.16,7.83,6.2,0,Good,Mortgage,East,Approved,Non-Default
CUST005487,Male,38,High School,Salaried,Married,0,28513.0,697.0,0,LN005487,Personal,238836.0,60,17.4,5987.18,20.58,7.0,1,Good,Mortgage,East,Approved,Non-Default
CUST005488,Female,59,High School,Self-employed,Divorced,2,36876.0,674.0,1,LN005488,Home,189248.0,48,12.33,5014.34,25.26,13.5,0,Good,Mortgage,East,Approved,Non-Default
CUST005489,Female,69,Graduate,Self-employed,Single,1,76980.0,736.0,0,LN005489,Education,483472.0,72,14.78,10165.35,22.87,2.7,0,Excellent,Rented,South,Approved,Non-Default
CUST005490,Male,31,High School,Salaried,Married,0,47827.0,692.0,0,LN005490,Personal,48726.0,48,15.41,1366.23,5.0,10.4,0,Good,Rented,East,Rejected,Non-Default
CUST005491,Female,54,High School,Salaried,Married,3,82131.0,659.0,0,LN005491,Home,178271.0,72,13.86,3660.05,12.54,8.4,1,Good,Owned,South,Approved,Non-Default
CUST005492,Male,39,Graduate,Salaried,Single,0,73474.0,710.0,0,LN005492,Home,78562.0,48,14.76,2176.89,8.01,20.7,0,Excellent,Owned,West,Rejected,Non-Default
CUST005493,Male,42,High School,Salaried,Married,1,43820.0,694.0,2,LN005493,Auto,126432.0,72,12.79,2524.02,22.29,3.0,0,Good,Mortgage,West,Rejected,Non-Default
CUST005494,Female,35,Graduate,Unemployed,Married,0,41006.0,748.0,1,LN005494,Personal,138566.0,60,14.46,3257.33,16.88,11.3,0,Excellent,Mortgage,East,Approved,Non-Default
CUST005495,Female,42,High School,Salaried,Married,2,69242.0,566.0,0,LN005495,Personal,570596.0,48,17.24,16535.51,35.52,2.2,0,Fair,Owned,South,Approved,Default
CUST005496,Male,44,Graduate,Self-employed,Married,0,38247.0,680.0,0,LN005496,Personal,106935.0,36,15.78,3747.91,22.69,15.3,0,Good,Mortgage,East,Approved,Non-Default
CUST005497,Male,39,Graduate,Salaried,Divorced,0,69535.0,611.0,1,LN005497,Home,194204.0,36,14.11,6647.81,7.76,4.8,0,Fair,Mortgage,South,Approved,Non-Default
CUST005498,Female,45,Graduate,Self-employed,Married,2,43097.0,670.0,0,LN005498,Auto,79249.0,36,15.22,2755.74,13.7,4.2,0,Good,Mortgage,East,Approved,Default
CUST005499,Female,21,High School,Salaried,Married,2,20355.0,661.0,2,LN005499,Business,84371.0,36,18.48,3070.57,24.64,10.2,0,Good,Owned,West,Approved,Non-Default
CUST005500,Female,38,Graduate,Unemployed,Single,0,67598.0,690.0,1,LN005500,Personal,155131.0,36,15.99,5453.18,9.85,17.0,0,Good,Owned,North,Approved,Non-Default
CUST005501,Female,44,High School,Self-employed,Married,0,130683.0,742.0,0,LN005501,Business,174014.0,48,16.85,5007.69,17.76,1.4,1,Excellent,Owned,South,Approved,Non-Default
CUST005502,Male,34,Graduate,Salaried,Married,1,90244.0,542.0,1,LN005502,Auto,155038.0,60,16.45,3807.39,14.25,17.4,0,Poor,Mortgage,South,Approved,Non-Default
CUST005503,Male,34,High School,Self-employed,Married,1,72587.0,674.0,1,LN005503,Home,255583.0,24,15.26,12423.96,30.81,9.8,1,Good,Owned,South,Approved,Non-Default
CUST005504,Male,54,Graduate,Salaried,Married,3,65585.0,682.0,1,LN005504,Auto,152461.0,36,16.28,5381.18,15.3,0.0,0,Good,Rented,West,Approved,Non-Default
CUST005505,Male,48,Graduate,Self-employed,Divorced,1,56144.0,734.0,0,LN005505,Auto,137572.0,48,14.22,3774.56,16.24,0.0,0,Excellent,Mortgage,West,Approved,Non-Default
CUST005506,Male,30,Graduate,Self-employed,Married,2,18001.0,652.0,1,LN005506,Personal,120845.0,60,16.23,2953.5,32.92,6.8,0,Good,Mortgage,South,Approved,Non-Default
CUST005507,Male,52,Graduate,Salaried,Single,1,36209.0,777.0,2,LN005507,Business,192758.0,48,13.42,5211.49,29.1,18.6,1,Excellent,Rented,South,Approved,Non-Default
CUST005508,Male,27,Graduate,Self-employed,Single,0,57705.0,714.0,2,LN005508,Home,189214.0,12,14.42,17026.39,45.09,0.0,0,Excellent,Rented,West,Approved,Non-Default
CUST005509,Male,55,Graduate,Salaried,Married,3,34099.0,635.0,2,LN005509,Home,91794.0,36,16.26,3239.0,21.7,8.1,1,Fair,Mortgage,East,Approved,Non-Default
CUST005510,Male,39,Graduate,Salaried,Married,1,25224.0,726.0,0,LN005510,Personal,120311.0,36,17.33,4309.2,32.12,15.6,0,Excellent,Mortgage,North,Approved,Non-Default
CUST005511,Female,29,Graduate,Salaried,Single,1,31332.0,790.0,0,LN005511,Auto,212529.0,24,15.55,10360.44,59.43,19.9,0,Excellent,Rented,South,Approved,Non-Default
CUST005512,Male,49,High School,Self-employed,Married,0,85815.0,624.0,1,LN005512,Personal,144798.0,12,18.0,13275.08,39.3,2.0,1,Fair,Rented,West,Approved,Default
CUST005513,Female,39,High School,Salaried,Married,2,47892.0,536.0,1,LN005513,Business,170543.0,12,17.3,15578.62,44.96,3.8,0,Poor,Rented,North,Approved,Non-Default
CUST005514,Female,38,Graduate,Self-employed,Married,2,82138.0,724.0,2,LN005514,Business,105098.0,60,14.35,2464.56,5.0,2.3,1,Excellent,Mortgage,East,Approved,Non-Default
CUST005515,Female,47,Graduate,Self-employed,Single,1,53606.0,588.0,0,LN005515,Personal,39319.0,24,18.55,1973.43,6.48,7.1,0,Fair,Owned,West,Approved,Non-Default
CUST005516,Female,41,Postgraduate,Self-employed,Married,1,64749.0,655.0,0,LN005516,Personal,32913.0,36,18.81,1203.3,5.0,7.9,0,Good,Mortgage,West,Approved,Non-Default
CUST005517,Male,38,Graduate,Self-employed,Single,0,61240.0,635.0,1,LN005517,Personal,136579.0,12,16.41,12418.44,29.73,4.8,0,Fair,Rented,East,Approved,Non-Default
CUST005518,Female,35,Graduate,Salaried,Single,1,70206.0,627.0,1,LN005518,Auto,177171.0,48,15.29,4956.89,14.86,22.8,0,Fair,Rented,South,Approved,Non-Default
CUST005519,Female,40,Postgraduate,Self-employed,Married,1,122282.0,775.0,1,LN005519,Home,111609.0,72,13.05,2243.4,13.3,9.0,0,Excellent,Mortgage,North,Rejected,Non-Default
CUST005520,Female,48,High School,,Divorced,1,53358.0,730.0,3,LN005520,Home,149506.0,36,13.34,5061.97,28.71,8.3,0,Excellent,Owned,East,Approved,Non-Default
CUST005521,Male,25,Graduate,Salaried,Divorced,0,20650.0,745.0,2,LN005521,Home,545845.0,60,12.68,12330.42,74.56,9.4,0,Excellent,Rented,East,Approved,Non-Default
CUST005522,Female,44,High School,Salaried,Married,0,63538.0,806.0,0,LN005522,Personal,99931.0,12,14.54,8997.93,16.67,17.1,0,Excellent,Mortgage,South,Approved,Default
CUST005523,Male,46,High School,Salaried,Married,0,79213.0,686.0,0,LN005523,Personal,277101.0,48,18.89,8269.28,20.89,14.1,0,Good,Rented,South,Approved,Non-Default
CUST005524,Female,21,High School,Salaried,Married,2,93609.0,750.0,1,LN005524,Education,246586.0,48,12.42,6544.52,25.57,8.3,1,Excellent,Mortgage,South,Approved,Non-Default
CUST005525,Female,42,Graduate,Salaried,Divorced,2,40749.0,837.0,0,LN005525,Education,163220.0,60,12.38,3662.16,13.61,14.1,2,Excellent,Owned,North,Rejected,Non-Default
CUST005526,Female,60,Graduate,Salaried,Married,2,52674.0,714.0,1,LN005526,Personal,86411.0,60,13.73,1998.56,17.01,13.4,0,Excellent,Owned,West,Approved,Non-Default
CUST005527,Male,32,High School,Salaried,Single,1,28716.0,723.0,0,LN005527,Personal,65236.0,60,16.41,1600.66,12.41,21.4,2,Excellent,Rented,West,Rejected,Non-Default
CUST005528,Male,36,Graduate,Salaried,Married,3,61480.0,532.0,1,LN005528,Business,270981.0,12,15.11,24472.36,44.49,5.0,0,Poor,Owned,East,Approved,Non-Default
CUST005529,Male,52,High School,Salaried,Married,0,30192.0,678.0,0,LN005529,Personal,330153.0,24,17.6,16418.85,65.89,11.9,0,Good,Rented,South,Rejected,Non-Default
CUST005530,Female,46,Graduate,Self-employed,Married,2,78798.0,595.0,2,LN005530,Personal,103664.0,36,15.64,3626.12,17.69,3.9,0,Fair,Rented,North,Approved,Default
CUST005531,Male,42,Graduate,Salaried,Married,1,80797.0,706.0,1,LN005531,Personal,191344.0,72,16.84,4239.6,16.29,10.1,0,Excellent,Rented,South,Approved,Non-Default
CUST005532,Male,37,Postgraduate,Self-employed,Married,3,85930.0,674.0,0,LN005532,Auto,152709.0,36,15.68,5344.7,18.64,5.4,0,Good,Mortgage,North,Approved,Default
CUST005533,Female,45,High School,Unemployed,Single,0,37842.0,760.0,1,LN005533,Personal,184020.0,48,14.42,5067.47,14.87,8.1,0,Excellent,Rented,West,Approved,Non-Default
CUST005534,Male,21,High School,Self-employed,Married,3,42935.0,738.0,2,LN005534,Education,341742.0,60,14.74,8083.45,26.16,0.0,0,Excellent,Owned,North,Approved,Non-Default
CUST005535,Female,56,Graduate,Salaried,Married,0,62575.0,754.0,1,LN005535,Business,190776.0,48,14.64,5274.69,15.56,6.5,0,Excellent,Mortgage,South,Approved,Non-Default
CUST005536,Male,27,Postgraduate,Salaried,Single,1,38698.0,760.0,0,LN005536,Business,162695.0,72,16.48,3572.29,22.28,18.2,0,Excellent,Owned,North,Approved,Non-Default
CUST005537,Male,22,Graduate,Self-employed,Single,2,74299.0,659.0,0,LN005537,Business,49981.0,36,16.37,1766.33,8.48,17.3,1,Good,Mortgage,East,Rejected,Non-Default
CUST005538,Male,23,High School,Salaried,Married,1,68986.0,598.0,0,LN005538,Business,551562.0,24,17.24,27334.12,53.66,4.5,0,Fair,Rented,North,Approved,Default
CUST005539,Male,28,Graduate,Self-employed,Divorced,3,77532.0,702.0,1,LN005539,Home,304283.0,48,13.74,8275.35,14.68,2.2,1,Excellent,Owned,North,Approved,Non-Default
CUST005540,Female,39,Graduate,Salaried,Married,2,55386.0,712.0,0,LN005540,Home,350946.0,24,13.48,16763.85,50.75,8.2,0,Excellent,Owned,North,Approved,Non-Default
CUST005541,Male,47,Postgraduate,Self-employed,Single,1,28821.0,664.0,1,LN005541,Business,722111.0,48,14.68,19979.95,75.0,9.7,0,Good,Owned,East,Approved,Default
CUST005542,Male,35,Graduate,Unemployed,Married,2,107246.0,813.0,0,LN005542,Education,55404.0,36,13.43,1878.28,10.66,7.6,0,Excellent,Rented,West,Approved,Non-Default
CUST005543,Male,25,High School,Self-employed,Divorced,1,45984.0,730.0,1,LN005543,Personal,419022.0,36,14.75,14474.29,50.19,19.4,0,Excellent,Rented,West,Approved,Non-Default
CUST005544,Male,45,High School,Unemployed,Married,0,,660.0,1,LN005544,Home,229472.0,60,16.18,5602.28,13.44,13.9,0,Good,Mortgage,East,Approved,Non-Default
CUST005545,Female,25,Postgraduate,Salaried,Married,1,18303.0,770.0,0,LN005545,Personal,230019.0,72,14.05,4745.87,33.8,9.1,1,Excellent,Mortgage,West,Approved,Non-Default
CUST005546,Female,43,High School,Salaried,Married,0,63693.0,757.0,0,LN005546,Auto,436198.0,36,14.62,15039.9,38.68,11.6,0,Excellent,Owned,North,Approved,Non-Default
CUST005547,Male,33,Graduate,Salaried,Married,0,88269.0,611.0,2,LN005547,Auto,202509.0,36,15.03,7023.02,11.86,3.7,1,Fair,Owned,South,Approved,Non-Default
CUST005548,Female,40,Graduate,Self-employed,Single,2,38045.0,622.0,0,LN005548,Personal,74898.0,48,17.66,2186.84,5.0,9.6,0,Fair,Owned,East,Approved,Non-Default
CUST005549,Male,37,,Salaried,Married,0,77925.0,614.0,2,LN005549,Auto,129177.0,48,16.18,3672.83,16.13,5.4,0,Fair,Rented,East,Approved,Non-Default
CUST005550,Male,34,Postgraduate,Salaried,Divorced,0,51051.0,645.0,1,LN005550,Auto,60709.0,48,14.57,1676.37,9.64,7.0,2,Fair,Mortgage,East,Approved,Non-Default
CUST005551,Male,57,High School,Salaried,Divorced,1,67013.0,765.0,1,LN005551,Business,278382.0,36,16.44,9847.67,20.36,11.1,1,Excellent,Owned,South,Approved,Non-Default
CUST005552,Male,45,Graduate,Self-employed,Single,1,67796.0,709.0,0,LN005552,Education,343398.0,60,14.05,7999.18,24.47,7.8,0,Excellent,Rented,East,Approved,Non-Default
CUST005553,Female,47,Graduate,Salaried,Married,1,62817.0,586.0,1,LN005553,Auto,274942.0,12,15.34,24859.93,50.96,6.7,1,Fair,Owned,North,Approved,Default
CUST005554,Male,38,Postgraduate,Self-employed,Married,1,102844.0,640.0,0,LN005554,Auto,86944.0,60,12.94,1975.57,12.15,14.0,1,Fair,Rented,West,Approved,Non-Default
CUST005555,Female,48,Graduate,Salaried,Married,0,48253.0,792.0,1,LN005555,Personal,329039.0,48,13.32,8879.64,27.13,16.7,2,Excellent,Mortgage,South,Approved,Non-Default
CUST005556,Female,43,Graduate,Self-employed,Single,1,57011.0,602.0,0,LN005556,Home,189728.0,48,15.89,5366.26,21.14,1.8,0,Fair,Rented,South,Approved,Non-Default
CUST005557,Male,27,Graduate,Self-employed,Married,0,38505.0,584.0,2,LN005557,Home,112550.0,36,14.22,3858.73,38.41,0.0,0,Fair,Owned,North,Approved,Default
CUST005558,Female,42,Graduate,Salaried,Married,3,,671.0,0,LN005558,Personal,161939.0,48,16.66,4644.32,22.25,13.0,2,Good,Owned,West,Approved,Non-Default
CUST005559,Female,49,Graduate,Salaried,Divorced,0,59021.0,719.0,0,LN005559,Business,99463.0,24,14.9,4817.9,24.96,4.7,1,Excellent,Owned,East,Approved,Non-Default
CUST005560,Female,32,Graduate,Salaried,Single,2,64158.0,622.0,2,LN005560,Personal,162761.0,48,17.74,4759.02,27.75,14.9,0,Fair,Owned,North,Approved,Non-Default
CUST005561,Female,40,Graduate,Salaried,Married,3,69683.0,692.0,3,LN005561,Personal,81484.0,24,15.06,3953.21,20.59,10.5,0,Good,Rented,East,Approved,Non-Default
CUST005562,Male,50,High School,Salaried,Married,1,32649.0,632.0,0,LN005562,Personal,205633.0,24,16.55,10122.55,42.65,17.2,0,Fair,Rented,East,Approved,Default
CUST005563,Male,35,High School,Self-employed,Single,1,70103.0,827.0,1,LN005563,Home,561236.0,12,10.41,49448.65,75.0,6.5,0,Excellent,Owned,South,Rejected,Non-Default
CUST005564,Male,56,Postgraduate,Unemployed,Single,0,75377.0,596.0,3,LN005564,Auto,164846.0,36,14.98,5712.83,12.58,11.3,2,Fair,Owned,East,Approved,Default
CUST005565,Female,34,High School,Unemployed,Married,1,42408.0,610.0,0,LN005565,Education,148640.0,12,13.98,13344.56,35.88,10.0,0,Fair,Owned,West,Approved,Non-Default
CUST005566,Male,38,Graduate,Salaried,Married,1,48163.0,651.0,0,LN005566,Personal,102646.0,48,15.12,2862.96,19.96,3.5,0,Good,Rented,North,Approved,Non-Default
CUST005567,Female,33,Graduate,Salaried,Married,0,26101.0,729.0,1,LN005567,Auto,175249.0,48,14.16,4803.02,32.53,7.4,0,Excellent,Owned,East,Approved,Non-Default
CUST005568,Female,69,Postgraduate,Self-employed,Married,3,140600.0,728.0,1,LN005568,Auto,186904.0,36,13.97,6385.21,11.96,1.2,1,Excellent,Owned,South,Approved,Non-Default
CUST005569,Female,29,Postgraduate,Unemployed,Single,0,35420.0,734.0,0,LN005569,Personal,240910.0,36,17.54,8653.98,40.34,9.1,0,Excellent,Rented,West,Approved,Default
CUST005570,Female,41,High School,Salaried,Single,3,86518.0,750.0,1,LN005570,Business,360002.0,60,16.1,8773.69,15.05,6.2,1,Excellent,Owned,South,Approved,Non-Default
CUST005571,Male,44,Graduate,Salaried,Married,3,66261.0,668.0,0,LN005571,Personal,176958.0,36,15.22,6153.39,12.06,8.2,0,Good,Mortgage,North,Approved,Non-Default
CUST005572,Female,45,Graduate,Self-employed,Married,2,91558.0,631.0,0,LN005572,Auto,180845.0,48,14.66,5001.94,29.5,11.5,0,Fair,Owned,South,Approved,Non-Default
CUST005573,Female,33,Graduate,Salaried,Married,2,109381.0,820.0,0,LN005573,Education,227782.0,72,11.57,4402.41,13.54,7.5,0,Excellent,Rented,West,Approved,Non-Default
CUST005574,Female,51,Graduate,Salaried,Married,0,204829.0,608.0,1,LN005574,Personal,269342.0,48,14.8,7468.71,13.27,5.7,0,Fair,Mortgage,East,Approved,Non-Default
CUST005575,Male,51,High School,Unemployed,Married,0,89381.0,663.0,1,LN005575,Business,89887.0,72,15.83,1941.41,5.7,6.1,0,Good,Rented,East,Approved,Non-Default
CUST005576,Male,33,High School,Unemployed,Single,2,77223.0,630.0,0,LN005576,Home,42788.0,36,17.6,1538.32,7.41,0.0,0,Fair,Mortgage,South,Approved,Non-Default
CUST005577,Male,42,High School,Salaried,Single,1,107003.0,662.0,0,LN005577,Personal,116780.0,36,16.91,4158.3,5.0,11.7,0,Good,Owned,South,Approved,Non-Default
CUST005578,Male,45,Graduate,Unemployed,Married,0,83708.0,718.0,1,LN005578,Home,132896.0,36,13.34,4499.59,6.16,6.5,0,Excellent,Owned,South,Approved,Non-Default
CUST005579,Male,31,Postgraduate,Self-employed,Married,1,62578.0,550.0,2,LN005579,Personal,228041.0,36,19.15,8376.38,23.45,0.0,0,Fair,Owned,North,Approved,Non-Default
CUST005580,Male,42,Graduate,Salaried,Married,2,33684.0,621.0,0,LN005580,Auto,810225.0,36,17.0,28886.73,75.0,13.5,2,Fair,Rented,West,Approved,Default
CUST005581,Male,33,Graduate,Salaried,Single,0,44676.0,668.0,0,LN005581,Home,252006.0,60,14.61,5943.74,34.1,20.8,0,Good,Owned,South,Approved,Non-Default
CUST005582,Male,32,Postgraduate,Salaried,Married,2,62463.0,725.0,3,LN005582,Personal,156308.0,24,15.93,7648.1,28.61,5.9,0,Excellent,Owned,South,Approved,Non-Default
CUST005583,Male,32,High School,Salaried,Married,1,37759.0,695.0,1,LN005583,Personal,274555.0,48,17.54,7999.21,23.82,4.3,0,Good,Rented,South,Approved,Non-Default
CUST005584,Female,48,High School,Self-employed,Single,0,63953.0,625.0,1,LN005584,Auto,348985.0,36,14.33,11983.49,31.07,0.5,0,Fair,Rented,West,Rejected,Non-Default
CUST005585,Female,48,Graduate,Salaried,Divorced,0,29420.0,556.0,1,LN005585,Home,214652.0,36,17.23,7677.52,36.85,1.1,0,Fair,Rented,East,Approved,Non-Default
CUST005586,Female,55,High School,Salaried,Divorced,2,32160.0,767.0,0,LN005586,Business,126383.0,12,17.06,11530.33,48.99,0.0,0,Excellent,Rented,South,Rejected,Non-Default
CUST005587,Male,43,Graduate,Salaried,Single,1,41060.0,734.0,0,LN005587,Personal,134075.0,12,15.42,12127.97,51.54,2.7,0,Excellent,Rented,South,Approved,Non-Default
CUST005588,Male,41,Graduate,Self-employed,Single,0,53480.0,706.0,0,LN005588,Personal,132838.0,12,15.19,12001.65,38.23,6.9,0,Excellent,Rented,West,Rejected,Non-Default
CUST005589,Female,36,Postgraduate,Salaried,Married,2,99175.0,693.0,0,LN005589,Auto,123623.0,72,16.26,2699.34,14.11,13.5,0,Good,Mortgage,West,Approved,Non-Default
CUST005590,Female,49,High School,Self-employed,Single,1,66256.0,572.0,0,LN005590,Home,228416.0,48,15.71,6439.5,10.1,3.0,0,Fair,Rented,East,Approved,Default
CUST005591,Female,31,Graduate,Salaried,Single,0,86030.0,738.0,1,LN005591,Home,237385.0,72,13.7,4853.44,11.64,8.9,2,Excellent,Rented,West,Approved,Non-Default
CUST005592,Male,45,High School,Salaried,Married,2,77710.0,614.0,0,LN005592,Auto,180025.0,72,15.09,3815.44,17.02,8.2,0,Fair,Rented,West,Approved,Non-Default
CUST005593,Female,36,Graduate,Salaried,Married,2,69645.0,689.0,2,LN005593,Business,144433.0,24,15.15,7013.37,19.52,22.1,0,Good,Mortgage,East,Approved,Non-Default
CUST005594,Female,21,Postgraduate,Salaried,Divorced,0,19147.0,622.0,0,LN005594,Personal,337157.0,60,17.16,8408.25,60.04,0.0,1,Fair,Mortgage,East,Approved,Non-Default
CUST005595,Female,52,High School,Self-employed,Married,1,30773.0,719.0,0,LN005595,Personal,81126.0,12,15.11,7326.51,38.8,7.9,0,Excellent,Rented,East,Rejected,Default
CUST005596,Male,53,Graduate,Unemployed,Divorced,0,80497.0,611.0,0,LN005596,Home,165849.0,72,17.51,3736.85,20.88,8.4,0,Fair,Mortgage,East,Approved,Non-Default
CUST005597,Female,55,Graduate,Salaried,Married,1,52498.0,772.0,0,LN005597,Business,260626.0,36,13.96,8902.52,43.69,6.2,0,Excellent,Owned,South,Approved,Non-Default
CUST005598,Male,40,Graduate,Self-employed,Married,1,88972.0,827.0,1,LN005598,Personal,105306.0,36,12.8,3538.04,5.0,4.2,0,Excellent,Rented,South,Rejected,Non-Default
CUST005599,Male,39,Graduate,Salaried,Married,2,45726.0,781.0,0,LN005599,Education,90501.0,36,13.39,3066.36,11.07,21.3,0,Excellent,Owned,North,Rejected,Non-Default
CUST005600,Male,59,Graduate,Self-employed,Married,2,30356.0,683.0,2,LN005600,Business,231431.0,60,14.87,5489.95,26.87,13.9,0,Good,Rented,West,Rejected,Non-Default
CUST005601,Male,35,Graduate,Self-employed,Married,3,143558.0,715.0,1,LN005601,Auto,241247.0,24,14.13,11597.79,20.79,11.9,0,Excellent,Mortgage,South,Approved,Non-Default
CUST005602,Female,33,High School,Salaried,Married,2,69669.0,685.0,0,LN005602,Personal,184350.0,72,15.55,3953.36,5.0,5.6,0,Good,Owned,South,Approved,Default
CUST005603,Female,41,Postgraduate,Salaried,Single,1,58989.0,790.0,0,LN005603,Home,333171.0,24,14.62,16094.26,42.92,2.9,1,Excellent,Rented,North,Approved,Non-Default
CUST005604,Female,34,Postgraduate,Salaried,Single,2,27508.0,652.0,0,LN005604,Education,118580.0,36,13.7,4035.53,23.29,11.7,0,Good,Owned,East,Approved,Non-Default
CUST005605,Male,41,High School,Salaried,Married,3,34179.0,594.0,0,LN005605,Personal,115776.0,36,18.31,4203.61,16.88,8.9,0,Fair,Owned,North,Rejected,Default
CUST005606,Female,26,Postgraduate,Salaried,Married,0,26507.0,660.0,2,LN005606,Personal,254129.0,12,15.65,23015.27,75.0,15.0,1,Good,Rented,West,Approved,Default
CUST005607,Male,34,Postgraduate,Unemployed,Divorced,2,19521.0,745.0,3,LN005607,Education,287429.0,48,12.45,7632.77,44.62,21.5,0,Excellent,Mortgage,South,Approved,Default
CUST005608,Female,47,Graduate,Salaried,Married,1,25358.0,695.0,2,LN005608,Auto,217274.0,36,14.02,7428.02,49.25,4.2,0,Good,Mortgage,West,Approved,Non-Default
CUST005609,Male,43,Graduate,Self-employed,Married,0,81032.0,651.0,1,LN005609,Personal,88136.0,60,17.85,2230.89,15.98,4.3,1,Good,Rented,East,Approved,Non-Default
CUST005610,Female,32,Graduate,Salaried,Single,1,44685.0,646.0,1,LN005610,Education,80718.0,36,13.97,2757.57,29.79,17.4,0,Fair,Owned,East,Approved,Non-Default
CUST005611,Female,40,Graduate,Salaried,Married,3,48327.0,669.0,1,LN005611,Business,131761.0,48,15.37,3691.77,20.53,3.9,0,Good,Owned,East,Approved,Non-Default
CUST005612,Male,39,High School,Salaried,Married,0,77929.0,753.0,2,LN005612,Education,166450.0,36,13.64,5659.81,21.13,12.8,0,Excellent,Mortgage,South,Rejected,Non-Default
CUST005613,Male,40,Graduate,Self-employed,Married,0,71899.0,750.0,1,LN005613,Education,281322.0,24,12.17,13265.15,21.59,10.3,1,Excellent,Owned,West,Rejected,Non-Default
CUST005614,Female,34,High School,Salaried,Divorced,3,74300.0,669.0,2,LN005614,Auto,336231.0,24,15.94,16453.28,28.92,13.2,0,Good,Rented,East,Rejected,Non-Default
CUST005615,Female,47,Postgraduate,Salaried,Married,0,29408.0,693.0,0,LN005615,Education,75388.0,24,14.15,3624.94,29.27,2.7,1,Good,Mortgage,East,Approved,Non-Default
CUST005616,Male,41,High School,Unemployed,Single,3,54109.0,611.0,0,LN005616,Education,220615.0,48,14.2,6050.79,13.67,6.1,0,Fair,Owned,South,Approved,Non-Default
CUST005617,Female,49,Postgraduate,Self-employed,Single,1,73427.0,631.0,0,LN005617,Home,141901.0,48,16.01,4022.24,10.18,4.9,0,Fair,Owned,North,Approved,Default
CUST005618,Male,44,High School,Salaried,Married,1,166777.0,583.0,1,LN005618,Home,169933.0,12,15.94,15413.34,18.19,18.1,0,Fair,Rented,West,Approved,Non-Default
CUST005619,Female,47,Graduate,Salaried,Single,2,35037.0,624.0,1,LN005619,Personal,167248.0,60,17.29,4182.67,30.01,15.7,0,Fair,Owned,South,Approved,Non-Default
CUST005620,Male,49,Graduate,Salaried,Married,3,61033.0,556.0,0,LN005620,Business,53701.0,60,18.17,1368.62,11.95,1.7,0,Fair,Mortgage,South,Approved,Non-Default
CUST005621,Female,45,Graduate,Salaried,Married,1,57787.0,768.0,0,LN005621,Personal,47280.0,60,16.45,1161.09,5.0,6.5,0,Excellent,Rented,East,Approved,Non-Default
CUST005622,Male,54,Graduate,Salaried,Married,2,69929.0,,3,LN005622,Auto,510894.0,24,13.78,24476.43,51.8,12.6,0,Excellent,Rented,East,Approved,Non-Default
CUST005623,Female,51,Graduate,Self-employed,Married,1,63029.0,823.0,2,LN005623,Personal,102320.0,36,14.17,3505.51,20.73,0.0,0,Excellent,Owned,East,Rejected,Non-Default
CUST005624,Male,43,High School,Self-employed,Single,0,63640.0,775.0,0,LN005624,Education,337987.0,72,13.89,6944.58,19.93,6.3,0,Excellent,Rented,East,Approved,Non-Default
CUST005625,Female,37,Postgraduate,Self-employed,Single,1,51990.0,679.0,1,LN005625,Auto,97060.0,36,14.43,3337.59,18.62,12.5,1,Good,Rented,West,Approved,Non-Default
CUST005626,Male,26,Postgraduate,Self-employed,Married,1,26768.0,643.0,0,LN005626,Home,71289.0,12,14.46,6416.27,34.95,8.4,0,Fair,Owned,North,Rejected,Non-Default
CUST005627,Male,47,Graduate,Salaried,Single,2,26868.0,735.0,1,LN005627,Home,233606.0,36,15.7,8178.34,45.67,7.0,0,Excellent,Rented,South,Approved,Non-Default
CUST005628,Female,43,Graduate,Salaried,Married,2,27512.0,794.0,0,LN005628,Personal,183517.0,36,15.62,6417.54,29.15,20.2,0,Excellent,Owned,South,Rejected,Non-Default
CUST005629,Female,69,High School,Salaried,Married,1,26285.0,621.0,0,LN005629,Business,131073.0,60,16.86,3247.64,15.69,6.7,1,Fair,Owned,North,Approved,Non-Default
CUST005630,Male,40,High School,Salaried,Single,0,65556.0,715.0,1,LN005630,Personal,116484.0,48,18.03,3423.54,13.51,6.1,0,Excellent,Owned,West,Approved,Non-Default
CUST005631,Female,34,,Unemployed,Married,0,76868.0,655.0,1,LN005631,Personal,142223.0,36,17.36,5096.16,16.52,10.8,0,Good,Owned,West,Approved,Non-Default
CUST005632,Female,30,Graduate,Salaried,Divorced,1,43336.0,810.0,3,LN005632,Home,218437.0,24,13.48,10434.21,31.21,3.4,0,Excellent,Mortgage,East,Approved,Non-Default
CUST005633,Male,27,Postgraduate,Salaried,Married,2,52054.0,694.0,2,LN005633,Auto,118452.0,72,12.2,2328.1,21.8,0.0,0,Good,Owned,South,Approved,Non-Default
CUST005634,Female,24,High School,Salaried,Divorced,3,98431.0,730.0,0,LN005634,Home,55613.0,36,13.34,1882.94,17.44,9.8,0,Excellent,Owned,East,Approved,Non-Default
CUST005635,Male,47,Postgraduate,Salaried,Married,2,36866.0,681.0,1,LN005635,Personal,91503.0,24,16.75,4513.13,13.56,6.1,0,Good,Rented,West,Rejected,Non-Default
CUST005636,Female,32,High School,Salaried,Single,2,71985.0,699.0,0,LN005636,Home,222670.0,36,12.06,7402.21,18.19,5.0,1,Good,Owned,West,Approved,Non-Default
CUST005637,Male,50,Postgraduate,Unemployed,Married,0,57124.0,584.0,2,LN005637,Personal,186111.0,48,18.33,5499.16,15.37,17.9,0,Fair,Owned,East,Approved,Default
CUST005638,Female,45,High School,Salaried,Married,1,67260.0,652.0,1,LN005638,Auto,246191.0,36,17.78,8873.25,24.59,10.0,0,Good,Owned,North,Approved,Non-Default
CUST005639,Female,40,Postgraduate,Salaried,Married,1,38605.0,754.0,2,LN005639,Personal,91444.0,36,15.5,3192.37,25.23,13.6,0,Excellent,Mortgage,South,Approved,Non-Default
CUST005640,Female,29,Graduate,Unemployed,Single,1,92501.0,759.0,2,LN005640,Auto,246066.0,24,13.69,11778.33,29.61,7.9,0,Excellent,Owned,East,Approved,Non-Default
CUST005641,Female,43,Graduate,Self-employed,Single,1,51082.0,820.0,0,LN005641,Education,164897.0,48,12.07,4348.04,26.44,6.8,2,Excellent,Owned,West,Approved,Non-Default
CUST005642,Female,39,Postgraduate,Self-employed,Married,0,51608.0,665.0,2,LN005642,Personal,360625.0,24,18.03,18009.11,50.6,7.0,0,Good,Owned,East,Approved,Non-Default
CUST005643,Male,33,Postgraduate,Salaried,Single,3,63168.0,728.0,0,LN005643,Personal,141586.0,36,15.14,4917.84,23.37,9.3,0,Excellent,Owned,North,Approved,Non-Default
CUST005644,Female,21,High School,Salaried,Single,1,86464.0,802.0,0,LN005644,Home,41171.0,24,11.85,1935.18,14.47,19.4,0,Excellent,Mortgage,South,Approved,Non-Default
CUST005645,Female,50,Graduate,Salaried,Married,3,25816.0,722.0,1,LN005645,Personal,230341.0,36,16.5,8155.08,36.49,4.2,0,Excellent,Owned,South,Approved,Non-Default
CUST005646,Male,30,Postgraduate,Self-employed,Divorced,3,22457.0,756.0,1,LN005646,Education,345226.0,60,13.38,7922.27,48.17,10.3,1,Excellent,Rented,West,Approved,Non-Default
CUST005647,Female,39,High School,Unemployed,Divorced,0,46463.0,727.0,3,LN005647,Education,223983.0,60,12.43,5031.18,28.35,5.4,0,Excellent,Rented,South,Approved,Non-Default
CUST005648,Female,34,Graduate,Salaried,Single,0,38381.0,673.0,1,LN005648,Business,50576.0,12,17.28,4619.49,13.22,16.6,0,Good,Rented,East,Approved,Non-Default
CUST005649,Male,34,Graduate,Salaried,Single,1,50459.0,693.0,0,LN005649,Auto,97499.0,36,12.96,3283.25,14.42,7.8,0,Good,Rented,South,Approved,Non-Default
CUST005650,Male,47,Graduate,Self-employed,Divorced,0,43247.0,663.0,0,LN005650,Auto,212857.0,72,14.98,4498.55,20.46,6.5,1,Good,Mortgage,East,Rejected,Non-Default
CUST005651,Male,50,Graduate,Salaried,Married,2,77025.0,707.0,1,LN005651,Personal,136573.0,36,18.23,4953.21,21.35,12.8,0,Excellent,Owned,West,Approved,Non-Default
CUST005652,Male,28,Graduate,Self-employed,Married,0,76365.0,798.0,0,LN005652,Auto,196053.0,12,13.52,17558.79,34.78,13.7,0,Excellent,Mortgage,North,Approved,Non-Default
CUST005653,Female,27,Graduate,Self-employed,Married,0,27827.0,694.0,2,LN005653,Personal,243617.0,60,14.92,5785.41,41.25,2.6,0,Good,Mortgage,South,Approved,Non-Default
CUST005654,Male,65,Graduate,Salaried,Single,2,40608.0,735.0,2,LN005654,Home,195120.0,60,13.49,4488.68,28.88,10.5,0,Excellent,Rented,East,Approved,Non-Default
CUST005655,Female,39,High School,Salaried,Married,1,60693.0,676.0,2,LN005655,Auto,81956.0,36,15.38,2856.31,16.0,11.4,0,Good,Mortgage,South,Approved,Non-Default
CUST005656,Male,25,High School,Salaried,Married,0,91912.0,436.0,0,LN005656,Auto,348269.0,48,16.19,9903.96,15.83,0.0,0,Poor,Rented,North,Approved,Non-Default
CUST005657,Female,52,High School,Self-employed,Married,1,47620.0,826.0,2,LN005657,Home,383178.0,60,12.51,8622.66,45.5,10.2,0,Excellent,Mortgage,East,Approved,Non-Default
CUST005658,Female,21,High School,Self-employed,Divorced,1,60003.0,799.0,1,LN005658,Business,226459.0,48,13.86,6172.43,19.19,3.9,1,Excellent,Rented,South,Approved,Non-Default
CUST005659,Female,44,High School,Salaried,Married,2,30812.0,655.0,2,LN005659,Personal,74026.0,12,17.87,6782.12,31.98,2.8,0,Good,Owned,West,Approved,Non-Default
CUST005660,Female,27,Graduate,Self-employed,Married,0,48499.0,672.0,0,LN005660,Auto,249244.0,72,14.39,5188.05,19.37,8.9,0,Good,Rented,West,Approved,Non-Default
CUST005661,Female,53,High School,Salaried,Married,1,94326.0,800.0,0,LN005661,Business,79506.0,36,12.43,2657.1,5.0,9.7,2,Excellent,Rented,South,Approved,Non-Default
CUST005662,Male,38,High School,Salaried,Single,1,62661.0,750.0,2,LN005662,Home,176911.0,24,14.54,8539.21,14.95,11.5,0,Excellent,Rented,North,Approved,Non-Default
CUST005663,Male,23,Graduate,Salaried,Married,0,65081.0,569.0,2,LN005663,Personal,135048.0,60,16.54,3322.98,11.29,7.4,1,Fair,Rented,West,Approved,Non-Default
CUST005664,Female,36,Graduate,Salaried,Married,0,41786.0,568.0,0,LN005664,Personal,111000.0,48,18.99,3318.33,14.17,3.4,0,Fair,Rented,East,Approved,Default
CUST005665,Female,32,Graduate,Salaried,Single,0,73425.0,722.0,1,LN005665,Business,55630.0,24,14.73,2690.18,6.94,13.0,0,Excellent,Owned,East,Approved,Non-Default
CUST005666,Male,41,Graduate,Self-employed,Married,1,53397.0,782.0,0,LN005666,Personal,164886.0,36,16.39,5828.7,11.78,18.5,0,Excellent,Owned,South,Approved,Non-Default
CUST005667,Male,32,Graduate,Self-employed,Married,1,125469.0,670.0,1,LN005667,Personal,55091.0,60,18.32,1408.56,6.6,8.5,1,Good,Rented,North,Approved,Non-Default
CUST005668,Male,41,Postgraduate,Salaried,Single,1,53866.0,716.0,1,LN005668,Personal,291955.0,12,16.31,26532.18,75.0,3.4,0,Excellent,Rented,North,Approved,Non-Default
CUST005669,Male,57,Graduate,Salaried,Married,1,22006.0,836.0,0,LN005669,Home,245951.0,60,11.91,5459.86,39.4,2.8,1,Excellent,Owned,West,Approved,Default
CUST005670,Male,23,Graduate,Unemployed,Divorced,2,40085.0,595.0,1,LN005670,Auto,436392.0,24,16.05,21377.54,63.99,7.6,0,Fair,Owned,East,Approved,Non-Default
CUST005671,Male,38,Graduate,Self-employed,Single,1,32367.0,701.0,2,LN005671,Personal,141456.0,48,15.51,3973.49,22.46,7.3,0,Excellent,Owned,West,Approved,Non-Default
CUST005672,Male,26,Postgraduate,Salaried,Divorced,2,122393.0,773.0,2,LN005672,Business,342066.0,60,15.77,8276.64,13.25,7.9,0,Excellent,Rented,North,Rejected,Non-Default
CUST005673,Female,35,Graduate,Self-employed,Married,1,37032.0,677.0,1,LN005673,Education,199508.0,12,12.51,17773.68,72.26,9.7,0,Good,Rented,South,Approved,Default
CUST005674,Female,48,High School,Salaried,Single,1,58260.0,677.0,1,LN005674,Personal,216375.0,60,15.1,5158.91,14.08,10.9,0,Good,Mortgage,West,Rejected,Non-Default
CUST005675,Male,36,Graduate,Salaried,Married,1,92759.0,666.0,1,LN005675,Personal,450313.0,12,18.61,41415.53,58.84,6.7,1,Good,Owned,North,Approved,Default
CUST005676,Male,45,High School,Salaried,Married,0,49067.0,671.0,0,LN005676,Education,115209.0,12,15.68,10435.57,31.23,8.1,0,Good,Rented,North,Approved,Non-Default
CUST005677,Female,43,Graduate,Self-employed,Divorced,1,40714.0,658.0,3,LN005677,Business,74800.0,48,15.74,2109.91,28.28,5.6,0,Good,Mortgage,North,Approved,Non-Default
CUST005678,Female,39,Graduate,Salaried,Married,2,65140.0,679.0,0,LN005678,Home,62810.0,48,15.25,1756.02,5.0,2.5,0,Good,Mortgage,East,Approved,Non-Default
CUST005679,Male,45,Graduate,Salaried,Married,3,95736.0,741.0,2,LN005679,Business,377150.0,24,14.75,18241.97,34.63,10.0,0,Excellent,Rented,South,Approved,Non-Default
CUST005680,Female,43,High School,Unemployed,Single,0,33457.0,713.0,0,LN005680,Auto,290507.0,24,12.34,13721.34,56.41,17.2,0,Excellent,Rented,South,Rejected,Non-Default
CUST005681,Male,52,High School,Salaried,Married,3,69855.0,662.0,1,LN005681,Personal,69581.0,36,17.92,2512.73,14.43,4.8,0,Good,Rented,South,Approved,Non-Default
CUST005682,Male,44,Graduate,Salaried,Single,1,116444.0,685.0,0,LN005682,Auto,319748.0,72,14.75,6717.74,10.08,8.1,2,Good,Rented,West,Approved,Non-Default
CUST005683,Female,32,Postgraduate,Salaried,Single,1,62192.0,850.0,1,LN005683,Auto,84713.0,12,14.32,7618.9,24.02,2.6,1,Excellent,Mortgage,West,Approved,Non-Default
CUST005684,Male,44,Graduate,Salaried,Married,2,55587.0,652.0,2,LN005684,Education,165414.0,36,16.59,5863.76,13.17,7.3,0,Good,Owned,West,Approved,Non-Default
CUST005685,Female,35,Postgraduate,Salaried,Married,2,62725.0,756.0,0,LN005685,Home,172968.0,36,15.9,6072.51,28.56,8.5,0,Excellent,Owned,East,Approved,Non-Default
CUST005686,Female,45,High School,Self-employed,Divorced,0,123069.0,769.0,1,LN005686,Personal,71183.0,60,15.46,1710.67,5.0,18.8,0,Excellent,Rented,West,Approved,Non-Default
CUST005687,Female,66,Graduate,Salaried,Married,3,36273.0,677.0,2,LN005687,Home,208763.0,36,14.04,7139.08,36.11,14.3,0,Good,Mortgage,West,Approved,Default
CUST005688,Female,46,Graduate,Unemployed,Single,0,76200.0,658.0,2,LN005688,Business,123817.0,24,16.7,6103.96,25.75,11.2,0,Good,Mortgage,East,Rejected,Non-Default
CUST005689,Female,35,High School,Self-employed,Married,2,66867.0,776.0,0,LN005689,Home,102013.0,24,12.31,4816.89,5.0,4.6,0,Excellent,Owned,North,Approved,Non-Default
CUST005690,Male,31,Postgraduate,Salaried,Married,0,72660.0,674.0,1,LN005690,Personal,236008.0,12,16.43,21461.26,41.82,6.6,0,Good,Rented,West,Approved,Non-Default
CUST005691,Male,36,High School,Salaried,Married,1,24263.0,707.0,0,LN005691,Auto,96232.0,36,15.38,3353.85,32.73,21.3,0,Excellent,Owned,West,Approved,Non-Default
CUST005692,Male,36,High School,Salaried,Married,2,27469.0,648.0,0,LN005692,Personal,53245.0,48,16.06,1510.61,30.23,11.9,1,Fair,Mortgage,West,Approved,Non-Default
CUST005693,Male,44,Graduate,Self-employed,Married,0,73559.0,789.0,2,LN005693,Auto,256363.0,36,13.7,8724.57,23.46,4.7,2,Excellent,Rented,South,Approved,Non-Default
CUST005694,Male,25,High School,Salaried,Married,1,93193.0,615.0,1,LN005694,Home,199815.0,36,15.83,7008.14,8.64,5.8,0,Fair,Mortgage,East,Approved,Non-Default
CUST005695,Female,39,High School,Salaried,Divorced,1,67781.0,600.0,0,LN005695,Business,107877.0,36,15.64,3773.49,20.3,8.4,0,Fair,Rented,East,Rejected,Non-Default
CUST005696,Male,21,Postgraduate,Salaried,Married,0,46674.0,698.0,2,LN005696,Home,111543.0,48,13.56,3023.51,18.38,12.6,0,Good,Rented,East,Rejected,Non-Default
CUST005697,Male,56,High School,Salaried,Single,1,43566.0,756.0,0,LN005697,Auto,97891.0,12,13.94,8786.59,38.15,24.5,0,Excellent,Owned,West,Approved,Non-Default
CUST005698,Female,44,Graduate,Self-employed,Married,0,97604.0,756.0,2,LN005698,Business,48093.0,60,14.93,1142.36,16.01,17.5,0,Excellent,Owned,East,Approved,Non-Default
CUST005699,Male,28,High School,Self-employed,Single,2,33270.0,801.0,2,LN005699,Business,219553.0,24,14.83,10627.66,43.31,3.4,0,Excellent,Rented,North,Approved,Default
CUST005700,Female,33,High School,Salaried,Married,1,55161.0,715.0,2,LN005700,Personal,99830.0,24,15.58,4867.98,24.34,2.3,1,Excellent,Owned,South,Approved,Non-Default
CUST005701,Female,53,Graduate,Unemployed,Single,1,57572.0,755.0,0,LN005701,Personal,127153.0,12,14.88,11469.42,30.65,5.6,0,Excellent,Owned,East,Approved,Default
CUST005702,Male,43,Graduate,Salaried,Single,1,52381.0,577.0,3,LN005702,Home,107666.0,60,15.33,2580.05,17.1,14.3,0,Fair,Owned,North,Approved,Non-Default
CUST005703,Female,30,Postgraduate,Self-employed,Married,1,40348.0,664.0,1,LN005703,Auto,154350.0,36,13.56,5242.39,23.55,10.2,0,Good,Rented,South,Rejected,Default
CUST005704,Male,50,High School,Salaried,Single,0,35206.0,577.0,1,LN005704,Home,103683.0,24,14.37,4996.26,15.53,6.8,0,Fair,Mortgage,South,Approved,Non-Default
CUST005705,Male,57,Graduate,Salaried,Married,3,18000.0,707.0,3,LN005705,Auto,445686.0,60,14.09,10391.14,75.0,2.4,0,Excellent,Mortgage,East,Approved,Non-Default
CUST005706,Female,53,Graduate,Unemployed,Single,1,65781.0,711.0,0,LN005706,Business,119100.0,48,15.37,3337.02,14.77,5.5,0,Excellent,Owned,West,Rejected,Non-Default
CUST005707,Male,34,High School,Salaried,Single,1,78387.0,670.0,0,LN005707,Personal,396771.0,48,16.39,11324.01,16.79,7.1,0,Good,Mortgage,South,Approved,Non-Default
CUST005708,Female,27,High School,Self-employed,Single,3,106776.0,631.0,0,LN005708,Home,146748.0,12,14.64,13220.31,33.04,12.7,0,Fair,Mortgage,South,Approved,Non-Default
CUST005709,Female,26,High School,Salaried,Married,0,55067.0,689.0,2,LN005709,Auto,527791.0,36,13.14,17818.98,45.69,7.7,0,Good,Rented,West,Approved,Non-Default
CUST005710,Male,48,Postgraduate,Unemployed,Single,2,68197.0,700.0,3,LN005710,Personal,157490.0,12,16.19,14303.37,30.66,13.7,0,Excellent,Rented,West,Approved,Non-Default
CUST005711,Male,36,High School,Salaried,Divorced,1,111224.0,613.0,1,LN005711,Personal,158574.0,24,17.24,7858.56,18.32,6.5,0,Fair,Rented,South,Approved,Non-Default
CUST005712,Male,42,Postgraduate,Unemployed,Single,1,32360.0,564.0,0,LN005712,Business,101192.0,48,16.72,2905.26,12.93,0.0,1,Fair,Owned,North,Approved,Non-Default
CUST005713,Male,36,Graduate,Self-employed,Married,3,59821.0,679.0,0,LN005713,Business,76496.0,48,16.26,2178.12,25.59,10.6,0,Good,Owned,West,Approved,Non-Default
CUST005714,Female,49,Graduate,Self-employed,Single,1,19833.0,728.0,2,LN005714,Personal,97999.0,24,15.23,4762.36,39.56,8.9,0,Excellent,Rented,North,Approved,Default
CUST005715,Female,25,Postgraduate,Salaried,Divorced,1,42400.0,646.0,0,LN005715,Auto,389786.0,60,16.75,9634.87,40.4,15.1,0,Fair,Mortgage,East,Rejected,Non-Default
CUST005716,Female,39,Graduate,Self-employed,Single,0,63462.0,750.0,1,LN005716,Home,203371.0,60,13.44,4673.25,16.14,7.3,0,Excellent,Owned,North,Approved,Non-Default
CUST005717,Male,44,Graduate,Self-employed,Divorced,0,50606.0,711.0,3,LN005717,Home,551470.0,72,12.58,10948.4,41.46,10.9,0,Excellent,Rented,South,Approved,Non-Default
CUST005718,Female,33,Graduate,Self-employed,Married,2,38456.0,673.0,1,LN005718,Business,186574.0,36,15.69,6530.87,35.94,15.0,0,Good,Owned,South,Approved,Non-Default
CUST005719,Female,25,Graduate,Salaried,Married,0,65798.0,677.0,0,LN005719,Auto,416807.0,60,15.3,9981.57,22.46,3.8,0,Good,Rented,East,Approved,Non-Default
CUST005720,Female,33,High School,Salaried,Married,2,47058.0,589.0,0,LN005720,Business,769306.0,12,16.03,69810.72,75.0,11.8,0,Fair,Rented,South,Approved,Non-Default
CUST005721,Male,28,Graduate,Self-employed,Married,0,61820.0,808.0,2,LN005721,Business,194158.0,24,13.21,9249.79,20.31,9.4,0,Excellent,Rented,North,Approved,Non-Default
CUST005722,Male,33,High School,,Married,2,33988.0,666.0,2,LN005722,Auto,388105.0,36,12.87,13052.5,54.56,0.0,0,Good,Mortgage,South,Approved,Default
CUST005723,Male,21,High School,Self-employed,Single,1,69953.0,788.0,3,LN005723,Personal,152021.0,60,15.19,3631.75,8.83,17.0,1,Excellent,Mortgage,South,Approved,Non-Default
CUST005724,Male,45,Graduate,,Married,2,54052.0,698.0,0,LN005724,Home,434898.0,72,14.27,9024.39,35.46,0.0,1,Good,Rented,North,Approved,Non-Default
CUST005725,Male,38,Graduate,Self-employed,Married,1,81591.0,747.0,0,LN005725,Home,115355.0,60,15.16,2753.99,7.27,15.7,2,Excellent,Owned,North,Approved,Default
CUST005726,Female,31,Graduate,Self-employed,Married,0,112312.0,754.0,1,LN005726,Business,110235.0,72,16.94,2448.61,13.99,16.8,2,Excellent,Rented,North,Rejected,Default
CUST005727,Female,43,Graduate,Self-employed,Single,1,116180.0,764.0,3,LN005727,Education,61047.0,72,13.39,1238.07,5.0,19.5,1,Excellent,Mortgage,South,Approved,Non-Default
CUST005728,Male,47,Graduate,Salaried,Married,2,65865.0,734.0,0,LN005728,Personal,91454.0,36,15.48,3191.82,5.0,0.0,0,Excellent,Owned,North,Approved,Non-Default
CUST005729,Male,32,Graduate,Salaried,Married,2,53582.0,727.0,0,LN005729,Home,205555.0,72,14.65,4307.49,15.28,12.1,0,Excellent,Rented,East,Rejected,Non-Default
CUST005730,Female,38,Graduate,Salaried,Married,1,64706.0,775.0,1,LN005730,Home,170143.0,72,14.98,3595.83,5.0,2.6,0,Excellent,Rented,West,Approved,Non-Default
CUST005731,Female,41,Graduate,Salaried,Single,1,110800.0,658.0,0,LN005731,Personal,673142.0,48,14.43,18540.13,28.19,14.6,0,Good,Owned,East,Approved,Default
CUST005732,Female,56,Graduate,Salaried,Single,1,67148.0,631.0,0,LN005732,Personal,122082.0,48,17.93,3581.69,8.6,16.4,0,Fair,Owned,South,Approved,Non-Default
CUST005733,Female,36,High School,Salaried,Single,0,57732.0,579.0,3,LN005733,Personal,245991.0,24,17.38,12207.31,36.52,18.0,0,Fair,Rented,West,Approved,Non-Default
CUST005734,Female,30,Graduate,Unemployed,Single,2,59093.0,661.0,3,LN005734,Auto,122546.0,24,14.93,5937.77,20.35,5.6,0,Good,Rented,North,Approved,Non-Default
CUST005735,Female,42,High School,Unemployed,Married,1,53698.0,667.0,3,LN005735,Education,154587.0,60,13.99,3596.17,11.49,4.0,0,Good,Owned,North,Approved,Non-Default
CUST005736,Female,26,Graduate,Salaried,Single,1,58089.0,821.0,2,LN005736,Personal,186807.0,36,16.41,6605.46,13.93,4.7,0,Excellent,Mortgage,West,Approved,Non-Default
CUST005737,Female,51,Postgraduate,Salaried,Married,2,45101.0,666.0,1,LN005737,Auto,170236.0,12,16.09,15452.91,48.45,12.6,0,Good,Rented,South,Approved,Non-Default
CUST005738,Male,26,Graduate,Salaried,Single,1,151821.0,715.0,1,LN005738,Home,117044.0,36,14.12,4007.11,12.12,10.0,0,Excellent,Owned,South,Approved,Non-Default
CUST005739,Female,28,High School,Salaried,Single,2,72744.0,609.0,1,LN005739,Education,59649.0,60,14.4,1400.33,7.71,7.0,2,Fair,Owned,South,Approved,Default
CUST005740,Male,34,Postgraduate,Salaried,Single,2,34073.0,670.0,0,LN005740,Auto,662005.0,60,14.77,15669.24,57.82,0.0,0,Good,Rented,East,Approved,Non-Default
CUST005741,Male,56,Graduate,Unemployed,Single,2,42477.0,693.0,0,LN005741,Home,504102.0,12,15.62,45647.01,75.0,9.0,0,Good,Owned,South,Approved,Non-Default
CUST005742,Female,52,High School,Salaried,Married,1,30634.0,611.0,1,LN005742,Education,155833.0,36,15.39,5431.81,35.8,10.7,1,Fair,Mortgage,South,Rejected,Non-Default
CUST005743,Male,46,Postgraduate,Salaried,Married,0,52331.0,716.0,2,LN005743,Personal,166542.0,60,17.45,4179.4,6.86,2.2,0,Excellent,Mortgage,West,Approved,Non-Default
CUST005744,Male,52,Postgraduate,Salaried,Married,2,53090.0,675.0,1,LN005744,Education,212434.0,48,15.71,5988.93,22.49,15.2,0,Good,Rented,North,Approved,Non-Default
CUST005745,Male,30,High School,Salaried,Single,1,34648.0,702.0,1,LN005745,Auto,214178.0,12,16.05,19437.62,75.0,10.6,0,Excellent,Owned,South,Rejected,Non-Default
CUST005746,Female,29,High School,Self-employed,Married,2,91092.0,724.0,0,LN005746,Personal,58284.0,36,17.24,2084.95,9.59,7.8,2,Excellent,Rented,East,Rejected,Non-Default
CUST005747,Female,47,Graduate,Salaried,Single,1,51609.0,695.0,0,LN005747,Auto,182263.0,36,14.64,6286.12,22.98,10.8,0,Good,Owned,North,Approved,Non-Default
CUST005748,Female,26,Graduate,Self-employed,Married,0,44589.0,667.0,1,LN005748,Home,223866.0,60,16.91,5552.82,35.39,3.6,0,Good,Mortgage,East,Approved,Non-Default
CUST005749,Female,42,Postgraduate,Unemployed,Single,3,47579.0,670.0,1,LN005749,Home,521002.0,72,14.59,10900.92,29.0,16.6,1,Good,Owned,East,Approved,Non-Default
CUST005750,Male,22,Graduate,Salaried,Married,1,50388.0,727.0,0,LN005750,Personal,205548.0,36,16.83,7310.97,30.95,1.7,0,Excellent,Mortgage,West,Approved,Default
CUST005751,Male,54,Graduate,Salaried,Divorced,2,48577.0,745.0,2,LN005751,Auto,184794.0,60,13.56,4257.8,11.19,13.1,0,Excellent,Mortgage,West,Approved,Non-Default
CUST005752,Male,26,High School,Self-employed,Married,0,51984.0,720.0,2,LN005752,Business,173839.0,72,15.87,3758.46,27.38,6.6,0,Excellent,Mortgage,East,Approved,Non-Default
CUST005753,Female,29,Graduate,Self-employed,Single,1,96247.0,820.0,1,LN005753,Personal,213098.0,12,15.26,19260.02,24.92,12.7,0,Excellent,Owned,South,Approved,Non-Default
CUST005754,Female,34,High School,Unemployed,Married,2,86718.0,652.0,1,LN005754,Personal,188352.0,48,15.95,5333.13,19.81,12.4,0,Good,Mortgage,North,Approved,Non-Default
CUST005755,Male,61,Graduate,Salaried,Divorced,2,32377.0,737.0,1,LN005755,Personal,192855.0,36,17.17,6892.13,40.94,5.7,1,Excellent,Owned,North,Approved,Default
CUST005756,Male,36,Graduate,Salaried,Single,0,37159.0,649.0,0,LN005756,Business,384540.0,60,17.04,9565.08,33.83,14.6,0,Fair,Mortgage,North,Approved,Non-Default
CUST005757,Female,33,Graduate,Salaried,Single,0,81891.0,655.0,0,LN005757,Personal,313285.0,60,18.66,8068.29,25.26,5.4,0,Good,Rented,East,Approved,Non-Default
CUST005758,Male,54,Graduate,Self-employed,Divorced,1,83738.0,617.0,1,LN005758,Education,81731.0,60,13.53,1881.88,27.44,12.1,0,Fair,Owned,West,Approved,Non-Default
CUST005759,Female,43,High School,Salaried,Single,1,43837.0,590.0,0,LN005759,Business,336115.0,36,16.08,11830.09,40.78,1.3,0,Fair,Rented,West,Approved,Default
CUST005760,Female,47,Graduate,Salaried,Divorced,1,201632.0,604.0,1,LN005760,Auto,96941.0,12,15.38,8767.12,8.76,10.1,0,Fair,Owned,South,Rejected,Non-Default
CUST005761,Female,36,High School,Salaried,Single,1,42946.0,696.0,0,LN005761,Personal,172655.0,12,15.03,15585.99,62.5,0.0,0,Good,Mortgage,West,Approved,Non-Default
CUST005762,Male,45,High School,Salaried,Single,2,67197.0,674.0,0,LN005762,Auto,433870.0,60,13.4,9960.94,31.54,16.6,0,Good,Owned,East,Approved,Non-Default
CUST005763,Male,21,High School,Salaried,Married,2,63705.0,691.0,1,LN005763,Education,103581.0,12,13.84,9292.44,24.98,11.2,0,Good,Mortgage,East,Approved,Non-Default
CUST005764,Male,57,Graduate,Self-employed,Single,1,35610.0,709.0,1,LN005764,Personal,199524.0,48,17.36,5794.5,37.19,6.7,0,Excellent,Rented,East,Approved,Non-Default
CUST005765,Female,41,High School,Salaried,Single,0,56272.0,718.0,1,LN005765,Auto,142008.0,60,13.03,3233.3,26.35,9.0,1,Excellent,Rented,East,Approved,Non-Default
CUST005766,Female,36,Graduate,Self-employed,Married,3,66537.0,605.0,1,LN005766,Home,168286.0,24,15.58,8206.07,34.02,7.5,0,Fair,Rented,North,Approved,Default
CUST005767,Male,36,Graduate,Self-employed,Married,0,61998.0,639.0,1,LN005767,Business,98426.0,12,18.0,9023.69,30.64,18.6,1,Fair,Owned,South,Approved,Non-Default
CUST005768,Female,24,Postgraduate,Salaried,Married,2,43062.0,629.0,1,LN005768,Personal,101694.0,12,16.94,9272.08,34.76,14.7,0,Fair,Rented,North,Approved,Default
CUST005769,Male,28,Graduate,Salaried,Divorced,2,51119.0,767.0,2,LN005769,Personal,313316.0,48,13.71,8516.31,34.19,14.3,0,Excellent,Rented,West,Rejected,Non-Default
CUST005770,Female,44,Graduate,Salaried,Married,0,22655.0,731.0,1,LN005770,Business,92851.0,12,14.76,8370.06,64.26,9.3,2,Excellent,Owned,West,Approved,Default
CUST005771,Male,39,High School,Salaried,Single,2,26030.0,681.0,0,LN005771,Home,209718.0,24,15.64,10232.41,56.23,14.0,0,Good,Owned,North,Approved,Default
CUST005772,Female,46,Graduate,Salaried,Divorced,1,38668.0,750.0,1,LN005772,Home,68912.0,60,13.63,1590.27,18.6,4.8,0,Excellent,Mortgage,North,Approved,Non-Default
CUST005773,Female,39,High School,Salaried,Single,2,110023.0,752.0,0,LN005773,Education,312294.0,48,12.44,8291.53,13.08,7.0,0,Excellent,Rented,East,Approved,Non-Default
CUST005774,Female,39,High School,Salaried,Single,1,52834.0,592.0,2,LN005774,Home,192535.0,60,13.5,4430.2,17.32,2.5,0,Fair,Owned,North,Approved,Non-Default
CUST005775,Female,38,Graduate,Salaried,Married,2,57303.0,734.0,2,LN005775,Home,96513.0,36,12.48,3227.78,8.83,17.0,0,Excellent,Owned,East,Approved,Non-Default
CUST005776,Female,21,Postgraduate,Unemployed,Single,0,57265.0,730.0,2,LN005776,Auto,584953.0,36,13.89,19961.07,39.16,8.4,0,Excellent,Rented,West,Approved,Non-Default
CUST005777,Male,31,High School,Unemployed,Single,2,41032.0,732.0,0,LN005777,Auto,289304.0,24,14.29,13929.99,49.19,4.6,0,Excellent,Mortgage,East,Approved,Non-Default
CUST005778,Female,30,Graduate,Unemployed,Married,2,59446.0,684.0,2,LN005778,Home,578662.0,60,13.9,13434.47,23.68,10.4,0,Good,Owned,West,Approved,Non-Default
CUST005779,Female,48,Postgraduate,Unemployed,Married,3,101038.0,733.0,1,LN005779,Personal,128967.0,60,14.61,3041.78,5.0,21.0,0,Excellent,Mortgage,South,Approved,Non-Default
CUST005780,Female,54,High School,Unemployed,Married,1,37593.0,673.0,0,LN005780,Personal,97573.0,36,16.79,3468.55,25.75,14.1,0,Good,Owned,East,Approved,Non-Default
CUST005781,Male,44,Graduate,Unemployed,Single,3,31119.0,683.0,1,LN005781,Auto,151592.0,36,15.46,5289.2,31.89,3.7,0,Good,Mortgage,North,Approved,Non-Default
CUST005782,Male,40,High School,Salaried,Married,1,84935.0,601.0,1,LN005782,Business,294661.0,48,15.21,8232.04,27.6,9.5,0,Fair,Owned,South,Approved,Non-Default
CUST005783,Male,48,Graduate,Unemployed,Married,1,120620.0,583.0,2,LN005783,Home,183589.0,48,15.73,5177.61,19.7,9.0,0,Fair,Owned,East,Approved,Default
CUST005784,Male,21,High School,Salaried,Married,2,49999.0,568.0,2,LN005784,Personal,236796.0,24,16.44,11644.11,40.48,0.0,1,Fair,Owned,West,Approved,Default
CUST005785,Female,32,High School,Salaried,Married,1,22792.0,523.0,0,LN005785,Home,254408.0,48,17.9,7459.95,42.73,3.7,0,Poor,Rented,North,Approved,Non-Default
CUST005786,Male,47,Graduate,Self-employed,Divorced,3,32512.0,701.0,3,LN005786,Personal,149851.0,48,15.69,4223.07,24.37,13.2,0,Excellent,Rented,West,Rejected,Non-Default
CUST005787,Female,31,High School,Self-employed,Single,1,65947.0,558.0,2,LN005787,Education,174482.0,24,16.57,8590.78,20.11,16.4,0,Fair,Owned,South,Approved,Non-Default
CUST005788,Male,45,Graduate,Salaried,Single,2,59975.0,648.0,0,LN005788,Personal,82082.0,60,17.77,2074.09,13.12,6.0,1,Fair,Owned,North,Approved,Non-Default
CUST005789,Male,33,Postgraduate,Salaried,Married,0,32006.0,736.0,0,LN005789,Home,168957.0,24,14.56,8156.88,34.77,2.9,1,Excellent,Rented,South,Approved,Non-Default
CUST005790,Female,36,Graduate,Self-employed,Married,1,71321.0,728.0,3,LN005790,Home,156150.0,72,15.11,3311.13,14.62,4.1,0,Excellent,Rented,North,Rejected,Non-Default
CUST005791,Male,38,Graduate,Salaried,Single,0,80302.0,674.0,0,LN005791,Business,416782.0,36,17.27,14915.48,35.84,6.2,0,Good,Rented,East,Rejected,Non-Default
CUST005792,Female,41,Graduate,Unemployed,Married,1,53065.0,688.0,0,LN005792,Personal,326967.0,60,16.33,8008.65,24.09,0.7,0,Good,Owned,East,Approved,Non-Default
CUST005793,Male,30,Graduate,Self-employed,Married,1,71411.0,587.0,1,LN005793,Personal,168239.0,36,18.81,6150.82,15.47,30.7,0,Fair,Rented,North,Approved,Non-Default
CUST005794,Female,58,High School,Unemployed,Married,1,115103.0,755.0,2,LN005794,Personal,316943.0,36,17.21,11333.04,12.49,14.7,1,Excellent,Rented,East,Approved,Default
CUST005795,Female,40,Graduate,Self-employed,Married,2,60557.0,748.0,1,LN005795,Education,219656.0,24,14.56,10604.52,39.36,13.0,0,Excellent,Owned,West,Approved,Non-Default
CUST005796,Male,55,Graduate,Unemployed,Married,2,55061.0,692.0,1,LN005796,Personal,294702.0,48,14.17,8078.32,30.46,8.1,0,Good,Rented,South,Approved,Non-Default
CUST005797,Male,42,Postgraduate,Salaried,Married,0,58216.0,666.0,1,LN005797,Auto,168046.0,36,15.68,5881.48,29.24,0.0,0,Good,Rented,South,Approved,Default
CUST005798,Female,45,Postgraduate,Salaried,Married,1,43825.0,728.0,1,LN005798,Home,186586.0,72,12.01,3648.76,5.0,11.2,0,Excellent,Mortgage,South,Approved,Non-Default
CUST005799,Female,49,Graduate,Salaried,Single,0,25906.0,701.0,1,LN005799,Auto,109083.0,72,12.55,2163.92,21.53,3.3,0,Excellent,Owned,North,Approved,Non-Default
CUST005800,Female,44,Graduate,Salaried,Married,0,59431.0,663.0,0,LN005800,Home,41896.0,60,16.05,1019.94,18.06,2.6,0,Good,Rented,North,Approved,Non-Default
CUST005801,Male,41,High School,Salaried,Single,0,55127.0,786.0,1,LN005801,Personal,346933.0,12,15.33,31367.64,75.0,3.9,0,Excellent,Owned,South,Approved,Default
CUST005802,Female,29,Graduate,Salaried,Divorced,1,18000.0,708.0,2,LN005802,Auto,148824.0,24,13.84,7134.23,58.08,4.2,2,Excellent,Owned,North,Rejected,Non-Default
CUST005803,Female,26,High School,Salaried,Single,2,115438.0,764.0,2,LN005803,Business,272273.0,36,14.73,9402.47,24.07,1.2,1,Excellent,Rented,North,Approved,Non-Default
CUST005804,Female,39,Graduate,Salaried,Divorced,3,31852.0,533.0,2,LN005804,Home,115676.0,36,16.15,4075.4,26.84,11.1,0,Poor,Rented,East,Rejected,Default
CUST005805,Male,42,Graduate,Self-employed,Divorced,0,48670.0,612.0,1,LN005805,Home,170496.0,36,13.76,5807.29,25.79,0.0,0,Fair,Rented,East,Approved,Non-Default
CUST005806,Female,35,Graduate,Salaried,Divorced,2,82000.0,690.0,2,LN005806,Home,172177.0,24,14.99,8347.47,20.75,15.4,0,Good,Owned,South,Approved,Non-Default
CUST005807,Female,22,High School,Salaried,Married,2,38945.0,663.0,2,LN005807,Home,291318.0,60,13.33,6677.7,23.79,14.5,1,Good,Rented,West,Rejected,Non-Default
CUST005808,Female,36,Graduate,Self-employed,Single,2,149793.0,627.0,2,LN005808,Auto,394750.0,24,14.24,18997.87,16.7,20.7,1,Fair,Owned,South,Rejected,Non-Default
CUST005809,Female,58,Postgraduate,Unemployed,Married,2,44046.0,777.0,0,LN005809,Auto,139002.0,60,12.51,3127.97,15.94,4.9,0,Excellent,Mortgage,South,Approved,Non-Default
CUST005810,Male,51,High School,Salaried,Married,3,53568.0,707.0,0,LN005810,Home,241160.0,60,13.37,5532.92,29.52,0.0,0,Excellent,Owned,South,Approved,Non-Default
CUST005811,Male,41,High School,Salaried,Single,0,85552.0,811.0,1,LN005811,Home,484738.0,12,11.24,42896.23,75.0,4.3,0,Excellent,Owned,South,Approved,Non-Default
CUST005812,Female,45,Graduate,Salaried,Married,0,43824.0,732.0,1,LN005812,Home,230887.0,48,11.37,6008.97,38.16,13.7,0,Excellent,Rented,North,Rejected,Default
CUST005813,Female,70,High School,Self-employed,Married,2,46480.0,721.0,0,LN005813,Personal,72524.0,24,14.17,3487.91,19.23,6.8,1,Excellent,Owned,South,Approved,Non-Default
CUST005814,Female,37,Graduate,Salaried,Divorced,1,89847.0,614.0,1,LN005814,Business,89581.0,24,17.84,4465.33,5.0,0.0,2,Fair,Rented,South,Approved,Default
CUST005815,Male,56,Graduate,Self-employed,Single,2,155837.0,760.0,0,LN005815,Business,324113.0,60,13.65,7482.86,13.43,0.0,0,Excellent,Mortgage,West,Approved,Non-Default
CUST005816,Female,49,High School,Self-employed,Married,1,55576.0,779.0,2,LN005816,Personal,87797.0,36,15.91,3082.78,13.08,13.3,1,Excellent,Rented,West,Approved,Default
CUST005817,Male,45,Graduate,Self-employed,Married,1,79179.0,567.0,1,LN005817,Education,240511.0,12,17.62,22006.57,50.47,0.0,0,Fair,Rented,South,Approved,Non-Default
CUST005818,Male,42,High School,Salaried,Single,1,37255.0,703.0,0,LN005818,Auto,228570.0,12,13.44,20462.46,75.0,0.0,2,Excellent,Mortgage,South,Approved,Non-Default
CUST005819,Male,23,High School,Salaried,Single,0,58985.0,732.0,2,LN005819,Personal,180275.0,24,16.0,8826.82,31.62,14.2,0,Excellent,Mortgage,West,Approved,Non-Default
CUST005820,Male,36,High School,Self-employed,Married,1,53772.0,567.0,0,LN005820,Auto,157542.0,36,14.33,5409.7,17.25,4.6,1,Fair,Rented,South,Approved,Default
CUST005821,Male,21,Postgraduate,Salaried,Married,0,121357.0,723.0,2,LN005821,Auto,205439.0,36,13.72,6993.51,14.1,21.0,0,Excellent,Owned,North,Approved,Non-Default
CUST005822,Male,35,Graduate,Salaried,Married,1,60506.0,800.0,1,LN005822,Education,184088.0,24,12.25,8687.17,27.17,12.8,0,Excellent,Rented,East,Approved,Non-Default
CUST005823,Female,61,Graduate,Self-employed,Single,1,36865.0,704.0,1,LN005823,Personal,107264.0,36,16.61,3803.47,27.97,13.9,0,Excellent,Mortgage,North,Approved,Default
CUST005824,Male,50,Graduate,Salaried,Married,0,44235.0,653.0,0,LN005824,Business,77205.0,60,18.15,1966.8,19.02,19.8,0,Good,Owned,North,Approved,Non-Default
CUST005825,Male,44,Postgraduate,Salaried,Single,0,40903.0,651.0,0,LN005825,Auto,240662.0,12,15.46,21774.02,72.31,7.1,1,Good,Owned,South,Approved,Non-Default
CUST005826,Female,52,Postgraduate,Unemployed,Married,0,91564.0,730.0,1,LN005826,Personal,441098.0,60,14.73,10431.28,30.93,13.1,1,Excellent,Rented,West,Approved,Non-Default
CUST005827,Female,45,High School,Self-employed,Married,3,69698.0,668.0,3,LN005827,Education,309875.0,36,14.59,10679.81,19.37,4.1,0,Good,Owned,East,Approved,Non-Default
CUST005828,Female,37,Graduate,Salaried,Single,3,72359.0,601.0,0,LN005828,Education,94328.0,36,16.6,3344.3,5.0,6.1,0,Fair,Owned,South,Approved,Non-Default
CUST005829,Female,30,High School,Self-employed,Married,2,55987.0,604.0,1,LN005829,Home,311019.0,24,17.21,15408.89,52.56,7.9,0,Fair,Owned,East,Approved,Non-Default
CUST005830,Female,34,Postgraduate,Salaried,Married,3,158569.0,706.0,1,LN005830,Auto,290563.0,36,12.36,9700.89,14.07,0.6,3,Excellent,Rented,South,Approved,Non-Default
CUST005831,Female,25,Postgraduate,Self-employed,Single,3,43726.0,780.0,0,LN005831,Home,80916.0,24,14.17,3891.51,17.1,8.9,0,Excellent,Mortgage,South,Approved,Non-Default
CUST005832,Female,28,High School,Salaried,Single,3,44861.0,791.0,1,LN005832,Home,78618.0,60,14.35,1843.6,14.34,22.4,1,Excellent,Rented,West,Approved,Non-Default
CUST005833,Female,21,Graduate,Unemployed,Single,0,29783.0,657.0,3,LN005833,Personal,229194.0,48,15.34,6418.21,32.23,8.4,0,Good,Rented,North,Approved,Default
CUST005834,Female,44,Postgraduate,Salaried,Married,3,33733.0,682.0,0,LN005834,Business,70041.0,60,14.79,1658.56,20.69,9.1,0,Good,Rented,North,Approved,Non-Default
CUST005835,Female,28,High School,Self-employed,Single,1,44076.0,655.0,2,LN005835,Business,96955.0,24,16.46,4768.56,13.04,11.0,1,Good,Mortgage,South,Approved,Non-Default
CUST005836,Male,44,High School,Salaried,Married,2,35508.0,575.0,0,LN005836,Education,75522.0,48,16.75,2169.43,5.0,0.0,0,Fair,Mortgage,South,Approved,Default
CUST005837,Female,24,Graduate,Unemployed,Married,3,55368.0,599.0,3,LN005837,Personal,160022.0,24,17.2,7927.24,23.71,11.5,1,Fair,Rented,West,Approved,Default
CUST005838,Female,39,Graduate,Self-employed,Single,1,82477.0,633.0,2,LN005838,Personal,85651.0,72,17.9,1948.67,5.0,15.6,0,Fair,Mortgage,South,Approved,Non-Default
CUST005839,Female,28,Graduate,Salaried,Divorced,0,74215.0,711.0,0,LN005839,Auto,426384.0,24,14.42,20556.63,34.77,11.2,0,Excellent,Rented,East,Approved,Non-Default
CUST005840,Male,21,Postgraduate,Salaried,Married,0,91639.0,627.0,0,LN005840,Education,108282.0,36,15.12,3760.0,13.12,16.3,2,Fair,Rented,North,Approved,Non-Default
CUST005841,Male,28,Graduate,Self-employed,Single,1,36279.0,757.0,1,LN005841,Personal,139452.0,72,14.72,2927.55,18.22,11.1,1,Excellent,Owned,East,Approved,Non-Default
CUST005842,Male,42,High School,Unemployed,Single,2,47073.0,643.0,1,LN005842,Personal,235995.0,24,16.54,11616.03,39.95,8.6,0,Fair,Mortgage,South,Rejected,Non-Default
CUST005843,Male,41,Graduate,Self-employed,Married,3,91473.0,705.0,1,LN005843,Auto,119919.0,24,16.7,5911.8,5.0,3.2,0,Excellent,Mortgage,South,Approved,Non-Default
CUST005844,Female,46,High School,Self-employed,Married,1,53510.0,681.0,1,LN005844,Personal,494294.0,60,17.75,12484.69,41.14,2.4,0,Good,Mortgage,West,Rejected,Non-Default
CUST005845,Male,42,Graduate,Unemployed,Married,2,39847.0,687.0,1,LN005845,Auto,292296.0,36,15.37,10185.58,39.29,11.8,0,Good,Owned,North,Approved,Non-Default
CUST005846,Female,29,Graduate,Self-employed,Married,1,79024.0,718.0,2,LN005846,Home,131403.0,60,15.35,3150.26,25.11,18.9,0,Excellent,Mortgage,North,Approved,Non-Default
CUST005847,Female,49,Graduate,Salaried,Married,2,73974.0,755.0,1,LN005847,Business,836173.0,24,14.73,40436.04,74.88,4.8,0,Excellent,Owned,South,Approved,Non-Default
CUST005848,Male,38,High School,Self-employed,Married,1,49611.0,661.0,3,LN005848,Personal,261835.0,36,13.79,8922.22,31.64,1.2,0,Good,Mortgage,East,Rejected,Non-Default
CUST005849,Female,37,High School,Self-employed,Married,1,48395.0,718.0,0,LN005849,Business,383471.0,36,17.1,13690.88,46.97,2.2,0,Excellent,Owned,East,Approved,Non-Default
CUST005850,Male,42,Graduate,Salaried,Single,1,66306.0,824.0,2,LN005850,Business,198697.0,36,12.98,6692.97,21.17,6.6,0,Excellent,Owned,West,Approved,Non-Default
CUST005851,Female,44,Graduate,Salaried,Married,1,,718.0,2,LN005851,Personal,216555.0,48,16.91,6238.62,37.65,7.6,0,Excellent,Rented,South,Approved,Non-Default
CUST005852,Male,39,High School,Salaried,Single,2,23498.0,584.0,2,LN005852,Home,287052.0,36,16.13,10110.33,67.63,3.9,0,Fair,Mortgage,North,Approved,Non-Default
CUST005853,Female,36,Graduate,Self-employed,Married,0,127023.0,731.0,0,LN005853,Home,193404.0,72,14.09,3994.56,22.33,3.8,1,Excellent,Mortgage,North,Approved,Non-Default
CUST005854,Male,48,High School,Unemployed,Divorced,2,20833.0,715.0,1,LN005854,Business,718787.0,36,14.45,24723.83,75.0,14.9,1,Excellent,Owned,West,Approved,Non-Default
CUST005855,Male,50,Graduate,Unemployed,Single,0,27483.0,690.0,2,LN005855,Home,315348.0,12,15.62,28555.12,75.0,9.9,2,Good,Rented,West,Approved,Non-Default
CUST005856,Male,45,Graduate,Self-employed,Married,0,66791.0,711.0,0,LN005856,Personal,285864.0,72,15.02,6047.7,12.22,0.0,0,Excellent,Mortgage,West,Approved,Non-Default
CUST005857,Male,38,Graduate,Self-employed,Married,0,42163.0,640.0,2,LN005857,Home,122555.0,48,13.05,3290.89,15.59,9.7,1,Fair,Rented,South,Rejected,Default
CUST005858,Female,37,High School,Unemployed,Married,0,27279.0,761.0,0,LN005858,Auto,127844.0,24,12.2,6030.01,55.39,0.0,2,Excellent,Owned,West,Approved,Non-Default
CUST005859,Male,23,Graduate,Salaried,Single,1,45603.0,641.0,2,LN005859,Business,127855.0,60,15.74,3091.55,21.38,5.4,0,Fair,Mortgage,East,Approved,Non-Default
CUST005860,Female,58,Graduate,Unemployed,Married,1,56445.0,713.0,3,LN005860,Auto,133282.0,48,14.44,3671.61,16.32,5.6,0,Excellent,Owned,West,Approved,Non-Default
CUST005861,Male,30,Graduate,Salaried,Married,1,67001.0,705.0,2,LN005861,Business,71960.0,72,14.35,1496.31,14.12,13.4,0,Excellent,Rented,East,Approved,Non-Default
CUST005862,Male,48,Graduate,Salaried,Single,0,29174.0,707.0,2,LN005862,Personal,179895.0,36,16.13,6336.13,27.33,5.6,0,Excellent,Rented,South,Approved,Non-Default
CUST005863,Female,47,High School,Salaried,Married,1,69717.0,644.0,0,LN005863,Home,390089.0,12,14.87,35184.85,71.05,9.2,0,Fair,Mortgage,South,Approved,Non-Default
CUST005864,Female,40,Postgraduate,Salaried,Single,0,40213.0,486.0,0,LN005864,Home,156536.0,36,16.29,5525.78,22.89,0.0,1,Poor,Mortgage,East,Rejected,Default
CUST005865,Female,56,Graduate,Salaried,Married,3,38713.0,647.0,0,LN005865,Home,110242.0,12,15.18,9959.62,45.83,3.6,1,Fair,Rented,East,Approved,Non-Default
CUST005866,Male,33,High School,Self-employed,Married,1,105514.0,616.0,0,LN005866,Personal,352829.0,24,18.75,17742.8,19.28,2.5,0,Fair,Mortgage,West,Approved,Non-Default
CUST005867,Male,40,Graduate,Self-employed,Married,2,59252.0,698.0,0,LN005867,Education,148059.0,60,14.31,3468.92,17.72,7.4,0,Good,Owned,East,Approved,Non-Default
CUST005868,Female,31,Postgraduate,Self-employed,Single,1,61849.0,584.0,0,LN005868,Personal,380364.0,24,17.3,18860.93,35.03,7.3,0,Fair,Rented,East,Rejected,Default
CUST005869,Female,28,Graduate,Self-employed,Single,0,25115.0,636.0,1,LN005869,Business,260132.0,60,15.65,6277.63,35.31,3.2,0,Fair,Owned,East,Rejected,Non-Default
CUST005870,Female,31,Graduate,Self-employed,Married,2,104598.0,613.0,0,LN005870,Personal,117901.0,60,18.07,2998.4,5.0,0.0,0,Fair,Rented,North,Approved,Default
CUST005871,Female,62,Postgraduate,Salaried,Divorced,1,71978.0,689.0,1,LN005871,Personal,322684.0,48,15.42,9049.39,21.93,15.6,0,Good,Owned,North,Approved,Non-Default
CUST005872,Male,56,Postgraduate,Salaried,Married,0,59387.0,638.0,0,LN005872,Education,238963.0,48,13.92,6520.43,28.55,6.0,0,Fair,Owned,South,Approved,Non-Default
CUST005873,Male,23,Graduate,Salaried,Married,1,82372.0,727.0,0,LN005873,Business,342340.0,60,14.75,8099.39,20.66,11.8,0,Excellent,Owned,North,Approved,Non-Default
CUST005874,Male,48,Graduate,Self-employed,Married,1,28068.0,627.0,0,LN005874,Personal,313057.0,48,18.37,9256.69,53.96,9.0,1,Fair,Owned,South,Approved,Default
CUST005875,Female,36,Graduate,Unemployed,Single,2,57245.0,793.0,2,LN005875,Personal,123572.0,72,12.86,2471.48,22.47,5.9,1,Excellent,Rented,East,Approved,Non-Default
CUST005876,Male,32,Graduate,Salaried,Married,1,65481.0,823.0,0,LN005876,Home,197247.0,72,12.33,3890.15,22.79,8.7,0,Excellent,Owned,East,Approved,Non-Default
CUST005877,Female,35,High School,Salaried,Married,0,72741.0,675.0,1,LN005877,Home,146925.0,36,15.21,5108.33,5.0,12.7,0,Good,Rented,South,Approved,Non-Default
CUST005878,Male,59,Graduate,Salaried,Single,1,36162.0,666.0,1,LN005878,Education,172067.0,24,14.54,8305.4,33.83,9.8,1,Good,Mortgage,South,Approved,Non-Default
CUST005879,Male,46,Postgraduate,Salaried,Single,0,42172.0,693.0,1,LN005879,Home,119925.0,60,13.57,2763.78,12.35,7.4,0,Good,Mortgage,West,Approved,Non-Default
CUST005880,Female,33,Postgraduate,Unemployed,Single,2,35186.0,802.0,0,LN005880,Personal,159862.0,12,13.57,14321.22,61.08,3.3,0,Excellent,Owned,North,Approved,Default
CUST005881,Female,33,Graduate,Salaried,Divorced,1,42253.0,625.0,2,LN005881,Education,122944.0,12,14.33,11057.89,33.29,9.3,0,Fair,Rented,South,Approved,Non-Default
CUST005882,Female,32,Graduate,Salaried,Single,3,80638.0,781.0,0,LN005882,Home,90010.0,36,12.08,2993.06,17.32,18.3,0,Excellent,Owned,North,Approved,Non-Default
CUST005883,Male,34,Graduate,Self-employed,Married,1,18453.0,780.0,3,LN005883,Auto,149532.0,12,14.23,13442.23,75.0,11.1,0,Excellent,Owned,West,Approved,Non-Default
CUST005884,Male,50,Postgraduate,Salaried,Married,0,55840.0,676.0,0,LN005884,Home,80813.0,48,14.15,2214.42,11.34,7.6,0,Good,Owned,North,Approved,Non-Default
CUST005885,Male,51,Graduate,Self-employed,Single,3,72176.0,741.0,3,LN005885,Personal,107244.0,72,12.55,2127.44,5.0,20.0,1,Excellent,Rented,South,Approved,Non-Default
CUST005886,Male,52,Graduate,Unemployed,Married,1,38182.0,799.0,0,LN005886,Auto,103385.0,24,12.02,4867.66,24.53,3.1,0,Excellent,Owned,East,Approved,Non-Default
CUST005887,Male,31,Graduate,Salaried,Single,2,61186.0,629.0,0,LN005887,Business,100594.0,60,16.97,2498.4,22.35,16.7,1,Fair,Mortgage,West,Approved,Non-Default
CUST005888,Female,44,High School,Self-employed,Single,0,38001.0,653.0,1,LN005888,Home,123182.0,60,15.82,2983.78,24.84,11.2,0,Good,Mortgage,East,Approved,Non-Default
CUST005889,Female,47,High School,Self-employed,Single,1,79229.0,697.0,0,LN005889,Home,51162.0,36,14.94,1772.04,29.89,9.8,0,Good,Rented,East,Approved,Non-Default
CUST005890,Male,34,Graduate,Salaried,Married,1,43733.0,726.0,1,LN005890,Home,166889.0,60,12.49,3753.81,24.9,2.2,0,Excellent,Rented,South,Approved,Non-Default
CUST005891,Female,41,Graduate,Unemployed,Married,1,68847.0,627.0,1,LN005891,Home,424884.0,36,15.47,14826.72,26.37,16.4,0,Fair,Rented,North,Approved,Non-Default
CUST005892,Male,44,Postgraduate,Salaried,Married,0,25195.0,709.0,1,LN005892,Personal,57511.0,48,13.87,1567.83,14.89,6.3,2,Excellent,Owned,West,Rejected,Default
CUST005893,Female,52,High School,Salaried,Single,1,33250.0,726.0,0,LN005893,Home,187817.0,60,13.58,4329.38,27.63,5.9,0,Excellent,Owned,South,Approved,Non-Default
CUST005894,Female,22,High School,Salaried,Married,0,42016.0,647.0,1,LN005894,Business,59488.0,72,17.03,1324.37,7.95,15.7,0,Fair,Rented,South,Approved,Non-Default
CUST005895,Male,50,Graduate,Unemployed,Single,1,19836.0,720.0,1,LN005895,Home,26625.0,36,14.23,912.96,15.48,24.0,0,Excellent,Owned,North,Approved,Non-Default
CUST005896,Male,29,Graduate,Self-employed,Single,1,48479.0,802.0,1,LN005896,Business,70344.0,24,14.37,3389.73,22.54,10.7,0,Excellent,Owned,West,Rejected,Non-Default
CUST005897,Female,34,Graduate,Salaried,Single,0,39949.0,727.0,1,LN005897,Home,229799.0,36,12.65,7704.15,22.81,0.0,0,Excellent,Owned,South,Approved,Non-Default
CUST005898,Female,28,Graduate,Unemployed,Married,1,162459.0,759.0,0,LN005898,Business,153740.0,48,15.8,4341.3,15.33,14.6,2,Excellent,Owned,North,Approved,Non-Default
CUST005899,Female,46,Postgraduate,Self-employed,Married,1,37519.0,816.0,0,LN005899,Personal,161369.0,60,13.64,3724.72,8.17,7.3,2,Excellent,Owned,West,Approved,Non-Default
CUST005900,Male,46,High School,Self-employed,Married,1,125714.0,702.0,3,LN005900,Home,55941.0,48,13.72,1520.82,5.85,14.3,0,Excellent,Mortgage,West,Rejected,Non-Default
CUST005901,Male,31,Graduate,Self-employed,Married,0,77071.0,625.0,0,LN005901,Auto,265812.0,48,14.93,7388.32,32.93,16.5,0,Fair,Owned,East,Approved,Non-Default
CUST005902,Female,36,High School,Salaried,Divorced,1,85957.0,648.0,2,LN005902,Personal,346517.0,72,18.05,7913.09,15.07,16.4,0,Fair,Owned,West,Approved,Non-Default
CUST005903,Male,39,Graduate,Unemployed,Single,1,41508.0,623.0,2,LN005903,Personal,92615.0,36,16.61,3284.03,22.81,16.0,0,Fair,Owned,South,Approved,Non-Default
CUST005904,Female,36,High School,Self-employed,Married,2,51439.0,617.0,1,LN005904,Personal,323056.0,36,17.65,11622.61,43.45,2.6,1,Fair,Rented,South,Approved,Non-Default
CUST005905,Female,40,High School,Self-employed,Married,1,72132.0,695.0,3,LN005905,Auto,293827.0,60,13.98,6833.79,15.9,7.2,0,Good,Rented,West,Approved,Non-Default
CUST005906,Male,30,Graduate,Salaried,Divorced,0,48466.0,659.0,0,LN005906,Personal,222298.0,36,15.36,7745.28,34.16,8.4,1,Good,Mortgage,East,Approved,Non-Default
CUST005907,Female,43,Graduate,Salaried,Single,2,83717.0,709.0,0,LN005907,Home,117789.0,36,13.68,4007.47,5.0,11.2,0,Excellent,Owned,North,Approved,Non-Default
CUST005908,Female,30,Graduate,Salaried,Married,0,84552.0,769.0,1,LN005908,Home,226711.0,60,13.98,5272.82,25.34,0.0,1,Excellent,Owned,West,Approved,Non-Default
CUST005909,Female,46,Postgraduate,Salaried,Divorced,0,44962.0,628.0,0,LN005909,Personal,201913.0,24,16.37,9922.02,40.39,15.6,0,Fair,Owned,South,Approved,Non-Default
CUST005910,Male,56,Graduate,Salaried,Married,2,68339.0,692.0,1,LN005910,Home,87845.0,36,14.22,3011.73,11.52,8.6,0,Good,Mortgage,North,Approved,Non-Default
CUST005911,Male,42,Postgraduate,Salaried,Single,3,36671.0,746.0,0,LN005911,Personal,236304.0,36,15.31,8227.47,47.92,10.4,0,Excellent,Rented,West,Approved,Non-Default
CUST005912,Female,21,High School,Salaried,Single,2,53253.0,649.0,0,LN005912,Home,234607.0,60,14.88,5566.52,9.51,3.4,0,Fair,Owned,South,Approved,Non-Default
CUST005913,Female,35,High School,Salaried,Single,2,47255.0,710.0,1,LN005913,Auto,136771.0,24,15.49,6663.45,28.39,4.9,0,Excellent,Owned,East,Approved,Non-Default
CUST005914,Female,39,Graduate,Unemployed,Married,1,100698.0,646.0,1,LN005914,Home,84520.0,36,14.39,2904.73,12.43,12.8,1,Fair,Owned,West,Approved,Non-Default
CUST005915,Female,45,Graduate,Salaried,Married,0,37998.0,700.0,2,LN005915,Auto,701741.0,36,14.46,24140.92,75.0,17.6,2,Excellent,Mortgage,North,Approved,Default
CUST005916,Male,38,High School,Salaried,Divorced,0,38360.0,630.0,0,LN005916,Education,170710.0,36,15.3,5942.83,23.94,13.8,0,Fair,Mortgage,East,Approved,Non-Default
CUST005917,Male,38,Graduate,Salaried,Single,1,75394.0,591.0,1,LN005917,Home,184809.0,72,15.48,3956.12,7.78,0.0,1,Fair,Owned,North,Approved,Non-Default
CUST005918,Female,21,High School,Self-employed,Married,0,40068.0,697.0,0,LN005918,Personal,109284.0,36,15.81,3831.86,12.07,18.1,0,Good,Owned,North,Approved,Non-Default
CUST005919,Male,28,Postgraduate,Salaried,Married,3,41825.0,686.0,1,LN005919,Personal,159288.0,12,16.21,14468.17,41.27,1.9,0,Good,Mortgage,North,Approved,Non-Default
CUST005920,Female,31,Graduate,Salaried,Single,2,39014.0,663.0,2,LN005920,Home,354009.0,60,15.06,8433.0,29.8,8.3,0,Good,Rented,East,Approved,Non-Default
CUST005921,Female,48,Graduate,Salaried,Married,0,49774.0,727.0,1,LN005921,Business,219666.0,24,17.87,10952.83,44.18,8.0,0,Excellent,Rented,North,Approved,Non-Default
CUST005922,Male,48,Postgraduate,Self-employed,Married,0,63827.0,685.0,0,LN005922,Business,243144.0,48,13.34,6564.05,7.83,10.8,0,Good,Rented,North,Approved,Non-Default
CUST005923,Female,46,High School,Salaried,Single,1,41538.0,699.0,1,LN005923,Personal,155902.0,36,16.17,5494.15,36.63,10.8,0,Good,Owned,East,Approved,Non-Default
CUST005924,Male,45,High School,Salaried,Single,1,103289.0,676.0,1,LN005924,Personal,116393.0,36,18.08,4212.56,14.22,0.0,0,Good,Rented,North,Approved,Default
CUST005925,Female,65,Graduate,Self-employed,Divorced,0,53286.0,736.0,0,LN005925,Personal,128985.0,48,16.3,3675.32,15.54,0.0,0,Excellent,Owned,West,Approved,Non-Default
CUST005926,Male,39,Graduate,Salaried,Married,0,50269.0,733.0,0,LN005926,Education,334007.0,24,13.21,15912.27,40.28,2.9,1,Excellent,Rented,East,Approved,Non-Default
CUST005927,Female,39,High School,Self-employed,Married,0,41784.0,673.0,2,LN005927,Auto,117387.0,60,12.17,2621.3,24.63,8.3,0,Good,Rented,West,Rejected,Non-Default
CUST005928,Male,33,Graduate,Salaried,Married,1,66857.0,717.0,1,LN005928,Business,61785.0,24,15.35,3006.03,19.26,6.8,0,Excellent,Owned,West,Rejected,Non-Default
CUST005929,Male,41,Graduate,Salaried,Divorced,1,57546.0,699.0,1,LN005929,Home,84877.0,24,15.58,4138.83,14.07,12.4,0,Good,Rented,North,Approved,Non-Default
CUST005930,Male,36,Graduate,Salaried,Single,0,154030.0,653.0,1,LN005930,Auto,95083.0,60,12.77,2152.25,10.25,3.6,0,Good,Owned,South,Approved,Non-Default
CUST005931,Male,42,Postgraduate,Salaried,Married,1,40844.0,571.0,2,LN005931,Home,410149.0,60,15.88,9947.89,31.87,1.0,0,Fair,Mortgage,West,Approved,Non-Default
CUST005932,Male,43,Graduate,Salaried,Single,2,56764.0,612.0,2,LN005932,Business,78012.0,24,19.83,3964.01,20.23,14.0,1,Fair,Rented,South,Approved,Non-Default
CUST005933,Male,41,Graduate,Unemployed,Married,3,43670.0,816.0,1,LN005933,Personal,179620.0,36,13.8,6121.55,19.85,6.2,0,Excellent,Mortgage,South,Approved,Non-Default
CUST005934,Female,34,Graduate,Salaried,Married,2,25019.0,681.0,2,LN005934,Personal,242224.0,36,15.02,8399.15,44.79,3.0,2,Good,Mortgage,South,Approved,Non-Default
CUST005935,Male,48,Postgraduate,Self-employed,Married,2,70099.0,703.0,0,LN005935,Home,154465.0,36,15.36,5381.85,14.78,0.7,0,Excellent,Rented,North,Approved,Non-Default
CUST005936,Male,53,High School,Salaried,Married,2,42088.0,707.0,2,LN005936,Home,460971.0,36,14.52,15871.57,57.44,9.7,0,Excellent,Mortgage,North,Approved,Non-Default
CUST005937,Female,49,Graduate,Self-employed,Married,3,68020.0,698.0,2,LN005937,Personal,473196.0,36,15.87,16605.81,30.79,5.5,0,Good,Rented,West,Rejected,Non-Default
CUST005938,Male,43,Graduate,Salaried,Single,0,82369.0,725.0,1,LN005938,Business,1042594.0,24,13.6,49861.16,75.0,8.9,1,Excellent,Rented,East,Approved,Non-Default
CUST005939,Male,26,Graduate,Salaried,Single,0,45255.0,713.0,0,LN005939,Personal,115983.0,12,16.48,10549.6,25.42,9.7,2,Excellent,Owned,North,Approved,Non-Default
CUST005940,Female,26,High School,Salaried,Divorced,0,59666.0,701.0,2,LN005940,Auto,545840.0,60,15.02,12991.23,27.88,13.7,0,Excellent,Owned,North,Approved,Non-Default
CUST005941,Male,42,Postgraduate,Salaried,Married,0,39972.0,663.0,1,LN005941,Personal,83527.0,48,15.54,2347.55,15.45,7.9,0,Good,Owned,South,Approved,Non-Default
CUST005942,Female,36,High School,Salaried,Married,1,54774.0,683.0,1,LN005942,Auto,326062.0,36,15.38,11363.82,24.45,13.3,0,Good,Rented,East,Approved,Non-Default
CUST005943,Female,40,Graduate,Salaried,Single,0,64272.0,675.0,0,LN005943,Auto,113740.0,72,14.67,2384.7,13.64,5.1,0,Good,Rented,North,Approved,Non-Default
CUST005944,Female,43,High School,Salaried,Married,3,78364.0,736.0,1,LN005944,Education,285329.0,48,10.8,7346.79,11.02,9.4,2,Excellent,Owned,East,Approved,Non-Default
CUST005945,Male,50,Graduate,Salaried,Married,3,57161.0,761.0,2,LN005945,Home,441935.0,12,14.47,39777.87,75.0,3.6,1,Excellent,Owned,South,Approved,Non-Default
CUST005946,Male,25,Postgraduate,Salaried,Single,1,34584.0,836.0,1,LN005946,Auto,101056.0,36,11.85,3349.27,14.3,20.9,1,Excellent,Rented,East,Approved,Default
CUST005947,Male,32,Graduate,Salaried,Single,1,23268.0,664.0,0,LN005947,Home,257439.0,12,16.42,23408.86,75.0,6.7,0,Good,Rented,North,Rejected,Default
CUST005948,Male,55,Graduate,Self-employed,Married,0,36328.0,703.0,2,LN005948,Home,80885.0,36,15.12,2808.66,22.12,15.2,1,Excellent,Owned,West,Approved,Non-Default
CUST005949,Male,56,Graduate,Salaried,Single,0,63488.0,638.0,1,LN005949,Personal,306320.0,24,17.34,15195.25,38.18,11.0,2,Fair,Rented,South,Approved,Non-Default
CUST005950,Female,33,Graduate,Salaried,Married,1,96840.0,696.0,0,LN005950,Personal,67149.0,48,15.07,1871.19,5.0,11.6,0,Good,Rented,South,Approved,Non-Default
CUST005951,Male,38,Postgraduate,Unemployed,Single,2,62627.0,538.0,2,LN005951,Personal,204663.0,48,19.0,6119.45,16.76,24.9,0,Poor,Rented,South,Approved,Non-Default
CUST005952,Male,27,Graduate,Self-employed,Divorced,1,136018.0,702.0,0,LN005952,Auto,307009.0,48,14.38,8448.11,10.66,11.4,0,Excellent,Owned,West,Approved,Non-Default
CUST005953,Male,36,High School,Salaried,Divorced,3,64475.0,670.0,0,LN005953,Education,65371.0,60,14.12,1525.14,18.03,0.0,0,Good,Rented,South,Approved,Non-Default
CUST005954,Male,36,High School,Salaried,Single,0,93083.0,606.0,2,LN005954,Personal,190299.0,24,18.67,9562.23,18.64,14.4,1,Fair,Owned,South,Approved,Non-Default
CUST005955,Male,44,Postgraduate,Self-employed,Married,1,30056.0,754.0,0,LN005955,Business,244897.0,36,15.51,8550.73,43.09,2.1,0,Excellent,Rented,West,Approved,Non-Default
CUST005956,Male,30,Graduate,Self-employed,Married,0,51595.0,623.0,1,LN005956,Business,300647.0,24,16.83,14840.12,34.0,0.0,0,Fair,Owned,North,Approved,Non-Default
CUST005957,Female,38,Graduate,Self-employed,Married,1,36253.0,672.0,2,LN005957,Auto,206644.0,12,13.08,18464.64,67.07,3.5,0,Good,Owned,North,Approved,Non-Default
CUST005958,Female,52,Graduate,Salaried,Married,1,50987.0,702.0,0,LN005958,Auto,364425.0,60,16.58,8974.8,28.97,26.2,0,Excellent,Mortgage,North,Approved,Non-Default
CUST005959,Male,42,Postgraduate,Salaried,Married,3,38156.0,589.0,0,LN005959,Education,131038.0,36,15.23,4557.25,30.33,6.6,0,Fair,Rented,East,Approved,Non-Default
CUST005960,Female,26,High School,Self-employed,Married,2,30969.0,783.0,0,LN005960,Personal,332789.0,36,13.72,11328.73,59.77,10.9,1,Excellent,Rented,North,Approved,Non-Default
CUST005961,Female,38,High School,Salaried,Single,0,44859.0,689.0,0,LN005961,Personal,74457.0,48,16.59,2132.7,7.25,11.2,0,Good,Owned,North,Approved,Non-Default
CUST005962,Female,47,High School,Self-employed,Single,1,43572.0,686.0,0,LN005962,Business,89098.0,48,16.78,2560.8,24.94,2.7,0,Good,Owned,West,Approved,Non-Default
CUST005963,Male,49,Postgraduate,Salaried,Married,2,18431.0,619.0,2,LN005963,Personal,50678.0,36,19.23,1863.55,14.41,10.3,0,Fair,Owned,East,Approved,Non-Default
CUST005964,Female,41,High School,Self-employed,Married,3,25115.0,653.0,0,LN005964,Auto,73793.0,24,14.05,3544.76,30.35,28.8,0,Good,Owned,North,Approved,Non-Default
CUST005965,Female,31,High School,Unemployed,Married,1,45440.0,726.0,1,LN005965,Personal,299897.0,24,14.95,14533.88,43.45,0.0,0,Excellent,Rented,West,Approved,Non-Default
CUST005966,Male,39,Graduate,Self-employed,Married,2,88196.0,758.0,2,LN005966,Education,332493.0,60,12.87,7543.13,9.93,12.4,0,Excellent,Mortgage,West,Rejected,Non-Default
CUST005967,Male,40,Postgraduate,Self-employed,Married,3,52314.0,762.0,3,LN005967,Personal,52740.0,48,14.69,1459.52,7.64,13.8,1,Excellent,Owned,South,Approved,Non-Default
CUST005968,Male,50,Postgraduate,Self-employed,Married,2,49748.0,716.0,0,LN005968,Personal,123335.0,24,16.22,6051.84,16.28,7.6,1,Excellent,Mortgage,West,Approved,Non-Default
CUST005969,Female,21,Graduate,Salaried,Single,1,45998.0,687.0,1,LN005969,Home,106687.0,60,13.04,2429.64,20.0,4.4,0,Good,Owned,West,Approved,Non-Default
CUST005970,Male,49,High School,Salaried,Married,1,25956.0,661.0,1,LN005970,Home,129428.0,36,15.74,4533.71,36.65,9.2,1,Good,Owned,North,Approved,Non-Default
CUST005971,Male,40,Graduate,Salaried,Divorced,1,85937.0,719.0,0,LN005971,Personal,206883.0,12,16.33,18802.99,40.26,10.8,0,Excellent,Mortgage,North,Approved,Non-Default
CUST005972,Female,30,High School,Unemployed,Divorced,1,72490.0,660.0,2,LN005972,Personal,200019.0,72,16.36,4378.52,15.59,4.6,0,Good,Owned,South,Rejected,Non-Default
CUST005973,Male,21,Graduate,Self-employed,Married,2,29636.0,581.0,0,LN005973,Personal,98866.0,48,18.74,2942.56,9.58,14.6,1,Fair,Rented,East,Approved,Default
CUST005974,Female,55,Graduate,Unemployed,Single,1,75666.0,575.0,2,LN005974,Education,168131.0,60,15.05,4004.24,7.51,4.9,0,Fair,Owned,North,Approved,Default
CUST005975,Male,29,Graduate,Salaried,Married,0,68393.0,628.0,1,LN005975,Home,195413.0,12,17.01,17823.52,41.67,7.2,0,Fair,Owned,West,Approved,Default
CUST005976,Male,25,High School,Salaried,Divorced,0,86305.0,729.0,2,LN005976,Personal,488356.0,36,18.52,17782.89,30.02,10.4,1,Excellent,Rented,West,Approved,Non-Default
CUST005977,Male,44,High School,Unemployed,Divorced,1,25911.0,589.0,0,LN005977,Education,326747.0,48,15.3,9143.38,46.1,5.8,2,Fair,Owned,South,Approved,Default
CUST005978,Male,54,Graduate,Salaried,Married,0,79616.0,722.0,0,LN005978,Education,163353.0,24,12.77,7748.46,20.31,0.0,0,Excellent,Rented,South,Approved,Non-Default
CUST005979,Female,38,Graduate,Self-employed,Single,2,66222.0,850.0,2,LN005979,Personal,79050.0,60,15.82,1914.79,5.0,2.3,0,Excellent,Owned,North,Approved,Non-Default
CUST005980,Male,27,High School,Salaried,Divorced,2,129689.0,700.0,2,LN005980,Home,213003.0,72,12.87,4261.24,9.35,11.8,1,Excellent,Owned,East,Approved,Non-Default
CUST005981,Male,31,Postgraduate,Unemployed,Divorced,0,79635.0,732.0,1,LN005981,Personal,102038.0,60,14.91,2422.66,5.0,21.5,0,Excellent,Rented,East,Approved,Non-Default
CUST005982,Male,45,High School,Salaried,Single,0,42430.0,850.0,1,LN005982,Personal,84574.0,60,15.17,2019.56,19.63,5.3,0,Excellent,Owned,North,Approved,Non-Default
CUST005983,Male,29,Postgraduate,Salaried,Single,2,75356.0,739.0,2,LN005983,Personal,166755.0,72,14.05,3440.58,14.2,15.5,0,Excellent,Rented,South,Rejected,Non-Default
CUST005984,Male,54,Graduate,Unemployed,Married,0,57787.0,682.0,2,LN005984,Auto,215628.0,60,14.26,5046.4,27.14,0.0,1,Good,Owned,South,Approved,Non-Default
CUST005985,Female,36,Graduate,Salaried,Single,3,58866.0,723.0,2,LN005985,Personal,218513.0,60,16.58,5381.39,22.86,11.5,0,Excellent,Rented,South,Approved,Non-Default
CUST005986,Male,70,Postgraduate,Salaried,Married,3,80554.0,658.0,3,LN005986,Auto,139078.0,60,13.33,3188.0,18.86,10.4,0,Good,Owned,West,Approved,Non-Default
CUST005987,Female,41,Graduate,Salaried,Single,2,58360.0,682.0,2,LN005987,Auto,428374.0,24,15.25,20821.34,49.39,11.0,0,Good,Owned,North,Approved,Non-Default
CUST005988,Female,43,,Salaried,Married,1,44423.0,551.0,1,LN005988,Home,330950.0,36,18.77,12092.86,36.77,12.0,0,Fair,Rented,West,Approved,Non-Default
CUST005989,Female,50,Graduate,Salaried,Divorced,1,125817.0,656.0,1,LN005989,Home,321818.0,48,14.52,8878.33,19.87,2.6,0,Good,Mortgage,West,Approved,Non-Default
CUST005990,Female,33,Graduate,Self-employed,Married,0,98699.0,731.0,1,LN005990,Personal,130680.0,60,16.68,3225.29,15.08,12.9,0,Excellent,Rented,North,Approved,Non-Default
CUST005991,Male,30,Graduate,Salaried,Married,1,29801.0,651.0,3,LN005991,Home,313432.0,24,15.78,15313.68,66.85,14.7,0,Good,Mortgage,East,Approved,Non-Default
CUST005992,Female,49,Graduate,Self-employed,Single,0,79588.0,807.0,0,LN005992,Auto,138254.0,24,12.03,6510.03,24.67,2.8,1,Excellent,Mortgage,North,Approved,Non-Default
CUST005993,Female,25,Graduate,Salaried,Married,2,77000.0,726.0,0,LN005993,Home,101833.0,36,14.24,3492.29,12.99,0.3,1,Excellent,Rented,East,Rejected,Non-Default
CUST005994,Male,50,Graduate,Salaried,Married,0,48124.0,688.0,2,LN005994,Home,461896.0,48,14.86,12822.16,36.34,12.6,1,Good,Owned,East,Approved,Non-Default
CUST005995,Female,22,Graduate,Unemployed,Single,2,83163.0,767.0,0,LN005995,Auto,315229.0,12,13.37,28210.15,44.42,10.1,0,Excellent,Rented,South,Approved,Non-Default
CUST005996,Female,58,Graduate,Salaried,Married,1,59842.0,749.0,0,LN005996,Personal,202346.0,60,13.78,4685.19,26.98,7.7,0,Excellent,Owned,West,Approved,Default
CUST005997,Male,42,Postgraduate,Self-employed,Married,0,79258.0,667.0,1,LN005997,Personal,269745.0,48,14.4,7425.42,34.01,4.2,0,Good,Owned,South,Approved,Non-Default
CUST005998,Female,27,High School,Salaried,Single,3,98896.0,629.0,1,LN005998,Home,167067.0,12,14.95,15075.24,21.77,16.3,1,Fair,Rented,West,Approved,Non-Default
CUST005999,Female,44,Graduate,Salaried,Married,2,54454.0,710.0,2,LN005999,Business,175984.0,36,16.46,6227.12,19.53,19.5,0,Excellent,Mortgage,South,Approved,Non-Default
CUST006000,Female,56,Graduate,Salaried,Married,1,44528.0,604.0,1,LN006000,Home,65208.0,24,16.89,3220.59,21.1,6.1,3,Fair,Rented,South,Rejected,Non-Default
